run_id,dataset,labels,method,seed,fl.lr,suites,test_macro_f1,test_accuracy,test_balanced_accuracy,test_weighted_f1,test_tail_recall,test_worst_client_f1_p10,test_mean_client_f1,test_per_class_recall,test_n_test,prof_params,prof_flops_per_sample,prof_latency_ms_b1,prof_latency_ms_b1024,prof_train_time_s,prof_wall_time_s,prof_comm_up_MB,prof_peak_rss_mb,prof_peak_vram_mb,best_round,best_val_macro_f1,class_names,train_class_counts,method.prox_mu,method.tau,method.fedrs_alpha,method.beta,federation.alpha,federation.n_clients,fl.participation
884a218caf93,ciciot2023,fine,fedavg,100,0.01,tune_lr,0.5153537135453431,0.7450856497489963,0.5250221181111101,0.7209281581141366,0.08975047204618265,0.3742906874724983,0.5895628783241204,"[0.96968787515006, 0.432216108054027, 0.2254127063531766, 0.9501750875437719, 0.9261630815407704, 0.9936962177306384, 0.7757654592755654, 0.9752183406113537, 0.9291044776119403, 0.9804902451225613, 0.7542262678803641, 0.30486486486486486, 0.30355177588794396, 0.9126475885531319, 0.6561968590577173, 0.7310996563573883, 0.7564269280784235, 0.9808923569427771, 0.9215686274509803, 0.0, 0.17148241206030151, 0.0, 0.6530442035029191, 0.6401933701657458, 0.2199623995898137, 0.8690607182154646, 0.7640764076407641, 0.0, 0.0, 0.0, 0.0, 0.0, 0.0, 0.0535279805352798]",200993,56290,109824,1.1139121950009212,1.0983018699994318,297.14191651799865,298.6885643005371,112.58,1518.11328125,287.26953125,35,0.5177056187351755,"[""DDoS-RSTFINFlood"", ""DDoS-PSHACK_Flood"", ""DDoS-SYN_Flood"", ""DDoS-UDP_Flood"", ""DDoS-TCP_Flood"", ""DDoS-ICMP_Flood"", ""DDoS-SynonymousIP_Flood"", ""DDoS-ACK_Fragmentation"", ""DDoS-UDP_Fragmentation"", ""DDoS-ICMP_Fragmentation"", ""DDoS-SlowLoris"", ""DDoS-HTTP_Flood"", ""DoS-UDP_Flood"", ""DoS-SYN_Flood"", ""DoS-TCP_Flood"", ""DoS-HTTP_Flood"", ""Mirai-greeth_flood"", ""Mirai-greip_flood"", ""Mirai-udpplain"", ""Recon-PingSweep"", ""Recon-OSScan"", ""Recon-PortScan"", ""VulnerabilityScan"", ""Recon-HostDiscovery"", ""DNS_Spoofing"", ""MITM-ArpSpoofing"", ""BenignTraffic"", ""BrowserHijacking"", ""Backdoor_Malware"", ""XSS"", ""Uploading_Attack"", ""SqlInjection"", ""CommandInjection"", ""DictionaryBruteForce""]","[35009, 35010, 35009, 35012, 35011, 35012, 35012, 32099, 32855, 35011, 2716, 3254, 35011, 35010, 35006, 8180, 35006, 35008, 35006, 242, 11161, 9331, 4210, 15216, 20504, 35006, 35003, 650, 398, 418, 145, 605, 595, 1442]",,,,,,,
12e09f4f63bc,ciciot2023,fine,fedavg,100,0.05,tune_lr,0.4866807261691102,0.6926659137382893,0.506843023901799,0.6600280397556252,0.09565091749747147,0.4374099671542089,0.6123676973144051,"[0.7303921568627451, 0.8479239619809905, 0.23091545772886443, 0.9952976488244122, 0.7858929464732366, 0.9956974184510706, 0.878727236341805, 0.8720524017467249, 0.9808102345415778, 0.9606803401700851, 0.8608582574772432, 0.41405405405405404, 0.2591295647823912, 0.8280968581148689, 0.3204961488446534, 0.8062714776632303, 0.016504951485445635, 0.9610844337735094, 0.7906162464985994, 0.0, 0.46042713567839194, 0.0, 0.5788156797331109, 0.6873848987108656, 0.41069902580755424, 0.8914674402320696, 0.6683668366836684, 0.0, 0.0, 0.0, 0.0, 0.0, 0.0, 0.0]",200993,56290,109824,1.1316281249992244,1.1487396949996764,298.13023105199863,299.69229650497437,112.58,1517.0546875,287.26953125,50,0.48753339514820054,"[""DDoS-RSTFINFlood"", ""DDoS-PSHACK_Flood"", ""DDoS-SYN_Flood"", ""DDoS-UDP_Flood"", ""DDoS-TCP_Flood"", ""DDoS-ICMP_Flood"", ""DDoS-SynonymousIP_Flood"", ""DDoS-ACK_Fragmentation"", ""DDoS-UDP_Fragmentation"", ""DDoS-ICMP_Fragmentation"", ""DDoS-SlowLoris"", ""DDoS-HTTP_Flood"", ""DoS-UDP_Flood"", ""DoS-SYN_Flood"", ""DoS-TCP_Flood"", ""DoS-HTTP_Flood"", ""Mirai-greeth_flood"", ""Mirai-greip_flood"", ""Mirai-udpplain"", ""Recon-PingSweep"", ""Recon-OSScan"", ""Recon-PortScan"", ""VulnerabilityScan"", ""Recon-HostDiscovery"", ""DNS_Spoofing"", ""MITM-ArpSpoofing"", ""BenignTraffic"", ""BrowserHijacking"", ""Backdoor_Malware"", ""XSS"", ""Uploading_Attack"", ""SqlInjection"", ""CommandInjection"", ""DictionaryBruteForce""]","[35009, 35010, 35009, 35012, 35011, 35012, 35012, 32099, 32855, 35011, 2716, 3254, 35011, 35010, 35006, 8180, 35006, 35008, 35006, 242, 11161, 9331, 4210, 15216, 20504, 35006, 35003, 650, 398, 418, 145, 605, 595, 1442]",,,,,,,
8516c014b0db,ciciot2023,fine,fedavg,100,0.1,tune_lr,0.43733199708281023,0.630897593448528,0.4630184881267543,0.6041111251017122,0.08221355295477532,0.42072853769578955,0.5753336904133638,"[0.15766306522609044, 0.7682841420710356, 0.13206603301650827, 0.9972986493246623, 0.7581790895447724, 0.9940964578747248, 0.5948569141484891, 0.7501091703056768, 0.9864605543710021, 0.928864432216108, 0.7399219765929779, 0.38594594594594595, 0.2510255127563782, 0.8790274164498699, 0.36320896268880665, 0.7637457044673539, 0.0030009002700810243, 0.9622849139655862, 0.6973789515806322, 0.0, 0.47173366834170855, 0.0, 0.4662218515429525, 0.6012891344383057, 0.5836609126645018, 0.7680304091227368, 0.7382738273827383, 0.0, 0.0, 0.0, 0.0, 0.0, 0.0, 0.0]",200993,56290,109824,1.10476546999962,1.1650184599989188,298.5188021250001,300.0812578201294,112.58,1517.59375,287.26953125,50,0.43641044033104076,"[""DDoS-RSTFINFlood"", ""DDoS-PSHACK_Flood"", ""DDoS-SYN_Flood"", ""DDoS-UDP_Flood"", ""DDoS-TCP_Flood"", ""DDoS-ICMP_Flood"", ""DDoS-SynonymousIP_Flood"", ""DDoS-ACK_Fragmentation"", ""DDoS-UDP_Fragmentation"", ""DDoS-ICMP_Fragmentation"", ""DDoS-SlowLoris"", ""DDoS-HTTP_Flood"", ""DoS-UDP_Flood"", ""DoS-SYN_Flood"", ""DoS-TCP_Flood"", ""DoS-HTTP_Flood"", ""Mirai-greeth_flood"", ""Mirai-greip_flood"", ""Mirai-udpplain"", ""Recon-PingSweep"", ""Recon-OSScan"", ""Recon-PortScan"", ""VulnerabilityScan"", ""Recon-HostDiscovery"", ""DNS_Spoofing"", ""MITM-ArpSpoofing"", ""BenignTraffic"", ""BrowserHijacking"", ""Backdoor_Malware"", ""XSS"", ""Uploading_Attack"", ""SqlInjection"", ""CommandInjection"", ""DictionaryBruteForce""]","[35009, 35010, 35009, 35012, 35011, 35012, 35012, 32099, 32855, 35011, 2716, 3254, 35011, 35010, 35006, 8180, 35006, 35008, 35006, 242, 11161, 9331, 4210, 15216, 20504, 35006, 35003, 650, 398, 418, 145, 605, 595, 1442]",,,,,,,
14698f926143,edgeiiot,fine,fedavg,100,0.01,tune_lr,0.6735227885727709,0.7934677193123071,0.6712981290989758,0.7597717822665877,0.3678584962737488,0.5277629607478429,0.7143083093093509,"[0.9994498624656164, 0.9998499624906226, 0.6151524075982918, 0.9999000899190729, 0.05182895414734673, 0.5106299212598425, 0.8421926910299004, 0.5703995650992117, 0.965222823823407, 0.9430031052789742, 0.203205791106515, 0.9498997995991983, 0.9927014597080583, 0.4260355029585799, 0.0]",124765,67599,132480,1.1233162399980756,1.1279114350008967,193.24049024500118,194.79589104652405,135.198,1551.0859375,329.85791015625,40,0.6725540785593573,"[""Normal"", ""DDoS_UDP"", ""DDoS_ICMP"", ""DDoS_TCP"", ""DDoS_HTTP"", ""SQL_injection"", ""XSS"", ""Uploading"", ""Backdoor"", ""Password"", ""Ransomware"", ""Port_Scanning"", ""Vulnerability_scanner"", ""Fingerprinting"", ""MITM""]","[70011, 70010, 47569, 35051, 33987, 35589, 10553, 25772, 16825, 34961, 6790, 13991, 35024, 600, 255]",,,,,,,
2ee75668c354,edgeiiot,fine,fedavg,100,0.05,tune_lr,0.7122711750653821,0.7564300885665051,0.688851439051786,0.7574332304590637,0.4451574676794558,0.5552195025484614,0.7003696306820907,"[0.8924731182795699, 0.5487871967991999, 0.9279193049624503, 0.9999000899190729, 0.3019062339000515, 0.7288385826771654, 0.7, 0.2786083174775754, 0.9408579758433986, 0.981668837022939, 0.16184074457083764, 0.9646793587174348, 0.9865026994601079, 0.4260355029585799, 0.4927536231884058]",124765,67599,132480,1.1695906399995692,1.243811115000426,195.64086153299968,197.27657437324524,135.198,1550.35546875,329.85791015625,40,0.7084002204923188,"[""Normal"", ""DDoS_UDP"", ""DDoS_ICMP"", ""DDoS_TCP"", ""DDoS_HTTP"", ""SQL_injection"", ""XSS"", ""Uploading"", ""Backdoor"", ""Password"", ""Ransomware"", ""Port_Scanning"", ""Vulnerability_scanner"", ""Fingerprinting"", ""MITM""]","[70011, 70010, 47569, 35051, 33987, 35589, 10553, 25772, 16825, 34961, 6790, 13991, 35024, 600, 255]",,,,,,,
a45faa973fa4,edgeiiot,fine,fedavg,100,0.1,tune_lr,0.5784306125683971,0.7251552919488639,0.6018326360066428,0.6613731551073371,0.43708432942702213,0.4698289574368934,0.7016932911073028,"[0.9998499624906226, 0.9746436609152288, 0.9436018259461051, 0.9931062044160256, 0.0512107161257084, 0.8834645669291339, 0.959468438538206, 0.09989127480293558, 0.978134110787172, 0.0034057898427326456, 0.0, 0.529308617234469, 0.8225354929014197, 0.16568047337278108, 0.6231884057971014]",124765,67599,132480,1.2928975699992407,1.1567706549999457,192.03298489100007,193.70675802230835,135.198,1550.890625,329.85791015625,50,0.5805593533185461,"[""Normal"", ""DDoS_UDP"", ""DDoS_ICMP"", ""DDoS_TCP"", ""DDoS_HTTP"", ""SQL_injection"", ""XSS"", ""Uploading"", ""Backdoor"", ""Password"", ""Ransomware"", ""Port_Scanning"", ""Vulnerability_scanner"", ""Fingerprinting"", ""MITM""]","[70011, 70010, 47569, 35051, 33987, 35589, 10553, 25772, 16825, 34961, 6790, 13991, 35024, 600, 255]",,,,,,,
245f31b82d4c,ciciot2023,fine,fedprox,100,,tune_methods,0.47664311198184206,0.6858796077475335,0.5034610722623408,0.6538593491102179,0.0955064297066898,0.4471812304764988,0.6107780482108762,"[0.5763305322128851, 0.8906453226613307, 0.23101550775387694, 0.9977988994497249, 0.824712356178089, 0.9958975385231139, 0.7717630578347008, 0.8432314410480349, 0.9622601279317697, 0.9632816408204102, 0.8595578673602081, 0.41405405405405404, 0.2532266133066533, 0.9127476485891535, 0.29028708612583776, 0.8256013745704467, 0.017705311593478042, 0.9698879551820728, 0.8245298119247699, 0.0, 0.45445979899497485, 0.0, 0.6246872393661385, 0.7078729281767956, 0.32267988378055035, 0.9205761728518556, 0.6628662866286629, 0.0, 0.0, 0.0, 0.0, 0.0, 0.0, 0.0]",200993,56290,109824,1.2910366400001294,1.1183241150001777,517.14028504,518.8480801582336,112.58,1553.94921875,287.26953125,50,0.4773183247931172,"[""DDoS-RSTFINFlood"", ""DDoS-PSHACK_Flood"", ""DDoS-SYN_Flood"", ""DDoS-UDP_Flood"", ""DDoS-TCP_Flood"", ""DDoS-ICMP_Flood"", ""DDoS-SynonymousIP_Flood"", ""DDoS-ACK_Fragmentation"", ""DDoS-UDP_Fragmentation"", ""DDoS-ICMP_Fragmentation"", ""DDoS-SlowLoris"", ""DDoS-HTTP_Flood"", ""DoS-UDP_Flood"", ""DoS-SYN_Flood"", ""DoS-TCP_Flood"", ""DoS-HTTP_Flood"", ""Mirai-greeth_flood"", ""Mirai-greip_flood"", ""Mirai-udpplain"", ""Recon-PingSweep"", ""Recon-OSScan"", ""Recon-PortScan"", ""VulnerabilityScan"", ""Recon-HostDiscovery"", ""DNS_Spoofing"", ""MITM-ArpSpoofing"", ""BenignTraffic"", ""BrowserHijacking"", ""Backdoor_Malware"", ""XSS"", ""Uploading_Attack"", ""SqlInjection"", ""CommandInjection"", ""DictionaryBruteForce""]","[35009, 35010, 35009, 35012, 35011, 35012, 35012, 32099, 32855, 35011, 2716, 3254, 35011, 35010, 35006, 8180, 35006, 35008, 35006, 242, 11161, 9331, 4210, 15216, 20504, 35006, 35003, 650, 398, 418, 145, 605, 595, 1442]",0.001,,,,,,
06faa5e92c2b,ciciot2023,fine,fedprox,100,,tune_methods,0.48998427544150214,0.7031637917738429,0.5103964762433124,0.6690546845444562,0.0970308186473036,0.426729223389619,0.6039732070553547,"[0.8484393757503002, 0.9040520260130065, 0.224112056028014, 0.9966983491745873, 0.8818409204602301, 0.9960976585951571, 0.6471883129877927, 0.873471615720524, 0.9512793176972282, 0.9637818909454727, 0.8673602080624188, 0.40864864864864864, 0.2545272636318159, 0.8809285571342805, 0.5651695508652596, 0.7942439862542955, 0.00040012003601080324, 0.9774909963985594, 0.8222288915566226, 0.0, 0.2961683417085427, 0.0, 0.7014178482068391, 0.6625230202578268, 0.246453597675611, 0.9108732619785935, 0.6721672167216721, 0.0, 0.0, 0.0, 0.0, 0.005917159763313609, 0.0, 0.0]",200993,56290,109824,1.5127003600014177,1.460900249999213,527.9715486219998,529.9194085597992,112.58,1556.16796875,287.26953125,50,0.4912089166783711,"[""DDoS-RSTFINFlood"", ""DDoS-PSHACK_Flood"", ""DDoS-SYN_Flood"", ""DDoS-UDP_Flood"", ""DDoS-TCP_Flood"", ""DDoS-ICMP_Flood"", ""DDoS-SynonymousIP_Flood"", ""DDoS-ACK_Fragmentation"", ""DDoS-UDP_Fragmentation"", ""DDoS-ICMP_Fragmentation"", ""DDoS-SlowLoris"", ""DDoS-HTTP_Flood"", ""DoS-UDP_Flood"", ""DoS-SYN_Flood"", ""DoS-TCP_Flood"", ""DoS-HTTP_Flood"", ""Mirai-greeth_flood"", ""Mirai-greip_flood"", ""Mirai-udpplain"", ""Recon-PingSweep"", ""Recon-OSScan"", ""Recon-PortScan"", ""VulnerabilityScan"", ""Recon-HostDiscovery"", ""DNS_Spoofing"", ""MITM-ArpSpoofing"", ""BenignTraffic"", ""BrowserHijacking"", ""Backdoor_Malware"", ""XSS"", ""Uploading_Attack"", ""SqlInjection"", ""CommandInjection"", ""DictionaryBruteForce""]","[35009, 35010, 35009, 35012, 35011, 35012, 35012, 32099, 32855, 35011, 2716, 3254, 35011, 35010, 35006, 8180, 35006, 35008, 35006, 242, 11161, 9331, 4210, 15216, 20504, 35006, 35003, 650, 398, 418, 145, 605, 595, 1442]",0.01,,,,,,
760811b16c64,ciciot2023,fine,fedprox,100,,tune_methods,0.46600401327578217,0.6808943595050574,0.487706862428647,0.6447098044598958,0.08640369888744401,0.4120547702196973,0.6009481304362074,"[0.8212284913965586, 0.8120060030015007, 0.22781390695347672, 0.9963981990995497, 0.9692846423211606, 0.9925955573344006, 0.7842705623374024, 0.8994541484716158, 0.8926439232409382, 0.9585792896448224, 0.7776332899869961, 0.43135135135135133, 0.2096048024012006, 0.7296377826696018, 0.21816544963489046, 0.7762027491408935, 0.15424627388216464, 0.9725890356142457, 0.7915166066426571, 0.0, 0.10270100502512562, 0.0, 0.6638865721434529, 0.524171270718232, 0.2531191249359084, 0.8549564869460838, 0.767976797679768, 0.0, 0.0, 0.0, 0.0, 0.0, 0.0, 0.0]",200993,56290,109824,1.246995374999642,1.179582060001394,529.2943104970022,531.0191533565521,112.58,1555.6484375,287.26953125,50,0.46525750734054583,"[""DDoS-RSTFINFlood"", ""DDoS-PSHACK_Flood"", ""DDoS-SYN_Flood"", ""DDoS-UDP_Flood"", ""DDoS-TCP_Flood"", ""DDoS-ICMP_Flood"", ""DDoS-SynonymousIP_Flood"", ""DDoS-ACK_Fragmentation"", ""DDoS-UDP_Fragmentation"", ""DDoS-ICMP_Fragmentation"", ""DDoS-SlowLoris"", ""DDoS-HTTP_Flood"", ""DoS-UDP_Flood"", ""DoS-SYN_Flood"", ""DoS-TCP_Flood"", ""DoS-HTTP_Flood"", ""Mirai-greeth_flood"", ""Mirai-greip_flood"", ""Mirai-udpplain"", ""Recon-PingSweep"", ""Recon-OSScan"", ""Recon-PortScan"", ""VulnerabilityScan"", ""Recon-HostDiscovery"", ""DNS_Spoofing"", ""MITM-ArpSpoofing"", ""BenignTraffic"", ""BrowserHijacking"", ""Backdoor_Malware"", ""XSS"", ""Uploading_Attack"", ""SqlInjection"", ""CommandInjection"", ""DictionaryBruteForce""]","[35009, 35010, 35009, 35012, 35011, 35012, 35012, 32099, 32855, 35011, 2716, 3254, 35011, 35010, 35006, 8180, 35006, 35008, 35006, 242, 11161, 9331, 4210, 15216, 20504, 35006, 35003, 650, 398, 418, 145, 605, 595, 1442]",0.1,,,,,,
74d43b0f9ad2,edgeiiot,fine,fedprox,100,,tune_methods,0.7051578356642944,0.7976034945697912,0.6906729536321465,0.7663101726767038,0.41197316805554435,0.5234263630038594,0.7017827008841888,"[0.927231807951988, 0.901375343835959, 0.9525106758945663, 0.9999000899190729, 0.08212261720762494, 0.7499015748031496, 0.4930232558139535, 0.24028268551236748, 0.9808413161182841, 0.9546228588600622, 0.17425025853154086, 0.9306112224448898, 0.9928014397120576, 0.47337278106508873, 0.5072463768115942]",124765,67599,132480,1.578106750000643,1.5798918249993221,318.6762807459995,320.44927859306335,135.198,1584.38671875,329.85791015625,40,0.7070903668733296,"[""Normal"", ""DDoS_UDP"", ""DDoS_ICMP"", ""DDoS_TCP"", ""DDoS_HTTP"", ""SQL_injection"", ""XSS"", ""Uploading"", ""Backdoor"", ""Password"", ""Ransomware"", ""Port_Scanning"", ""Vulnerability_scanner"", ""Fingerprinting"", ""MITM""]","[70011, 70010, 47569, 35051, 33987, 35589, 10553, 25772, 16825, 34961, 6790, 13991, 35024, 600, 255]",0.001,,,,,,
b78bb5b454a1,edgeiiot,fine,fedprox,100,,tune_methods,0.7219856254172655,0.7287219973550274,0.7025222646385133,0.7404373292407044,0.5790420564270717,0.6227515899104372,0.740440785727081,"[0.8482120530132533, 0.7754938734683671, 0.39419820350463847, 0.9999000899190729, 0.3104585265327151, 0.6756889763779528, 0.8122923588039868, 0.42851318293014407, 0.9454394002498959, 0.895121706901733, 0.17011375387797312, 0.9679358717434869, 0.9807038592281544, 0.44970414201183434, 0.8840579710144928]",124765,67599,132480,1.5616948950014375,1.628509130000566,314.98245737000025,316.83613419532776,135.198,1584.47265625,329.85791015625,40,0.7229822820122549,"[""Normal"", ""DDoS_UDP"", ""DDoS_ICMP"", ""DDoS_TCP"", ""DDoS_HTTP"", ""SQL_injection"", ""XSS"", ""Uploading"", ""Backdoor"", ""Password"", ""Ransomware"", ""Port_Scanning"", ""Vulnerability_scanner"", ""Fingerprinting"", ""MITM""]","[70011, 70010, 47569, 35051, 33987, 35589, 10553, 25772, 16825, 34961, 6790, 13991, 35024, 600, 255]",0.01,,,,,,
4b0eed3fef96,edgeiiot,fine,fedprox,100,,tune_methods,0.6454110259028312,0.7413537450406765,0.6672075267968539,0.7152752610333698,0.5262122317066895,0.5442969317372433,0.739972233168369,"[0.8418104526131532, 0.9544886221555389, 0.922029156236195, 0.9935058447397342, 0.02534775888717156, 0.9886811023622047, 0.9664451827242525, 0.13427561837455831, 0.978134110787172, 0.4761093859561254, 0.12150982419855222, 0.9544088176352705, 0.6344731053789242, 0.11834319526627218, 0.8985507246376812]",124765,67599,132480,1.6221156350002275,1.6071624450000854,316.3450942910017,318.16909551620483,135.198,1586.8125,329.85791015625,35,0.6468270548862226,"[""Normal"", ""DDoS_UDP"", ""DDoS_ICMP"", ""DDoS_TCP"", ""DDoS_HTTP"", ""SQL_injection"", ""XSS"", ""Uploading"", ""Backdoor"", ""Password"", ""Ransomware"", ""Port_Scanning"", ""Vulnerability_scanner"", ""Fingerprinting"", ""MITM""]","[70011, 70010, 47569, 35051, 33987, 35589, 10553, 25772, 16825, 34961, 6790, 13991, 35024, 600, 255]",0.1,,,,,,
1ff2e6a80eff,ciciot2023,fine,fedlc,100,,tune_methods,0.39070660026735843,0.598896478981855,0.42175100557534306,0.5450893962712378,0.0219621441988152,0.3203185455968584,0.4969218358818034,"[0.23299319727891157, 0.37038519259629815, 0.7080540270135067, 0.9625812906453226, 0.0, 0.9895937562537522, 0.4544726836101661, 0.8877729257641921, 0.2007462686567164, 0.961480740370185, 0.1976592977893368, 0.534054054054054, 0.05582791395697849, 0.8398038823293976, 0.9787936380914274, 0.570446735395189, 0.479443833149945, 0.95578231292517, 0.9857943177270908, 0.0, 0.0, 0.0033809166040570998, 0.8448707256046706, 0.6355893186003683, 0.0008545547769612033, 0.5184555366609983, 0.9706970697069707, 0.0, 0.0, 0.0, 0.0, 0.0, 0.0, 0.0]",200993,56290,109824,1.2630335600010767,1.1468999549992986,332.1458859049999,333.9255154132843,112.58,1554.10546875,287.26953125,15,0.3901909673370427,"[""DDoS-RSTFINFlood"", ""DDoS-PSHACK_Flood"", ""DDoS-SYN_Flood"", ""DDoS-UDP_Flood"", ""DDoS-TCP_Flood"", ""DDoS-ICMP_Flood"", ""DDoS-SynonymousIP_Flood"", ""DDoS-ACK_Fragmentation"", ""DDoS-UDP_Fragmentation"", ""DDoS-ICMP_Fragmentation"", ""DDoS-SlowLoris"", ""DDoS-HTTP_Flood"", ""DoS-UDP_Flood"", ""DoS-SYN_Flood"", ""DoS-TCP_Flood"", ""DoS-HTTP_Flood"", ""Mirai-greeth_flood"", ""Mirai-greip_flood"", ""Mirai-udpplain"", ""Recon-PingSweep"", ""Recon-OSScan"", ""Recon-PortScan"", ""VulnerabilityScan"", ""Recon-HostDiscovery"", ""DNS_Spoofing"", ""MITM-ArpSpoofing"", ""BenignTraffic"", ""BrowserHijacking"", ""Backdoor_Malware"", ""XSS"", ""Uploading_Attack"", ""SqlInjection"", ""CommandInjection"", ""DictionaryBruteForce""]","[35009, 35010, 35009, 35012, 35011, 35012, 35012, 32099, 32855, 35011, 2716, 3254, 35011, 35010, 35006, 8180, 35006, 35008, 35006, 242, 11161, 9331, 4210, 15216, 20504, 35006, 35003, 650, 398, 418, 145, 605, 595, 1442]",,0.1,,,,,
121297cf743a,ciciot2023,fine,fedlc,100,,tune_methods,0.3920347729113107,0.5997572054748175,0.42309907686872383,0.5459983400982534,0.023984973269758705,0.3197874485559123,0.48453076369989345,"[0.17096838735494196, 0.3712856428214107, 0.7011505752876438, 0.9616808404202101, 0.0, 0.9878927356413848, 0.49869921953171903, 0.890938864628821, 0.191044776119403, 0.9609804902451226, 0.21586475942782835, 0.4918918918918919, 0.06293146573286644, 0.8501100660396238, 0.9818945683705111, 0.6035223367697594, 0.7501250375112534, 0.6891756702681072, 0.9860944377751101, 0.0, 0.0, 0.003005259203606311, 0.8673894912427023, 0.6447974217311234, 0.001367287643137925, 0.5356606982094628, 0.9668966896689669, 0.0, 0.0, 0.0, 0.0, 0.0, 0.0, 0.0]",200993,56290,109824,1.537935500000458,1.1156161600001724,330.76230240500036,332.54311537742615,112.58,1554.08984375,287.26953125,15,0.39197455237875195,"[""DDoS-RSTFINFlood"", ""DDoS-PSHACK_Flood"", ""DDoS-SYN_Flood"", ""DDoS-UDP_Flood"", ""DDoS-TCP_Flood"", ""DDoS-ICMP_Flood"", ""DDoS-SynonymousIP_Flood"", ""DDoS-ACK_Fragmentation"", ""DDoS-UDP_Fragmentation"", ""DDoS-ICMP_Fragmentation"", ""DDoS-SlowLoris"", ""DDoS-HTTP_Flood"", ""DoS-UDP_Flood"", ""DoS-SYN_Flood"", ""DoS-TCP_Flood"", ""DoS-HTTP_Flood"", ""Mirai-greeth_flood"", ""Mirai-greip_flood"", ""Mirai-udpplain"", ""Recon-PingSweep"", ""Recon-OSScan"", ""Recon-PortScan"", ""VulnerabilityScan"", ""Recon-HostDiscovery"", ""DNS_Spoofing"", ""MITM-ArpSpoofing"", ""BenignTraffic"", ""BrowserHijacking"", ""Backdoor_Malware"", ""XSS"", ""Uploading_Attack"", ""SqlInjection"", ""CommandInjection"", ""DictionaryBruteForce""]","[35009, 35010, 35009, 35012, 35011, 35012, 35012, 32099, 32855, 35011, 2716, 3254, 35011, 35010, 35006, 8180, 35006, 35008, 35006, 242, 11161, 9331, 4210, 15216, 20504, 35006, 35003, 650, 398, 418, 145, 605, 595, 1442]",,0.5,,,,,
49745b37711b,ciciot2023,fine,fedlc,100,,tune_methods,0.3884313517870956,0.5981153572512475,0.4205740551333811,0.5416008183517954,0.021239705244906804,0.316234270594211,0.48954027515615284,"[0.1448579431772709, 0.37548774387193595, 0.695647823911956, 0.9619809904952477, 0.0, 0.9873924354612768, 0.4871923153892335, 0.9060043668122271, 0.19168443496801707, 0.9626813406703352, 0.19115734720416125, 0.49945945945945946, 0.0624312156078039, 0.8431058635181109, 0.981594478343503, 0.570446735395189, 0.6821046313894168, 0.7468987595038015, 0.9834933973589436, 0.0, 0.0, 0.0018782870022539444, 0.8306922435362802, 0.680939226519337, 0.0010254657323534439, 0.5511653496048815, 0.9601960196019602, 0.0, 0.0, 0.0, 0.0, 0.0, 0.0, 0.0]",200993,56290,109824,1.1370234249989153,1.1258392049990107,330.52763821299914,332.2185261249542,112.58,1553.71875,287.26953125,15,0.38980719519997226,"[""DDoS-RSTFINFlood"", ""DDoS-PSHACK_Flood"", ""DDoS-SYN_Flood"", ""DDoS-UDP_Flood"", ""DDoS-TCP_Flood"", ""DDoS-ICMP_Flood"", ""DDoS-SynonymousIP_Flood"", ""DDoS-ACK_Fragmentation"", ""DDoS-UDP_Fragmentation"", ""DDoS-ICMP_Fragmentation"", ""DDoS-SlowLoris"", ""DDoS-HTTP_Flood"", ""DoS-UDP_Flood"", ""DoS-SYN_Flood"", ""DoS-TCP_Flood"", ""DoS-HTTP_Flood"", ""Mirai-greeth_flood"", ""Mirai-greip_flood"", ""Mirai-udpplain"", ""Recon-PingSweep"", ""Recon-OSScan"", ""Recon-PortScan"", ""VulnerabilityScan"", ""Recon-HostDiscovery"", ""DNS_Spoofing"", ""MITM-ArpSpoofing"", ""BenignTraffic"", ""BrowserHijacking"", ""Backdoor_Malware"", ""XSS"", ""Uploading_Attack"", ""SqlInjection"", ""CommandInjection"", ""DictionaryBruteForce""]","[35009, 35010, 35009, 35012, 35011, 35012, 35012, 32099, 32855, 35011, 2716, 3254, 35011, 35010, 35006, 8180, 35006, 35008, 35006, 242, 11161, 9331, 4210, 15216, 20504, 35006, 35003, 650, 398, 418, 145, 605, 595, 1442]",,1.0,,,,,
2cf27b19547f,edgeiiot,fine,fedlc,100,,tune_methods,0.558749297253846,0.5384522903057749,0.598205654289903,0.5366227701752083,0.5849771529691706,0.6114116643017335,0.6820078126508105,"[0.25971492873218305, 0.5169792448112028, 0.5508761596230305, 0.7120591467679089, 0.22143225141679546, 0.9986220472440945, 0.8109634551495016, 0.2193530850774667, 0.963765097875885, 0.2436141440448763, 0.000517063081695967, 0.999749498997996, 0.947010597880424, 0.6153846153846154, 0.9130434782608695]",124765,67599,132480,1.2951400050019402,1.2418770500016763,201.5712462180004,203.24442219734192,135.198,1585.79296875,329.85791015625,50,0.5576092474037752,"[""Normal"", ""DDoS_UDP"", ""DDoS_ICMP"", ""DDoS_TCP"", ""DDoS_HTTP"", ""SQL_injection"", ""XSS"", ""Uploading"", ""Backdoor"", ""Password"", ""Ransomware"", ""Port_Scanning"", ""Vulnerability_scanner"", ""Fingerprinting"", ""MITM""]","[70011, 70010, 47569, 35051, 33987, 35589, 10553, 25772, 16825, 34961, 6790, 13991, 35024, 600, 255]",,0.1,,,,,
d91d4ccb703e,edgeiiot,fine,fedlc,100,,tune_methods,0.5541920862269678,0.49593235282330783,0.5610771927311563,0.5186023385463122,0.5240499853490241,0.49220984928482286,0.6214474996099417,"[0.2601150287571893, 0.35568892223055765, 0.39419820350463847, 0.7118593266060546, 0.19433281813498196, 0.8751968503937008, 0.8714285714285714, 0.2817341668931775, 0.958350687213661, 0.3106280677151157, 0.001034126163391934, 0.999749498997996, 0.9781043791241751, 0.4556213017751479, 0.7681159420289855]",124765,67599,132480,1.446467284999926,1.6931325649989049,197.71039146699923,199.48757338523865,135.198,1585.42578125,329.85791015625,45,0.5549566681905304,"[""Normal"", ""DDoS_UDP"", ""DDoS_ICMP"", ""DDoS_TCP"", ""DDoS_HTTP"", ""SQL_injection"", ""XSS"", ""Uploading"", ""Backdoor"", ""Password"", ""Ransomware"", ""Port_Scanning"", ""Vulnerability_scanner"", ""Fingerprinting"", ""MITM""]","[70011, 70010, 47569, 35051, 33987, 35589, 10553, 25772, 16825, 34961, 6790, 13991, 35024, 600, 255]",,0.5,,,,,
4ab2eb5e95ad,edgeiiot,fine,fedlc,100,,tune_methods,0.5529348746233927,0.5030417184306496,0.5707469514608263,0.5192095641098298,0.5480729110132059,0.4877262853005069,0.6522191491098128,"[0.31207801950487624, 0.35533883470867716, 0.39419820350463847, 0.7118593266060546, 0.11736218444100979, 0.8906496062992126, 0.8514950166112957, 0.3071486817069856, 0.9633486047480216, 0.3384754081939297, 0.000517063081695967, 0.999749498997996, 0.9787042591481704, 0.48520710059171596, 0.855072463768116]",124765,67599,132480,1.3103586850002102,1.3355630099999871,201.34615941599895,203.00648951530457,135.198,1585.57421875,329.85791015625,45,0.553768524456146,"[""Normal"", ""DDoS_UDP"", ""DDoS_ICMP"", ""DDoS_TCP"", ""DDoS_HTTP"", ""SQL_injection"", ""XSS"", ""Uploading"", ""Backdoor"", ""Password"", ""Ransomware"", ""Port_Scanning"", ""Vulnerability_scanner"", ""Fingerprinting"", ""MITM""]","[70011, 70010, 47569, 35051, 33987, 35589, 10553, 25772, 16825, 34961, 6790, 13991, 35024, 600, 255]",,1.0,,,,,
653bde95c4c9,ciciot2023,fine,fedrs,100,,tune_methods,0.4130670294681938,0.6153796400869682,0.44700575286733285,0.5613551689920359,0.06386360352550209,0.36308821447660716,0.5236100312963584,"[0.6035414165666266, 0.39259629814907454, 0.005202601300650325, 0.950975487743872, 0.42601300650325163, 0.9850910546327797, 0.9098459075445268, 0.9552401746724891, 0.5183368869936034, 0.9638819409704853, 0.5747724317295189, 0.5686486486486486, 0.13836918459229613, 0.5857514508705223, 0.8276482944883465, 0.7379725085910653, 0.0, 0.9755902360944377, 0.9245698279311725, 0.0, 0.11369346733668342, 0.0, 0.8748957464553795, 0.44613259668508287, 0.0, 0.7724317295188556, 0.946994699469947, 0.0, 0.0, 0.0, 0.0, 0.0, 0.0, 0.0]",200993,56290,109824,1.206187449997742,1.2085615999967558,342.75611350799863,344.45792841911316,112.58,1521.859375,287.26953125,45,0.41357816901094074,"[""DDoS-RSTFINFlood"", ""DDoS-PSHACK_Flood"", ""DDoS-SYN_Flood"", ""DDoS-UDP_Flood"", ""DDoS-TCP_Flood"", ""DDoS-ICMP_Flood"", ""DDoS-SynonymousIP_Flood"", ""DDoS-ACK_Fragmentation"", ""DDoS-UDP_Fragmentation"", ""DDoS-ICMP_Fragmentation"", ""DDoS-SlowLoris"", ""DDoS-HTTP_Flood"", ""DoS-UDP_Flood"", ""DoS-SYN_Flood"", ""DoS-TCP_Flood"", ""DoS-HTTP_Flood"", ""Mirai-greeth_flood"", ""Mirai-greip_flood"", ""Mirai-udpplain"", ""Recon-PingSweep"", ""Recon-OSScan"", ""Recon-PortScan"", ""VulnerabilityScan"", ""Recon-HostDiscovery"", ""DNS_Spoofing"", ""MITM-ArpSpoofing"", ""BenignTraffic"", ""BrowserHijacking"", ""Backdoor_Malware"", ""XSS"", ""Uploading_Attack"", ""SqlInjection"", ""CommandInjection"", ""DictionaryBruteForce""]","[35009, 35010, 35009, 35012, 35011, 35012, 35012, 32099, 32855, 35011, 2716, 3254, 35011, 35010, 35006, 8180, 35006, 35008, 35006, 242, 11161, 9331, 4210, 15216, 20504, 35006, 35003, 650, 398, 418, 145, 605, 595, 1442]",,,0.1,,,,
ce21cdea902d,ciciot2023,fine,fedrs,100,,tune_methods,0.4333357417838265,0.6396391914146263,0.4602174972337103,0.5873564902838843,0.07181043201849444,0.38050797087097926,0.533309611876992,"[0.8164265706282513, 0.39279639819909956, 0.007503751875937969, 0.9530765382691345, 0.7493746873436719, 0.990194116469882, 0.9368621172703622, 0.9272925764192139, 0.8332622601279318, 0.9715857928964482, 0.64629388816645, 0.5448648648648649, 0.11185592796398199, 0.4953972383430058, 0.6996098829648895, 0.7315292096219931, 0.00040012003601080324, 0.9787915166066427, 0.8761504601840736, 0.0, 0.1614321608040201, 0.0, 0.7247706422018348, 0.45142725598526706, 0.0032473081524525722, 0.9264779433830149, 0.7167716771677167, 0.0, 0.0, 0.0, 0.0, 0.0, 0.0, 0.0]",200993,56290,109824,1.38308635499925,1.468211494998286,336.4809410209946,338.3519048690796,112.58,1520.9609375,287.26953125,45,0.4337238423542993,"[""DDoS-RSTFINFlood"", ""DDoS-PSHACK_Flood"", ""DDoS-SYN_Flood"", ""DDoS-UDP_Flood"", ""DDoS-TCP_Flood"", ""DDoS-ICMP_Flood"", ""DDoS-SynonymousIP_Flood"", ""DDoS-ACK_Fragmentation"", ""DDoS-UDP_Fragmentation"", ""DDoS-ICMP_Fragmentation"", ""DDoS-SlowLoris"", ""DDoS-HTTP_Flood"", ""DoS-UDP_Flood"", ""DoS-SYN_Flood"", ""DoS-TCP_Flood"", ""DoS-HTTP_Flood"", ""Mirai-greeth_flood"", ""Mirai-greip_flood"", ""Mirai-udpplain"", ""Recon-PingSweep"", ""Recon-OSScan"", ""Recon-PortScan"", ""VulnerabilityScan"", ""Recon-HostDiscovery"", ""DNS_Spoofing"", ""MITM-ArpSpoofing"", ""BenignTraffic"", ""BrowserHijacking"", ""Backdoor_Malware"", ""XSS"", ""Uploading_Attack"", ""SqlInjection"", ""CommandInjection"", ""DictionaryBruteForce""]","[35009, 35010, 35009, 35012, 35011, 35012, 35012, 32099, 32855, 35011, 2716, 3254, 35011, 35010, 35006, 8180, 35006, 35008, 35006, 242, 11161, 9331, 4210, 15216, 20504, 35006, 35003, 650, 398, 418, 145, 605, 595, 1442]",,,0.5,,,,
e79b953d488e,ciciot2023,fine,fedrs,100,,tune_methods,0.4929715684025269,0.7051041578562437,0.5096542921638736,0.6710549123445338,0.09261667389105621,0.44682766207870117,0.6142900571023728,"[0.8718487394957983, 0.944672336168084, 0.23051525762881442, 0.9960980490245123, 0.8507253626813407, 0.9957974784870922, 0.7964778867320392, 0.858296943231441, 0.9816631130063966, 0.9609804902451226, 0.8335500650195059, 0.40756756756756757, 0.26503251625812907, 0.8126876125675405, 0.5239571871561468, 0.813573883161512, 0.0010003000900270082, 0.9710884353741497, 0.7517006802721088, 0.0, 0.37154522613065327, 0.0, 0.5988323603002502, 0.6770257826887661, 0.2199623995898137, 0.934480344103231, 0.6591659165916591, 0.0, 0.0, 0.0, 0.0, 0.0, 0.0, 0.0]",200993,56290,109824,1.4257141799998863,1.4436921650030854,338.37248438899996,340.12903475761414,112.58,1521.26953125,287.26953125,50,0.49206723443800016,"[""DDoS-RSTFINFlood"", ""DDoS-PSHACK_Flood"", ""DDoS-SYN_Flood"", ""DDoS-UDP_Flood"", ""DDoS-TCP_Flood"", ""DDoS-ICMP_Flood"", ""DDoS-SynonymousIP_Flood"", ""DDoS-ACK_Fragmentation"", ""DDoS-UDP_Fragmentation"", ""DDoS-ICMP_Fragmentation"", ""DDoS-SlowLoris"", ""DDoS-HTTP_Flood"", ""DoS-UDP_Flood"", ""DoS-SYN_Flood"", ""DoS-TCP_Flood"", ""DoS-HTTP_Flood"", ""Mirai-greeth_flood"", ""Mirai-greip_flood"", ""Mirai-udpplain"", ""Recon-PingSweep"", ""Recon-OSScan"", ""Recon-PortScan"", ""VulnerabilityScan"", ""Recon-HostDiscovery"", ""DNS_Spoofing"", ""MITM-ArpSpoofing"", ""BenignTraffic"", ""BrowserHijacking"", ""Backdoor_Malware"", ""XSS"", ""Uploading_Attack"", ""SqlInjection"", ""CommandInjection"", ""DictionaryBruteForce""]","[35009, 35010, 35009, 35012, 35011, 35012, 35012, 32099, 32855, 35011, 2716, 3254, 35011, 35010, 35006, 8180, 35006, 35008, 35006, 242, 11161, 9331, 4210, 15216, 20504, 35006, 35003, 650, 398, 418, 145, 605, 595, 1442]",,,0.9,,,,
a837aacefa46,edgeiiot,fine,fedrs,100,,tune_methods,0.6000473920988554,0.6370696910191159,0.6226431249590348,0.6214167201320351,0.4872340461902568,0.6422745656219787,0.6916619634671527,"[0.25966491622905724, 0.889922480620155, 0.9166543955234869, 0.7119592366869817, 0.23173621844410097, 0.9150590551181103, 0.7109634551495017, 0.2875781462353901, 0.9591836734693877, 0.27176199539216667, 0.0, 0.968186372745491, 0.979004199160168, 0.5857988165680473, 0.6521739130434783]",124765,67599,132480,1.4444898200008538,1.189490910001041,201.35980553099898,203.04193091392517,135.198,1553.40234375,329.85791015625,45,0.6023660289146516,"[""Normal"", ""DDoS_UDP"", ""DDoS_ICMP"", ""DDoS_TCP"", ""DDoS_HTTP"", ""SQL_injection"", ""XSS"", ""Uploading"", ""Backdoor"", ""Password"", ""Ransomware"", ""Port_Scanning"", ""Vulnerability_scanner"", ""Fingerprinting"", ""MITM""]","[70011, 70010, 47569, 35051, 33987, 35589, 10553, 25772, 16825, 34961, 6790, 13991, 35024, 600, 255]",,,0.1,,,,
e6e279c688b3,edgeiiot,fine,fedrs,100,,tune_methods,0.611707925577752,0.6919328337274075,0.6261692371041503,0.681774555050284,0.4125450121635168,0.5612186680780035,0.7200648758297226,"[0.5363340835208802, 0.9043760940235058, 0.8983213076130172, 0.7134578879008892, 0.3914477073673364, 0.9644685039370079, 0.8504983388704319, 0.2870345202500679, 0.9635568513119533, 0.16167484724030853, 0.0015511892450879006, 0.9413827655310621, 0.9803039392121575, 0.47928994082840237, 0.3188405797101449]",124765,67599,132480,1.2631296249992374,1.6335879250027574,203.80675110999755,205.5486261844635,135.198,1553.375,329.85791015625,45,0.6112325599191932,"[""Normal"", ""DDoS_UDP"", ""DDoS_ICMP"", ""DDoS_TCP"", ""DDoS_HTTP"", ""SQL_injection"", ""XSS"", ""Uploading"", ""Backdoor"", ""Password"", ""Ransomware"", ""Port_Scanning"", ""Vulnerability_scanner"", ""Fingerprinting"", ""MITM""]","[70011, 70010, 47569, 35051, 33987, 35589, 10553, 25772, 16825, 34961, 6790, 13991, 35024, 600, 255]",,,0.5,,,,
4bde65e5c06c,edgeiiot,fine,fedrs,100,,tune_methods,0.6605489602805964,0.7480864024365808,0.6753878771358042,0.7023514459112532,0.5632871253126263,0.5609309077279535,0.728773968565395,"[0.9301825456364091, 0.9548387096774194, 0.957001914298336, 0.9932061144969527, 0.02895414734672849, 0.9994094488188976, 0.9867109634551495, 0.20562652894808373, 0.9891711786755518, 0.05639587298407293, 0.1390899689762151, 0.9253507014028056, 0.8375324935012998, 0.5621301775147929, 0.5652173913043478]",124765,67599,132480,1.460044549999111,1.5549025550035367,204.8495510699986,206.66619420051575,135.198,1553.13671875,329.85791015625,50,0.652852500081091,"[""Normal"", ""DDoS_UDP"", ""DDoS_ICMP"", ""DDoS_TCP"", ""DDoS_HTTP"", ""SQL_injection"", ""XSS"", ""Uploading"", ""Backdoor"", ""Password"", ""Ransomware"", ""Port_Scanning"", ""Vulnerability_scanner"", ""Fingerprinting"", ""MITM""]","[70011, 70010, 47569, 35051, 33987, 35589, 10553, 25772, 16825, 34961, 6790, 13991, 35024, 600, 255]",,,0.9,,,,
94c74489433a,ciciot2023,fine,fedstac,100,,tune_methods,0.5286310492421029,0.7380207270899981,0.5545389735152018,0.6972645159305305,0.11933532437712888,0.46824831213859314,0.6373596387095904,"[0.9985994397759104, 0.9989994997498749, 0.00020010005002501252, 0.9512756378189094, 0.9215607803901951, 0.998198919351611, 0.6427856714028417, 0.9861353711790393, 0.9873134328358208, 0.9767883941970985, 0.8803641092327699, 0.68, 0.3969984992496248, 0.9352611566940164, 0.5396618985695709, 0.9192439862542955, 0.0, 0.9871948779511804, 0.9910964385754302, 0.0, 0.3030778894472362, 0.007513148009015778, 0.914095079232694, 0.5239410681399632, 0.5706716800546915, 0.6962088626587977, 0.8534853485348535, 0.0, 0.0, 0.0, 0.0, 0.03550295857988166, 0.0, 0.15815085158150852]",200993,56290,109824,1.4244651150011123,1.2555410949971701,333.89207463000093,335.67501306533813,112.59016,1548.546875,287.26953125,50,0.5296804130476321,"[""DDoS-RSTFINFlood"", ""DDoS-PSHACK_Flood"", ""DDoS-SYN_Flood"", ""DDoS-UDP_Flood"", ""DDoS-TCP_Flood"", ""DDoS-ICMP_Flood"", ""DDoS-SynonymousIP_Flood"", ""DDoS-ACK_Fragmentation"", ""DDoS-UDP_Fragmentation"", ""DDoS-ICMP_Fragmentation"", ""DDoS-SlowLoris"", ""DDoS-HTTP_Flood"", ""DoS-UDP_Flood"", ""DoS-SYN_Flood"", ""DoS-TCP_Flood"", ""DoS-HTTP_Flood"", ""Mirai-greeth_flood"", ""Mirai-greip_flood"", ""Mirai-udpplain"", ""Recon-PingSweep"", ""Recon-OSScan"", ""Recon-PortScan"", ""VulnerabilityScan"", ""Recon-HostDiscovery"", ""DNS_Spoofing"", ""MITM-ArpSpoofing"", ""BenignTraffic"", ""BrowserHijacking"", ""Backdoor_Malware"", ""XSS"", ""Uploading_Attack"", ""SqlInjection"", ""CommandInjection"", ""DictionaryBruteForce""]","[35009, 35010, 35009, 35012, 35011, 35012, 35012, 32099, 32855, 35011, 2716, 3254, 35011, 35010, 35006, 8180, 35006, 35008, 35006, 242, 11161, 9331, 4210, 15216, 20504, 35006, 35003, 650, 398, 418, 145, 605, 595, 1442]",,0.5,,0.01,,,
fd6d62ba22b3,ciciot2023,fine,fedstac,100,,tune_methods,0.5648333744269011,0.7617976745458797,0.5812518532877098,0.7488542449866433,0.16077634068933078,0.4692385228037346,0.6739105659382865,"[0.9986994797919168, 0.9983991995998, 0.9224612306153076, 0.8400200100050025, 0.4686343171585793, 0.998198919351611, 0.7025215129077447, 0.9843886462882097, 0.9859275053304905, 0.9771885942971485, 0.9440832249674902, 0.6789189189189189, 0.5676838419209604, 0.5346207724634781, 0.8198459537861359, 0.8947594501718213, 0.9377813344003201, 0.1094437775110044, 0.9923969587835134, 0.0, 0.07726130653266332, 0.4429000751314801, 0.8206839032527106, 0.6005985267034991, 0.47615792172278243, 0.6759027708312494, 0.8101810181018102, 0.07734806629834254, 0.0, 0.02564102564102564, 0.0, 0.20118343195266272, 0.03571428571428571, 0.1630170316301703]",200993,56290,109824,1.1480969750027725,1.186252739998963,339.9578822900012,341.6919240951538,112.59016,1548.60546875,287.26953125,40,0.5636294790498403,"[""DDoS-RSTFINFlood"", ""DDoS-PSHACK_Flood"", ""DDoS-SYN_Flood"", ""DDoS-UDP_Flood"", ""DDoS-TCP_Flood"", ""DDoS-ICMP_Flood"", ""DDoS-SynonymousIP_Flood"", ""DDoS-ACK_Fragmentation"", ""DDoS-UDP_Fragmentation"", ""DDoS-ICMP_Fragmentation"", ""DDoS-SlowLoris"", ""DDoS-HTTP_Flood"", ""DoS-UDP_Flood"", ""DoS-SYN_Flood"", ""DoS-TCP_Flood"", ""DoS-HTTP_Flood"", ""Mirai-greeth_flood"", ""Mirai-greip_flood"", ""Mirai-udpplain"", ""Recon-PingSweep"", ""Recon-OSScan"", ""Recon-PortScan"", ""VulnerabilityScan"", ""Recon-HostDiscovery"", ""DNS_Spoofing"", ""MITM-ArpSpoofing"", ""BenignTraffic"", ""BrowserHijacking"", ""Backdoor_Malware"", ""XSS"", ""Uploading_Attack"", ""SqlInjection"", ""CommandInjection"", ""DictionaryBruteForce""]","[35009, 35010, 35009, 35012, 35011, 35012, 35012, 32099, 32855, 35011, 2716, 3254, 35011, 35010, 35006, 8180, 35006, 35008, 35006, 242, 11161, 9331, 4210, 15216, 20504, 35006, 35003, 650, 398, 418, 145, 605, 595, 1442]",,1.0,,0.01,,,
68681faea917,ciciot2023,fine,fedstac,100,,tune_methods,0.5121400161699192,0.6924768524276965,0.5745878264282261,0.678184846841095,0.35270357210056463,0.4776632250733635,0.6627329881059785,"[0.9986994797919168, 0.9987993996998499, 0.9701850925462732, 0.9942971485742872, 0.9803901950975488, 0.9978987392435461, 0.6701020612367421, 0.9838427947598253, 0.985501066098081, 0.976288144072036, 0.9323797139141743, 0.6410810810810811, 0.2845422711355678, 0.03281969181508906, 0.48764629388816644, 0.9188144329896907, 0.9736921076322896, 0.049019607843137254, 0.9899959983993597, 0.6, 0.0, 0.17355371900826447, 0.7572977481234362, 0.47790055248618785, 0.11587762775593916, 0.591777533259978, 0.3116311631163116, 0.6408839779005525, 0.33636363636363636, 0.0, 0.125, 0.3076923076923077, 0.07142857142857142, 0.16058394160583941]",200993,56290,109824,1.3379542599977867,1.1275487849979982,336.1858804659996,337.90367364883423,112.59016,1548.1484375,287.26953125,50,0.5123937125332032,"[""DDoS-RSTFINFlood"", ""DDoS-PSHACK_Flood"", ""DDoS-SYN_Flood"", ""DDoS-UDP_Flood"", ""DDoS-TCP_Flood"", ""DDoS-ICMP_Flood"", ""DDoS-SynonymousIP_Flood"", ""DDoS-ACK_Fragmentation"", ""DDoS-UDP_Fragmentation"", ""DDoS-ICMP_Fragmentation"", ""DDoS-SlowLoris"", ""DDoS-HTTP_Flood"", ""DoS-UDP_Flood"", ""DoS-SYN_Flood"", ""DoS-TCP_Flood"", ""DoS-HTTP_Flood"", ""Mirai-greeth_flood"", ""Mirai-greip_flood"", ""Mirai-udpplain"", ""Recon-PingSweep"", ""Recon-OSScan"", ""Recon-PortScan"", ""VulnerabilityScan"", ""Recon-HostDiscovery"", ""DNS_Spoofing"", ""MITM-ArpSpoofing"", ""BenignTraffic"", ""BrowserHijacking"", ""Backdoor_Malware"", ""XSS"", ""Uploading_Attack"", ""SqlInjection"", ""CommandInjection"", ""DictionaryBruteForce""]","[35009, 35010, 35009, 35012, 35011, 35012, 35012, 32099, 32855, 35011, 2716, 3254, 35011, 35010, 35006, 8180, 35006, 35008, 35006, 242, 11161, 9331, 4210, 15216, 20504, 35006, 35003, 650, 398, 418, 145, 605, 595, 1442]",,2.0,,0.01,,,
5df80c9670b6,ciciot2023,fine,fedstac,100,,tune_methods,0.5187481062101345,0.7270004428014906,0.5447664647437214,0.6874031847152016,0.11390840880271652,0.4598025403510599,0.6224203687132758,"[0.998499399759904, 0.998599299649825, 0.00010005002501250626, 0.9797898949474737, 0.48404202101050525, 0.9982989793876326, 0.6123674204522713, 0.9839519650655022, 0.9871002132196162, 0.9773886943471736, 0.8621586475942783, 0.6335135135135135, 0.34957478739369685, 0.971282769661797, 0.7906371911573472, 0.9488831615120275, 0.0, 0.9872949179671868, 0.9920968387354941, 0.0, 0.3030778894472362, 0.0, 0.854045037531276, 0.5257826887661142, 0.602973850623825, 0.6588976693007902, 0.8586858685868587, 0.0, 0.0, 0.0, 0.0, 0.0, 0.0, 0.1630170316301703]",200993,56290,109824,1.1303368499966382,1.3410683250003785,338.99394137099716,340.7847740650177,112.59016,1548.37109375,287.26953125,50,0.5215506233057554,"[""DDoS-RSTFINFlood"", ""DDoS-PSHACK_Flood"", ""DDoS-SYN_Flood"", ""DDoS-UDP_Flood"", ""DDoS-TCP_Flood"", ""DDoS-ICMP_Flood"", ""DDoS-SynonymousIP_Flood"", ""DDoS-ACK_Fragmentation"", ""DDoS-UDP_Fragmentation"", ""DDoS-ICMP_Fragmentation"", ""DDoS-SlowLoris"", ""DDoS-HTTP_Flood"", ""DoS-UDP_Flood"", ""DoS-SYN_Flood"", ""DoS-TCP_Flood"", ""DoS-HTTP_Flood"", ""Mirai-greeth_flood"", ""Mirai-greip_flood"", ""Mirai-udpplain"", ""Recon-PingSweep"", ""Recon-OSScan"", ""Recon-PortScan"", ""VulnerabilityScan"", ""Recon-HostDiscovery"", ""DNS_Spoofing"", ""MITM-ArpSpoofing"", ""BenignTraffic"", ""BrowserHijacking"", ""Backdoor_Malware"", ""XSS"", ""Uploading_Attack"", ""SqlInjection"", ""CommandInjection"", ""DictionaryBruteForce""]","[35009, 35010, 35009, 35012, 35011, 35012, 35012, 32099, 32855, 35011, 2716, 3254, 35011, 35010, 35006, 8180, 35006, 35008, 35006, 242, 11161, 9331, 4210, 15216, 20504, 35006, 35003, 650, 398, 418, 145, 605, 595, 1442]",,0.5,,0.1,,,
094e7808d64f,ciciot2023,fine,fedstac,100,,tune_methods,0.5559417733144583,0.7571258700551761,0.5680174470395433,0.7443901993116603,0.12171074950492716,0.44944610840043187,0.6599320514513696,"[0.9990996398559424, 0.9986993496748374, 0.9025512756378189, 0.8989494747373686, 0.19889944972486243, 0.998198919351611, 0.6850110066039624, 0.9847161572052402, 0.985820895522388, 0.9765882941470735, 0.9323797139141743, 0.6475675675675676, 0.505352676338169, 0.56513908345007, 0.9187756326898069, 0.9076460481099656, 0.7269180754226268, 0.3861544617847139, 0.9931972789115646, 0.0, 0.07474874371859297, 0.4830954169797145, 0.8348623853211009, 0.5948434622467772, 0.4050589642796103, 0.7383214964489346, 0.806980698069807, 0.0, 0.0, 0.0, 0.0, 0.0, 0.0, 0.1630170316301703]",200993,56290,109824,1.2931006600001638,1.1547908749980706,336.118419634,337.83422327041626,112.59016,1547.44140625,287.26953125,40,0.5570725458340998,"[""DDoS-RSTFINFlood"", ""DDoS-PSHACK_Flood"", ""DDoS-SYN_Flood"", ""DDoS-UDP_Flood"", ""DDoS-TCP_Flood"", ""DDoS-ICMP_Flood"", ""DDoS-SynonymousIP_Flood"", ""DDoS-ACK_Fragmentation"", ""DDoS-UDP_Fragmentation"", ""DDoS-ICMP_Fragmentation"", ""DDoS-SlowLoris"", ""DDoS-HTTP_Flood"", ""DoS-UDP_Flood"", ""DoS-SYN_Flood"", ""DoS-TCP_Flood"", ""DoS-HTTP_Flood"", ""Mirai-greeth_flood"", ""Mirai-greip_flood"", ""Mirai-udpplain"", ""Recon-PingSweep"", ""Recon-OSScan"", ""Recon-PortScan"", ""VulnerabilityScan"", ""Recon-HostDiscovery"", ""DNS_Spoofing"", ""MITM-ArpSpoofing"", ""BenignTraffic"", ""BrowserHijacking"", ""Backdoor_Malware"", ""XSS"", ""Uploading_Attack"", ""SqlInjection"", ""CommandInjection"", ""DictionaryBruteForce""]","[35009, 35010, 35009, 35012, 35011, 35012, 35012, 32099, 32855, 35011, 2716, 3254, 35011, 35010, 35006, 8180, 35006, 35008, 35006, 242, 11161, 9331, 4210, 15216, 20504, 35006, 35003, 650, 398, 418, 145, 605, 595, 1442]",,1.0,,0.1,,,
481db43615de,ciciot2023,fine,fedstac,100,,tune_methods,0.5049577793672325,0.6953774509560035,0.562291873445452,0.678377869913627,0.31551039647402196,0.510437968704405,0.6603597579701396,"[0.9982993197278912, 0.9982991495747874, 0.9608804402201101, 0.9966983491745873, 0.983591795897949, 0.998198919351611, 0.7442465479287572, 0.9796943231441048, 0.9845415778251599, 0.9786893446723361, 0.9934980494148244, 0.6735135135135135, 0.2704352176088044, 0.08625175105063038, 0.48444533360008, 0.8573883161512027, 0.9927978393518055, 0.011004401760704281, 0.9920968387354941, 0.23076923076923078, 0.0, 0.0, 0.6747289407839867, 0.4873388581952118, 0.29089044607759357, 0.577373211963589, 0.2569256925692569, 0.430939226519337, 0.5181818181818182, 0.0, 0.05, 0.4556213017751479, 0.0, 0.16058394160583941]",200993,56290,109824,1.1230936499987365,1.2537371300004452,334.3992223180021,336.1017019748688,112.59016,1547.3046875,287.26953125,45,0.5056215532053188,"[""DDoS-RSTFINFlood"", ""DDoS-PSHACK_Flood"", ""DDoS-SYN_Flood"", ""DDoS-UDP_Flood"", ""DDoS-TCP_Flood"", ""DDoS-ICMP_Flood"", ""DDoS-SynonymousIP_Flood"", ""DDoS-ACK_Fragmentation"", ""DDoS-UDP_Fragmentation"", ""DDoS-ICMP_Fragmentation"", ""DDoS-SlowLoris"", ""DDoS-HTTP_Flood"", ""DoS-UDP_Flood"", ""DoS-SYN_Flood"", ""DoS-TCP_Flood"", ""DoS-HTTP_Flood"", ""Mirai-greeth_flood"", ""Mirai-greip_flood"", ""Mirai-udpplain"", ""Recon-PingSweep"", ""Recon-OSScan"", ""Recon-PortScan"", ""VulnerabilityScan"", ""Recon-HostDiscovery"", ""DNS_Spoofing"", ""MITM-ArpSpoofing"", ""BenignTraffic"", ""BrowserHijacking"", ""Backdoor_Malware"", ""XSS"", ""Uploading_Attack"", ""SqlInjection"", ""CommandInjection"", ""DictionaryBruteForce""]","[35009, 35010, 35009, 35012, 35011, 35012, 35012, 32099, 32855, 35011, 2716, 3254, 35011, 35010, 35006, 8180, 35006, 35008, 35006, 242, 11161, 9331, 4210, 15216, 20504, 35006, 35003, 650, 398, 418, 145, 605, 595, 1442]",,2.0,,0.1,,,
5fb3467e2fbb,ciciot2023,fine,fedstac,100,,tune_methods,0.5170096488497711,0.7376824068499898,0.5429672365044044,0.6961311092855955,0.09305013726340124,0.4652440674079856,0.6327033869310615,"[0.9987995198079231, 0.9988994497248624, 0.00010005002501250626, 0.9604802401200601, 0.9643821910955478, 0.9982989793876326, 0.6225735441264759, 0.9876637554585153, 0.9885927505330491, 0.9765882941470735, 0.8374512353706112, 0.585945945945946, 0.39559779889944974, 0.9653792275365219, 0.49824947484245274, 0.9553264604810997, 0.00010003000900270081, 0.9881952781112445, 0.9928971588635455, 0.0, 0.2653894472361809, 0.0, 0.8582151793160967, 0.5359116022099447, 0.49974363356691165, 0.7309192757827349, 0.8551855185518552, 0.0, 0.0, 0.0, 0.0, 0.0, 0.0, 0.0]",200993,56290,109824,1.2612887500017678,1.6608256000017718,332.34050914599993,334.1744763851166,112.59016,1548.05078125,287.26953125,50,0.5194730732467138,"[""DDoS-RSTFINFlood"", ""DDoS-PSHACK_Flood"", ""DDoS-SYN_Flood"", ""DDoS-UDP_Flood"", ""DDoS-TCP_Flood"", ""DDoS-ICMP_Flood"", ""DDoS-SynonymousIP_Flood"", ""DDoS-ACK_Fragmentation"", ""DDoS-UDP_Fragmentation"", ""DDoS-ICMP_Fragmentation"", ""DDoS-SlowLoris"", ""DDoS-HTTP_Flood"", ""DoS-UDP_Flood"", ""DoS-SYN_Flood"", ""DoS-TCP_Flood"", ""DoS-HTTP_Flood"", ""Mirai-greeth_flood"", ""Mirai-greip_flood"", ""Mirai-udpplain"", ""Recon-PingSweep"", ""Recon-OSScan"", ""Recon-PortScan"", ""VulnerabilityScan"", ""Recon-HostDiscovery"", ""DNS_Spoofing"", ""MITM-ArpSpoofing"", ""BenignTraffic"", ""BrowserHijacking"", ""Backdoor_Malware"", ""XSS"", ""Uploading_Attack"", ""SqlInjection"", ""CommandInjection"", ""DictionaryBruteForce""]","[35009, 35010, 35009, 35012, 35011, 35012, 35012, 32099, 32855, 35011, 2716, 3254, 35011, 35010, 35006, 8180, 35006, 35008, 35006, 242, 11161, 9331, 4210, 15216, 20504, 35006, 35003, 650, 398, 418, 145, 605, 595, 1442]",,0.5,,1.0,,,
b476e103e8f2,ciciot2023,fine,fedstac,100,,tune_methods,0.5562593601346771,0.7662555412377545,0.5742369504841891,0.7428210058419229,0.12495442853747425,0.45842753767343014,0.6825313041696701,"[0.998999599839936, 0.9987993996998499, 0.9140570285142571, 0.8680340170085042, 0.807903951975988, 0.998198919351611, 0.6658995397238343, 0.9856986899563319, 0.9857142857142858, 0.9767883941970985, 0.8790637191157347, 0.6778378378378378, 0.535967983991996, 0.5446267760656394, 0.6204861458437532, 0.9265463917525774, 0.0010003000900270082, 0.9860944377751101, 0.9913965586234493, 0.0, 0.1259422110552764, 0.09579263711495116, 0.9057547956630525, 0.7739410681399632, 0.4994018116561272, 0.6610983294988496, 0.8534853485348535, 0.0, 0.0, 0.0, 0.0, 0.09467455621301775, 0.0, 0.15085158150851583]",200993,56290,109824,1.5530903299986676,1.508833620000587,331.1100343940043,333.0134253501892,112.59016,1548.9765625,287.26953125,50,0.5573189909656706,"[""DDoS-RSTFINFlood"", ""DDoS-PSHACK_Flood"", ""DDoS-SYN_Flood"", ""DDoS-UDP_Flood"", ""DDoS-TCP_Flood"", ""DDoS-ICMP_Flood"", ""DDoS-SynonymousIP_Flood"", ""DDoS-ACK_Fragmentation"", ""DDoS-UDP_Fragmentation"", ""DDoS-ICMP_Fragmentation"", ""DDoS-SlowLoris"", ""DDoS-HTTP_Flood"", ""DoS-UDP_Flood"", ""DoS-SYN_Flood"", ""DoS-TCP_Flood"", ""DoS-HTTP_Flood"", ""Mirai-greeth_flood"", ""Mirai-greip_flood"", ""Mirai-udpplain"", ""Recon-PingSweep"", ""Recon-OSScan"", ""Recon-PortScan"", ""VulnerabilityScan"", ""Recon-HostDiscovery"", ""DNS_Spoofing"", ""MITM-ArpSpoofing"", ""BenignTraffic"", ""BrowserHijacking"", ""Backdoor_Malware"", ""XSS"", ""Uploading_Attack"", ""SqlInjection"", ""CommandInjection"", ""DictionaryBruteForce""]","[35009, 35010, 35009, 35012, 35011, 35012, 35012, 32099, 32855, 35011, 2716, 3254, 35011, 35010, 35006, 8180, 35006, 35008, 35006, 242, 11161, 9331, 4210, 15216, 20504, 35006, 35003, 650, 398, 418, 145, 605, 595, 1442]",,1.0,,1.0,,,
ef3ca1214257,ciciot2023,fine,fedstac,100,,tune_methods,0.4948092388491133,0.7033628036797301,0.5575085929299985,0.6837814515737188,0.3007573163033475,0.4649819261601385,0.6478347657087364,"[0.998499399759904, 0.9969984992496248, 0.9698849424712356, 0.9352676338169085, 0.9855927963981991, 0.998198919351611, 0.7029217530518311, 0.9807860262008734, 0.985181236673774, 0.9763881940970486, 0.9960988296488946, 0.49945945945945946, 0.4540270135067534, 0.04612767660596358, 0.47864359307792337, 0.9226804123711341, 0.9907972391717516, 0.012204881952781112, 0.9866946778711485, 0.5230769230769231, 0.09798994974874371, 0.0, 0.6346955796497081, 0.47882136279926335, 0.0054691505725517, 0.6740022006601981, 0.4371437143714371, 0.4419889502762431, 0.6272727272727273, 0.0, 0.0, 0.11242603550295859, 0.005952380952380952, 0.0]",200993,56290,109824,1.1458479649991204,1.227003210001385,333.1024136700016,334.86311411857605,112.59016,1547.34375,287.26953125,40,0.4946468761616848,"[""DDoS-RSTFINFlood"", ""DDoS-PSHACK_Flood"", ""DDoS-SYN_Flood"", ""DDoS-UDP_Flood"", ""DDoS-TCP_Flood"", ""DDoS-ICMP_Flood"", ""DDoS-SynonymousIP_Flood"", ""DDoS-ACK_Fragmentation"", ""DDoS-UDP_Fragmentation"", ""DDoS-ICMP_Fragmentation"", ""DDoS-SlowLoris"", ""DDoS-HTTP_Flood"", ""DoS-UDP_Flood"", ""DoS-SYN_Flood"", ""DoS-TCP_Flood"", ""DoS-HTTP_Flood"", ""Mirai-greeth_flood"", ""Mirai-greip_flood"", ""Mirai-udpplain"", ""Recon-PingSweep"", ""Recon-OSScan"", ""Recon-PortScan"", ""VulnerabilityScan"", ""Recon-HostDiscovery"", ""DNS_Spoofing"", ""MITM-ArpSpoofing"", ""BenignTraffic"", ""BrowserHijacking"", ""Backdoor_Malware"", ""XSS"", ""Uploading_Attack"", ""SqlInjection"", ""CommandInjection"", ""DictionaryBruteForce""]","[35009, 35010, 35009, 35012, 35011, 35012, 35012, 32099, 32855, 35011, 2716, 3254, 35011, 35010, 35006, 8180, 35006, 35008, 35006, 242, 11161, 9331, 4210, 15216, 20504, 35006, 35003, 650, 398, 418, 145, 605, 595, 1442]",,2.0,,1.0,,,
a626f8430c57,edgeiiot,fine,fedstac,100,,tune_methods,0.7675038024564617,0.8555123632428967,0.7824190643472361,0.8557933296911587,0.627311129063839,0.6553375246763513,0.8245241035771157,"[0.9997499374843711, 1.0, 0.9989692239729053, 0.9999000899190729, 0.34837712519319936, 0.6584645669291339, 0.9943521594684386, 0.6268007610763795, 0.9198250728862973, 0.7840328558549534, 0.10806618407445709, 1.0, 0.8909218156368727, 0.47928994082840237, 0.927536231884058]",124765,67599,132480,1.4913916600016819,1.4285141800019119,199.43582304999563,201.20372653007507,135.21448,1580.4453125,329.85791015625,45,0.7663428646849976,"[""Normal"", ""DDoS_UDP"", ""DDoS_ICMP"", ""DDoS_TCP"", ""DDoS_HTTP"", ""SQL_injection"", ""XSS"", ""Uploading"", ""Backdoor"", ""Password"", ""Ransomware"", ""Port_Scanning"", ""Vulnerability_scanner"", ""Fingerprinting"", ""MITM""]","[70011, 70010, 47569, 35051, 33987, 35589, 10553, 25772, 16825, 34961, 6790, 13991, 35024, 600, 255]",,0.5,,0.01,,,
440397619161,edgeiiot,fine,fedstac,100,,tune_methods,0.7539633993769638,0.8547910070933354,0.770517522808244,0.8537556834657245,0.5824861860562479,0.6983988759946252,0.8254296241032151,"[0.9998999749937484, 1.0, 1.0, 0.9999000899190729, 0.3276661514683153, 0.6776574803149606, 0.9946843853820598, 0.8764609948355532, 0.8590170762182424, 0.5861965341079836, 0.25387797311271976, 1.0, 0.9010197960407919, 0.15384615384615385, 0.927536231884058]",124765,67599,132480,1.2402475299995785,1.128532850002557,198.95134983599746,200.5521183013916,135.21448,1580.015625,329.85791015625,45,0.7467683771801334,"[""Normal"", ""DDoS_UDP"", ""DDoS_ICMP"", ""DDoS_TCP"", ""DDoS_HTTP"", ""SQL_injection"", ""XSS"", ""Uploading"", ""Backdoor"", ""Password"", ""Ransomware"", ""Port_Scanning"", ""Vulnerability_scanner"", ""Fingerprinting"", ""MITM""]","[70011, 70010, 47569, 35051, 33987, 35589, 10553, 25772, 16825, 34961, 6790, 13991, 35024, 600, 255]",,1.0,,0.01,,,
89fb42ae1a3d,edgeiiot,fine,fedstac,100,,tune_methods,0.7193461289935634,0.8580691700396745,0.7560934265758417,0.8552673101349977,0.500325861348786,0.6460286739504162,0.804312093208089,"[0.9991497874468617, 1.0, 1.0, 0.9999000899190729, 0.5003606388459557, 0.6493110236220473, 0.9943521594684386, 0.723566186463713, 0.963765097875885, 0.6031253130321547, 0.001034126163391934, 1.0, 0.9009198160367926, 0.005917159763313609, 1.0]",124765,67599,132480,1.1024914699964938,1.1904044050015727,198.74131442899943,200.3666913509369,135.21448,1580.421875,329.85791015625,40,0.7171833745929672,"[""Normal"", ""DDoS_UDP"", ""DDoS_ICMP"", ""DDoS_TCP"", ""DDoS_HTTP"", ""SQL_injection"", ""XSS"", ""Uploading"", ""Backdoor"", ""Password"", ""Ransomware"", ""Port_Scanning"", ""Vulnerability_scanner"", ""Fingerprinting"", ""MITM""]","[70011, 70010, 47569, 35051, 33987, 35589, 10553, 25772, 16825, 34961, 6790, 13991, 35024, 600, 255]",,2.0,,0.01,,,
bd845da42bef,edgeiiot,fine,fedstac,100,,tune_methods,0.6615865728413242,0.843201218290386,0.6979223713763284,0.8419850400578792,0.3950461577574923,0.6349966991179661,0.7973248358071482,"[0.9997499374843711, 1.0, 0.9994109851273745, 0.9999000899190729, 0.38361669242658425, 0.7458661417322835, 0.9943521594684386, 0.972275074748573, 0.541024573094544, 0.34568766903736353, 0.5858324715615305, 1.0, 0.901119776044791, 0.0, 0.0]",124765,67599,132480,1.2947963649958183,1.5828219349987194,201.65097238299586,203.41382598876953,135.21448,1580.01171875,329.85791015625,40,0.6627983259889543,"[""Normal"", ""DDoS_UDP"", ""DDoS_ICMP"", ""DDoS_TCP"", ""DDoS_HTTP"", ""SQL_injection"", ""XSS"", ""Uploading"", ""Backdoor"", ""Password"", ""Ransomware"", ""Port_Scanning"", ""Vulnerability_scanner"", ""Fingerprinting"", ""MITM""]","[70011, 70010, 47569, 35051, 33987, 35589, 10553, 25772, 16825, 34961, 6790, 13991, 35024, 600, 255]",,0.5,,0.1,,,
1fa71ef0e245,edgeiiot,fine,fedstac,100,,tune_methods,0.7176602979310845,0.8453091812607703,0.7467309614912221,0.8410326183841047,0.5078302318759917,0.6688550231580088,0.8050140651883027,"[0.9996999249812453, 1.0, 1.0, 0.9999000899190729, 0.3418856259659969, 0.6783464566929134, 0.9946843853820598, 0.8715683609676542, 0.9175343606830487, 0.46358809976960835, 0.10910031023784902, 1.0, 0.8971205758848231, 0.0, 0.927536231884058]",124765,67599,132480,1.1235541449968878,1.1062697500028662,200.33840464399782,201.95622301101685,135.21448,1579.8046875,329.85791015625,45,0.7158527270340139,"[""Normal"", ""DDoS_UDP"", ""DDoS_ICMP"", ""DDoS_TCP"", ""DDoS_HTTP"", ""SQL_injection"", ""XSS"", ""Uploading"", ""Backdoor"", ""Password"", ""Ransomware"", ""Port_Scanning"", ""Vulnerability_scanner"", ""Fingerprinting"", ""MITM""]","[70011, 70010, 47569, 35051, 33987, 35589, 10553, 25772, 16825, 34961, 6790, 13991, 35024, 600, 255]",,1.0,,0.1,,,
99b185952654,edgeiiot,fine,fedstac,100,,tune_methods,0.7305000169574646,0.8685128040716548,0.749921094508823,0.8602954080463663,0.44950139349857343,0.6023948981813181,0.7969585740538552,"[0.9991497874468617, 1.0, 1.0, 0.9999000899190729, 0.8510046367851622, 0.7507874015748032, 0.8694352159468438, 0.47309051372655614, 0.9635568513119533, 0.4759090453771411, 0.001034126163391934, 1.0, 0.9374125174965007, 0.0, 0.927536231884058]",124765,67599,132480,1.1696583799994187,1.1288801199998488,200.44271087199832,201.98417973518372,135.21448,1579.796875,329.85791015625,25,0.7296899776253805,"[""Normal"", ""DDoS_UDP"", ""DDoS_ICMP"", ""DDoS_TCP"", ""DDoS_HTTP"", ""SQL_injection"", ""XSS"", ""Uploading"", ""Backdoor"", ""Password"", ""Ransomware"", ""Port_Scanning"", ""Vulnerability_scanner"", ""Fingerprinting"", ""MITM""]","[70011, 70010, 47569, 35051, 33987, 35589, 10553, 25772, 16825, 34961, 6790, 13991, 35024, 600, 255]",,2.0,,0.1,,,
af09e3b4b9ec,edgeiiot,fine,fedstac,100,,tune_methods,0.6532117710336038,0.856305855007414,0.6871474146724369,0.8521406686550934,0.2493636344896536,0.5762413895434609,0.7599445277719961,"[0.9996999249812453, 1.0, 0.9974966867913415, 0.9999000899190729, 0.3478619268418341, 0.7213582677165354, 0.9943521594684386, 0.6995107366132101, 0.9612661391087047, 0.6774516678353201, 0.0031023784901758012, 0.9964929859719439, 0.9087182563487303, 0.0, 0.0]",124765,67599,132480,1.6084330649982803,1.686891999997897,200.86064948900184,202.7078833580017,135.21448,1580.38671875,329.85791015625,40,0.6519371327028995,"[""Normal"", ""DDoS_UDP"", ""DDoS_ICMP"", ""DDoS_TCP"", ""DDoS_HTTP"", ""SQL_injection"", ""XSS"", ""Uploading"", ""Backdoor"", ""Password"", ""Ransomware"", ""Port_Scanning"", ""Vulnerability_scanner"", ""Fingerprinting"", ""MITM""]","[70011, 70010, 47569, 35051, 33987, 35589, 10553, 25772, 16825, 34961, 6790, 13991, 35024, 600, 255]",,0.5,,1.0,,,
62e257b7cdb0,edgeiiot,fine,fedstac,100,,tune_methods,0.7107777699178154,0.8500140263695748,0.7448422054511876,0.844283495671172,0.4736135183378019,0.6670853951418453,0.7992861500225522,"[0.9996999249812453, 1.0, 1.0, 0.9999000899190729, 0.3544564657393096, 0.6927165354330709, 0.9943521594684386, 0.8891002989942919, 0.9635568513119533, 0.48662726635279974, 0.0015511892450879006, 1.0, 0.892121575684863, 0.0, 0.8985507246376812]",124765,67599,132480,1.6583795799988366,1.2851904149965776,204.7986323829973,206.5679111480713,135.21448,1580.078125,329.85791015625,45,0.7067951256075415,"[""Normal"", ""DDoS_UDP"", ""DDoS_ICMP"", ""DDoS_TCP"", ""DDoS_HTTP"", ""SQL_injection"", ""XSS"", ""Uploading"", ""Backdoor"", ""Password"", ""Ransomware"", ""Port_Scanning"", ""Vulnerability_scanner"", ""Fingerprinting"", ""MITM""]","[70011, 70010, 47569, 35051, 33987, 35589, 10553, 25772, 16825, 34961, 6790, 13991, 35024, 600, 255]",,1.0,,1.0,,,
201700e5d99c,edgeiiot,fine,fedstac,100,,tune_methods,0.698722031799656,0.838664689616479,0.7284035334084508,0.8326559800176699,0.48797700619056633,0.5999834620533097,0.7856437643313947,"[0.9998999749937484, 1.0, 1.0, 0.9999000899190729, 0.46852138073158167, 0.7110236220472441, 0.9943521594684386, 0.2633867898885567, 0.9635568513119533, 0.6683361714915356, 0.001034126163391934, 1.0, 0.8995200959808038, 0.0, 0.9565217391304348]",124765,67599,132480,1.1142751700026565,1.1608649899972079,203.38519648000147,204.95541191101074,135.21448,1580.05078125,329.85791015625,40,0.6975976021436732,"[""Normal"", ""DDoS_UDP"", ""DDoS_ICMP"", ""DDoS_TCP"", ""DDoS_HTTP"", ""SQL_injection"", ""XSS"", ""Uploading"", ""Backdoor"", ""Password"", ""Ransomware"", ""Port_Scanning"", ""Vulnerability_scanner"", ""Fingerprinting"", ""MITM""]","[70011, 70010, 47569, 35051, 33987, 35589, 10553, 25772, 16825, 34961, 6790, 13991, 35024, 600, 255]",,2.0,,1.0,,,
67678ee826f1,ciciot2023,fine,fedstap,100,,tune_methods,0.520774718676388,0.7299458190086222,0.5445447879028837,0.6953739031889301,0.11457817908134664,0.44040926042903833,0.63781031322767,"[0.9990996398559424, 0.9986993496748374, 0.17318659329664832, 0.9400700350175087, 0.9795897948974487, 0.998198919351611, 0.9562737642585551, 0.9858078602620087, 0.9865671641791045, 0.9772886443221611, 0.8699609882964889, 0.5427027027027027, 0.44612306153076536, 0.2986792075245147, 0.4949484845453636, 0.9063573883161512, 0.0, 0.9868947579031613, 0.9919967987194878, 0.0, 0.17462311557788945, 0.0202854996243426, 0.8565471226021685, 0.8984806629834254, 0.3671167321825329, 0.6574972491747524, 0.8462846284628462, 0.0055248618784530384, 0.0, 0.0, 0.0, 0.0, 0.0, 0.15571776155717762]",200993,56290,109824,1.103881694998563,1.1231260249996922,318.4159004490002,319.9882252216339,112.58744,1546.7109375,287.26953125,30,0.5220268442272624,"[""DDoS-RSTFINFlood"", ""DDoS-PSHACK_Flood"", ""DDoS-SYN_Flood"", ""DDoS-UDP_Flood"", ""DDoS-TCP_Flood"", ""DDoS-ICMP_Flood"", ""DDoS-SynonymousIP_Flood"", ""DDoS-ACK_Fragmentation"", ""DDoS-UDP_Fragmentation"", ""DDoS-ICMP_Fragmentation"", ""DDoS-SlowLoris"", ""DDoS-HTTP_Flood"", ""DoS-UDP_Flood"", ""DoS-SYN_Flood"", ""DoS-TCP_Flood"", ""DoS-HTTP_Flood"", ""Mirai-greeth_flood"", ""Mirai-greip_flood"", ""Mirai-udpplain"", ""Recon-PingSweep"", ""Recon-OSScan"", ""Recon-PortScan"", ""VulnerabilityScan"", ""Recon-HostDiscovery"", ""DNS_Spoofing"", ""MITM-ArpSpoofing"", ""BenignTraffic"", ""BrowserHijacking"", ""Backdoor_Malware"", ""XSS"", ""Uploading_Attack"", ""SqlInjection"", ""CommandInjection"", ""DictionaryBruteForce""]","[35009, 35010, 35009, 35012, 35011, 35012, 35012, 32099, 32855, 35011, 2716, 3254, 35011, 35010, 35006, 8180, 35006, 35008, 35006, 242, 11161, 9331, 4210, 15216, 20504, 35006, 35003, 650, 398, 418, 145, 605, 595, 1442]",,0.5,,,,,
73e5ff512e43,ciciot2023,fine,fedstap,100,,tune_methods,0.5515501696682862,0.7552551581398357,0.5685849248731949,0.7371845940944218,0.13548996333685018,0.5286270877277212,0.6559681913796276,"[0.9990996398559424, 0.9982991495747874, 0.0993496748374187, 0.9182591295647824, 0.9531765882941471, 0.9980988593155894, 0.6991194716830098, 0.9846069868995633, 0.985820895522388, 0.9773886943471736, 0.9466840052015605, 0.5913513513513513, 0.5040520260130065, 0.95657394436662, 0.5193558067420226, 0.9252577319587629, 0.8070421126337901, 0.2699079631852741, 0.9930972388955582, 0.046153846153846156, 0.3712311557788945, 0.009391435011269721, 0.7931609674728941, 0.7737108655616943, 0.5349512903777132, 0.6488946684005201, 0.8012801280128012, 0.022099447513812154, 0.0, 0.0, 0.0, 0.03550295857988166, 0.005952380952380952, 0.1630170316301703]",200993,56290,109824,1.1231026050018045,1.1120699750017593,319.224718775004,320.80601239204407,112.58744,1546.73046875,287.26953125,40,0.5531102304865856,"[""DDoS-RSTFINFlood"", ""DDoS-PSHACK_Flood"", ""DDoS-SYN_Flood"", ""DDoS-UDP_Flood"", ""DDoS-TCP_Flood"", ""DDoS-ICMP_Flood"", ""DDoS-SynonymousIP_Flood"", ""DDoS-ACK_Fragmentation"", ""DDoS-UDP_Fragmentation"", ""DDoS-ICMP_Fragmentation"", ""DDoS-SlowLoris"", ""DDoS-HTTP_Flood"", ""DoS-UDP_Flood"", ""DoS-SYN_Flood"", ""DoS-TCP_Flood"", ""DoS-HTTP_Flood"", ""Mirai-greeth_flood"", ""Mirai-greip_flood"", ""Mirai-udpplain"", ""Recon-PingSweep"", ""Recon-OSScan"", ""Recon-PortScan"", ""VulnerabilityScan"", ""Recon-HostDiscovery"", ""DNS_Spoofing"", ""MITM-ArpSpoofing"", ""BenignTraffic"", ""BrowserHijacking"", ""Backdoor_Malware"", ""XSS"", ""Uploading_Attack"", ""SqlInjection"", ""CommandInjection"", ""DictionaryBruteForce""]","[35009, 35010, 35009, 35012, 35011, 35012, 35012, 32099, 32855, 35011, 2716, 3254, 35011, 35010, 35006, 8180, 35006, 35008, 35006, 242, 11161, 9331, 4210, 15216, 20504, 35006, 35003, 650, 398, 418, 145, 605, 595, 1442]",,1.0,,,,,
0740fb48db0e,ciciot2023,fine,fedstap,100,,tune_methods,0.5259632891228738,0.7262889752379436,0.5798651721540029,0.7243555354073595,0.3085571483153189,0.5260920567445566,0.677091278913981,"[0.998999599839936, 0.9976988494247123, 0.9437718859429715, 0.9169584792396198, 0.9865932966483242, 0.9980988593155894, 0.6687012207324394, 0.9830786026200873, 0.9842217484008529, 0.9768884442221111, 0.9856957087126138, 0.64, 0.4762381190595298, 0.48248949369621774, 0.4776432929878964, 0.9166666666666666, 0.9946984095228568, 0.0, 0.992296918767507, 0.4, 0.15295226130653267, 0.0, 0.4829024186822352, 0.5573204419889503, 0.3966843274653905, 0.5341602480744223, 0.3793379337933793, 0.856353591160221, 0.22727272727272727, 0.0, 0.0, 0.3076923076923077, 0.0, 0.0]",200993,56290,109824,1.1099300700016101,1.1212479100004202,313.92637078699727,315.49213433265686,112.58744,1544.88671875,287.26953125,50,0.5265901387543382,"[""DDoS-RSTFINFlood"", ""DDoS-PSHACK_Flood"", ""DDoS-SYN_Flood"", ""DDoS-UDP_Flood"", ""DDoS-TCP_Flood"", ""DDoS-ICMP_Flood"", ""DDoS-SynonymousIP_Flood"", ""DDoS-ACK_Fragmentation"", ""DDoS-UDP_Fragmentation"", ""DDoS-ICMP_Fragmentation"", ""DDoS-SlowLoris"", ""DDoS-HTTP_Flood"", ""DoS-UDP_Flood"", ""DoS-SYN_Flood"", ""DoS-TCP_Flood"", ""DoS-HTTP_Flood"", ""Mirai-greeth_flood"", ""Mirai-greip_flood"", ""Mirai-udpplain"", ""Recon-PingSweep"", ""Recon-OSScan"", ""Recon-PortScan"", ""VulnerabilityScan"", ""Recon-HostDiscovery"", ""DNS_Spoofing"", ""MITM-ArpSpoofing"", ""BenignTraffic"", ""BrowserHijacking"", ""Backdoor_Malware"", ""XSS"", ""Uploading_Attack"", ""SqlInjection"", ""CommandInjection"", ""DictionaryBruteForce""]","[35009, 35010, 35009, 35012, 35011, 35012, 35012, 32099, 32855, 35011, 2716, 3254, 35011, 35010, 35006, 8180, 35006, 35008, 35006, 242, 11161, 9331, 4210, 15216, 20504, 35006, 35003, 650, 398, 418, 145, 605, 595, 1442]",,2.0,,,,,
923d11fbaa91,edgeiiot,fine,fedstap,100,,tune_methods,0.7136803599336352,0.8289985172123593,0.7428679205704442,0.8230475850688425,0.5860822322745254,0.678424034411215,0.8074869907239263,"[0.9997499374843711, 1.0, 1.0, 0.9999000899190729, 0.3507470376094797, 0.7593503937007874, 0.9943521594684386, 0.7705898341940745, 0.7659308621407747, 0.23800460783331664, 0.42244053774560497, 1.0, 0.9144171165766847, 0.0, 0.927536231884058]",124765,67599,132480,1.1156478600014452,1.1639022949975697,203.96470689399757,205.52916526794434,135.21328,1578.3359375,329.85791015625,40,0.7149251740706307,"[""Normal"", ""DDoS_UDP"", ""DDoS_ICMP"", ""DDoS_TCP"", ""DDoS_HTTP"", ""SQL_injection"", ""XSS"", ""Uploading"", ""Backdoor"", ""Password"", ""Ransomware"", ""Port_Scanning"", ""Vulnerability_scanner"", ""Fingerprinting"", ""MITM""]","[70011, 70010, 47569, 35051, 33987, 35589, 10553, 25772, 16825, 34961, 6790, 13991, 35024, 600, 255]",,0.5,,,,,
94cdf6048269,edgeiiot,fine,fedstap,100,,tune_methods,0.7270712071168182,0.8458141305654631,0.756192439227154,0.8374284942655792,0.5320606135305297,0.645425889606634,0.8061234789487468,"[0.9998999749937484, 1.0, 1.0, 0.9999000899190729, 0.3277691911385884, 0.7663385826771654, 0.9943521594684386, 0.875373742864909, 0.9618908788004998, 0.3833516978864069, 0.005170630816959669, 1.0, 0.9001199760047991, 0.20118343195266272, 0.927536231884058]",124765,67599,132480,1.4890983250006684,1.1664166599985037,204.99292394199938,206.6745002269745,135.21328,1578.5859375,329.85791015625,45,0.7210317454049372,"[""Normal"", ""DDoS_UDP"", ""DDoS_ICMP"", ""DDoS_TCP"", ""DDoS_HTTP"", ""SQL_injection"", ""XSS"", ""Uploading"", ""Backdoor"", ""Password"", ""Ransomware"", ""Port_Scanning"", ""Vulnerability_scanner"", ""Fingerprinting"", ""MITM""]","[70011, 70010, 47569, 35051, 33987, 35589, 10553, 25772, 16825, 34961, 6790, 13991, 35024, 600, 255]",,1.0,,,,,
07a3f9d5915a,edgeiiot,fine,fedstap,100,,tune_methods,0.7035789261269961,0.8366609225343646,0.7353119845833664,0.8299479983873026,0.5013599875121779,0.6157938138385479,0.7949494659611998,"[0.9998999749937484, 1.0, 1.0, 0.9999000899190729, 0.594332818134982, 0.7509842519685039, 0.9943521594684386, 0.5463441152487089, 0.9618908788004998, 0.27466693378743867, 0.005170630816959669, 1.0, 0.8962207558488302, 0.005917159763313609, 1.0]",124765,67599,132480,1.3547071899984076,1.1258139749998008,202.2632109169981,204.02488732337952,135.21328,1578.3828125,329.85791015625,40,0.7021242573422666,"[""Normal"", ""DDoS_UDP"", ""DDoS_ICMP"", ""DDoS_TCP"", ""DDoS_HTTP"", ""SQL_injection"", ""XSS"", ""Uploading"", ""Backdoor"", ""Password"", ""Ransomware"", ""Port_Scanning"", ""Vulnerability_scanner"", ""Fingerprinting"", ""MITM""]","[70011, 70010, 47569, 35051, 33987, 35589, 10553, 25772, 16825, 34961, 6790, 13991, 35024, 600, 255]",,2.0,,,,,
1e3ff4d4070a,ciciot2023,fine,scaffold,100,0.01,diag_scaffold_sfs;tune_methods,0.604338750314725,0.8076102152811292,0.6067981883202775,0.7980732151713091,0.11537191895605987,0.44920865846411484,0.6549766393295943,"[0.9910964385754302, 0.9898949474737369, 0.24652326163081542, 0.9806903451725862, 0.7212606303151575, 0.9965979587752651, 0.9610766459875926, 0.9730349344978166, 0.9621535181236673, 0.9761880940470236, 0.8777633289986996, 0.5924324324324325, 0.6052026013006503, 0.4798879327596558, 0.9633890167050115, 0.8311855670103093, 0.7851355406621987, 0.9748899559823929, 0.9898959583833533, 0.0, 0.5970477386934674, 0.5469571750563486, 0.9274395329441201, 0.6837016574585635, 0.24286446761237396, 0.9367810343102931, 0.6374637463746374, 0.0, 0.0, 0.0, 0.0, 0.0, 0.0, 0.16058394160583941]",200993,56290,109824,1.113935460000448,1.6155902350010365,333.903344257998,336.04395270347595,225.16,1498.93359375,291.8017578125,50,0.604947846059962,"[""DDoS-RSTFINFlood"", ""DDoS-PSHACK_Flood"", ""DDoS-SYN_Flood"", ""DDoS-UDP_Flood"", ""DDoS-TCP_Flood"", ""DDoS-ICMP_Flood"", ""DDoS-SynonymousIP_Flood"", ""DDoS-ACK_Fragmentation"", ""DDoS-UDP_Fragmentation"", ""DDoS-ICMP_Fragmentation"", ""DDoS-SlowLoris"", ""DDoS-HTTP_Flood"", ""DoS-UDP_Flood"", ""DoS-SYN_Flood"", ""DoS-TCP_Flood"", ""DoS-HTTP_Flood"", ""Mirai-greeth_flood"", ""Mirai-greip_flood"", ""Mirai-udpplain"", ""Recon-PingSweep"", ""Recon-OSScan"", ""Recon-PortScan"", ""VulnerabilityScan"", ""Recon-HostDiscovery"", ""DNS_Spoofing"", ""MITM-ArpSpoofing"", ""BenignTraffic"", ""BrowserHijacking"", ""Backdoor_Malware"", ""XSS"", ""Uploading_Attack"", ""SqlInjection"", ""CommandInjection"", ""DictionaryBruteForce""]","[35009, 35010, 35009, 35012, 35011, 35012, 35012, 32099, 32855, 35011, 2716, 3254, 35011, 35010, 35006, 8180, 35006, 35008, 35006, 242, 11161, 9331, 4210, 15216, 20504, 35006, 35003, 650, 398, 418, 145, 605, 595, 1442]",,,,,,,
fbe230eb38b6,ciciot2023,fine,scaffold,100,0.02,diag_scaffold_sfs;tune_methods,0.5824884580292587,0.7810421258451787,0.5951378843080206,0.7714935464264391,0.1166536768275684,0.46136629279255376,0.6540920249267309,"[0.9923969587835134, 0.9902951475737869, 0.27143571785892945, 0.9844922461230615, 0.9394697348674337, 0.9976986191715029, 0.957874724834901, 0.9542576419213974, 0.8860341151385928, 0.9821910955477738, 0.8868660598179454, 0.5210810810810811, 0.46983491745872935, 0.40514308585151093, 0.49224767430229066, 0.8827319587628866, 0.8508552565769731, 0.9432773109243697, 0.9897959183673469, 0.0, 0.6463567839195979, 0.8027798647633358, 0.9015846538782318, 0.5918508287292817, 0.2714065971628781, 0.8353506051815545, 0.6243624362436243, 0.0, 0.0, 0.0, 0.0, 0.0, 0.0, 0.1630170316301703]",200993,56290,109824,1.2696515299990097,1.1198266799988232,331.6238805850003,333.6328852176666,225.16,1499.34765625,291.8017578125,40,0.5825302939027827,"[""DDoS-RSTFINFlood"", ""DDoS-PSHACK_Flood"", ""DDoS-SYN_Flood"", ""DDoS-UDP_Flood"", ""DDoS-TCP_Flood"", ""DDoS-ICMP_Flood"", ""DDoS-SynonymousIP_Flood"", ""DDoS-ACK_Fragmentation"", ""DDoS-UDP_Fragmentation"", ""DDoS-ICMP_Fragmentation"", ""DDoS-SlowLoris"", ""DDoS-HTTP_Flood"", ""DoS-UDP_Flood"", ""DoS-SYN_Flood"", ""DoS-TCP_Flood"", ""DoS-HTTP_Flood"", ""Mirai-greeth_flood"", ""Mirai-greip_flood"", ""Mirai-udpplain"", ""Recon-PingSweep"", ""Recon-OSScan"", ""Recon-PortScan"", ""VulnerabilityScan"", ""Recon-HostDiscovery"", ""DNS_Spoofing"", ""MITM-ArpSpoofing"", ""BenignTraffic"", ""BrowserHijacking"", ""Backdoor_Malware"", ""XSS"", ""Uploading_Attack"", ""SqlInjection"", ""CommandInjection"", ""DictionaryBruteForce""]","[35009, 35010, 35009, 35012, 35011, 35012, 35012, 32099, 32855, 35011, 2716, 3254, 35011, 35010, 35006, 8180, 35006, 35008, 35006, 242, 11161, 9331, 4210, 15216, 20504, 35006, 35003, 650, 398, 418, 145, 605, 595, 1442]",,,,,,,
c2cd8c143ced,ciciot2023,fine,scaffold,100,0.05,diag_scaffold_sfs;tune_methods,0.5657563148094048,0.7635688805082764,0.5787304312127556,0.7543519425571712,0.11834354751147064,0.44681201985250185,0.6210141183513879,"[0.9640856342537015, 0.9215607803901951, 0.24722361180590297, 0.9867933966983492, 0.7721860930465233, 0.9969981989193516, 0.9111466880128077, 0.9776200873362445, 0.8388059701492537, 0.9803901950975488, 0.8790637191157347, 0.7275675675675676, 0.34447223611805905, 0.6463878326996197, 0.6861058317495249, 0.7225085910652921, 0.7418225467640293, 0.941376550620248, 0.9486794717887155, 0.0, 0.6856155778894473, 0.6359879789631856, 0.6605504587155964, 0.6535451197053407, 0.24081353614766707, 0.8041412423727118, 0.5753575357535754, 0.0, 0.0, 0.017094017094017096, 0.0, 0.005917159763313609, 0.0, 0.1630170316301703]",200993,56290,109824,1.09024221999789,1.2042964099964593,327.022791063001,328.98337268829346,225.16,1499.01953125,291.8017578125,40,0.5644611306390145,"[""DDoS-RSTFINFlood"", ""DDoS-PSHACK_Flood"", ""DDoS-SYN_Flood"", ""DDoS-UDP_Flood"", ""DDoS-TCP_Flood"", ""DDoS-ICMP_Flood"", ""DDoS-SynonymousIP_Flood"", ""DDoS-ACK_Fragmentation"", ""DDoS-UDP_Fragmentation"", ""DDoS-ICMP_Fragmentation"", ""DDoS-SlowLoris"", ""DDoS-HTTP_Flood"", ""DoS-UDP_Flood"", ""DoS-SYN_Flood"", ""DoS-TCP_Flood"", ""DoS-HTTP_Flood"", ""Mirai-greeth_flood"", ""Mirai-greip_flood"", ""Mirai-udpplain"", ""Recon-PingSweep"", ""Recon-OSScan"", ""Recon-PortScan"", ""VulnerabilityScan"", ""Recon-HostDiscovery"", ""DNS_Spoofing"", ""MITM-ArpSpoofing"", ""BenignTraffic"", ""BrowserHijacking"", ""Backdoor_Malware"", ""XSS"", ""Uploading_Attack"", ""SqlInjection"", ""CommandInjection"", ""DictionaryBruteForce""]","[35009, 35010, 35009, 35012, 35011, 35012, 35012, 32099, 32855, 35011, 2716, 3254, 35011, 35010, 35006, 8180, 35006, 35008, 35006, 242, 11161, 9331, 4210, 15216, 20504, 35006, 35003, 650, 398, 418, 145, 605, 595, 1442]",,,,,,,
e87bfe071521,ciciot2023,fine,scaffold,100,0.1,diag_scaffold_sfs;tune_methods,0.5364548224843044,0.7290502654321295,0.5570162573149934,0.7064958081802462,0.12543489098815794,0.44447803029280974,0.6027848709589885,"[0.9345738295318127, 0.9647823911955978, 0.2554277138569285, 0.9605802901450725, 0.8608304152076038, 0.9960976585951571, 0.7742645587352411, 0.9640829694323144, 0.7955223880597015, 0.9735867933966984, 0.9219765929778934, 0.7567567567567568, 0.35127563781890947, 0.8176906143686212, 0.4202260678203461, 0.602233676975945, 0.11933580074022207, 0.9812925170068028, 0.9615846338535414, 0.0, 0.5753768844221105, 0.5030052592036063, 0.7464553794829024, 0.7074125230202578, 0.31772346607417534, 0.8677603280984295, 0.6017601760176018, 0.0, 0.0, 0.03418803418803419, 0.0, 0.0, 0.0, 0.17274939172749393]",200993,56290,109824,1.5027976500005025,1.3841102100013813,327.3419289079993,329.39333486557007,225.16,1499.421875,291.8017578125,40,0.5355615263106007,"[""DDoS-RSTFINFlood"", ""DDoS-PSHACK_Flood"", ""DDoS-SYN_Flood"", ""DDoS-UDP_Flood"", ""DDoS-TCP_Flood"", ""DDoS-ICMP_Flood"", ""DDoS-SynonymousIP_Flood"", ""DDoS-ACK_Fragmentation"", ""DDoS-UDP_Fragmentation"", ""DDoS-ICMP_Fragmentation"", ""DDoS-SlowLoris"", ""DDoS-HTTP_Flood"", ""DoS-UDP_Flood"", ""DoS-SYN_Flood"", ""DoS-TCP_Flood"", ""DoS-HTTP_Flood"", ""Mirai-greeth_flood"", ""Mirai-greip_flood"", ""Mirai-udpplain"", ""Recon-PingSweep"", ""Recon-OSScan"", ""Recon-PortScan"", ""VulnerabilityScan"", ""Recon-HostDiscovery"", ""DNS_Spoofing"", ""MITM-ArpSpoofing"", ""BenignTraffic"", ""BrowserHijacking"", ""Backdoor_Malware"", ""XSS"", ""Uploading_Attack"", ""SqlInjection"", ""CommandInjection"", ""DictionaryBruteForce""]","[35009, 35010, 35009, 35012, 35011, 35012, 35012, 32099, 32855, 35011, 2716, 3254, 35011, 35010, 35006, 8180, 35006, 35008, 35006, 242, 11161, 9331, 4210, 15216, 20504, 35006, 35003, 650, 398, 418, 145, 605, 595, 1442]",,,,,,,
4c8aa16b5bf9,ciciot2023,fine,scaffold,100,0.5,tune_methods,0.49156484382880733,0.6788942898508903,0.5160827627538599,0.6530650175663523,0.12177535151948765,0.43659772345103315,0.598002041112059,"[0.9313725490196079, 0.8635317658829414, 0.256328164082041, 0.9538769384692346, 0.8412206103051526, 0.9943966379827897, 0.7762657594556734, 0.8998908296943231, 0.38571428571428573, 0.9619809904952477, 0.9115734720416124, 0.5848648648648649, 0.2891445722861431, 0.7677606563938363, 0.49474842452735823, 0.6812714776632303, 0.06892067620286085, 0.9810924369747899, 0.961484593837535, 0.0, 0.17148241206030151, 0.6100676183320811, 0.8990825688073395, 0.4244935543278085, 0.301828747222697, 0.8981694508352506, 0.45184518451845185, 0.0, 0.0, 0.06837606837606838, 0.0, 0.047337278106508875, 0.02976190476190476, 0.038929440389294405]",200993,56290,109824,1.1147623900023973,1.1114044999976613,331.5568590169987,333.4671506881714,225.16,1498.1328125,291.8017578125,25,0.4896256573439942,"[""DDoS-RSTFINFlood"", ""DDoS-PSHACK_Flood"", ""DDoS-SYN_Flood"", ""DDoS-UDP_Flood"", ""DDoS-TCP_Flood"", ""DDoS-ICMP_Flood"", ""DDoS-SynonymousIP_Flood"", ""DDoS-ACK_Fragmentation"", ""DDoS-UDP_Fragmentation"", ""DDoS-ICMP_Fragmentation"", ""DDoS-SlowLoris"", ""DDoS-HTTP_Flood"", ""DoS-UDP_Flood"", ""DoS-SYN_Flood"", ""DoS-TCP_Flood"", ""DoS-HTTP_Flood"", ""Mirai-greeth_flood"", ""Mirai-greip_flood"", ""Mirai-udpplain"", ""Recon-PingSweep"", ""Recon-OSScan"", ""Recon-PortScan"", ""VulnerabilityScan"", ""Recon-HostDiscovery"", ""DNS_Spoofing"", ""MITM-ArpSpoofing"", ""BenignTraffic"", ""BrowserHijacking"", ""Backdoor_Malware"", ""XSS"", ""Uploading_Attack"", ""SqlInjection"", ""CommandInjection"", ""DictionaryBruteForce""]","[35009, 35010, 35009, 35012, 35011, 35012, 35012, 32099, 32855, 35011, 2716, 3254, 35011, 35010, 35006, 8180, 35006, 35008, 35006, 242, 11161, 9331, 4210, 15216, 20504, 35006, 35003, 650, 398, 418, 145, 605, 595, 1442]",,,,,,,
1620f2fd8629,edgeiiot,fine,scaffold,100,0.01,diag_scaffold_sfs;tune_methods,0.8053215546018838,0.8569791207470043,0.8064968551798241,0.8451539273657543,0.7515115774935027,0.6057545217469028,0.7884373231490004,"[0.9986496624156039, 0.9929982495623906, 0.9583271977617435, 0.9930062943350985, 0.5117980422462648, 0.9815944881889764, 0.987375415282392, 0.19230769230769232, 0.9133694294044148, 0.593108284082941, 0.3810754912099276, 0.9947394789579158, 0.9615076984603079, 0.7100591715976331, 0.927536231884058]",124765,67599,132480,1.5106443599984232,1.1625903399999515,203.96290102699822,205.9328453540802,270.396,1528.09765625,335.302734375,40,0.803022773639766,"[""Normal"", ""DDoS_UDP"", ""DDoS_ICMP"", ""DDoS_TCP"", ""DDoS_HTTP"", ""SQL_injection"", ""XSS"", ""Uploading"", ""Backdoor"", ""Password"", ""Ransomware"", ""Port_Scanning"", ""Vulnerability_scanner"", ""Fingerprinting"", ""MITM""]","[70011, 70010, 47569, 35051, 33987, 35589, 10553, 25772, 16825, 34961, 6790, 13991, 35024, 600, 255]",,,,,,,
49dbc145aa54,edgeiiot,fine,scaffold,100,0.02,diag_scaffold_sfs;tune_methods,0.8357738029932336,0.8697310944575802,0.8275369888467269,0.8686694981022044,0.7753914421971968,0.5973897914353062,0.7946413326186442,"[0.9992498124531133, 0.9924981245311327, 0.900898247680754, 0.9934059346588071, 0.6471921689850593, 0.9260826771653543, 0.9960132890365448, 0.381353628703452, 0.9179508538109121, 0.594610838425323, 0.45346432264736297, 0.9947394789579158, 0.9635072985402919, 0.7100591715976331, 0.9420289855072463]",124765,67599,132480,1.3660944749994997,1.1973139549991174,202.3445748969998,204.3067810535431,270.396,1528.1640625,335.302734375,40,0.8334988371150163,"[""Normal"", ""DDoS_UDP"", ""DDoS_ICMP"", ""DDoS_TCP"", ""DDoS_HTTP"", ""SQL_injection"", ""XSS"", ""Uploading"", ""Backdoor"", ""Password"", ""Ransomware"", ""Port_Scanning"", ""Vulnerability_scanner"", ""Fingerprinting"", ""MITM""]","[70011, 70010, 47569, 35051, 33987, 35589, 10553, 25772, 16825, 34961, 6790, 13991, 35024, 600, 255]",,,,,,,
372b34475742,edgeiiot,fine,scaffold,100,0.05,diag_scaffold_sfs;tune_methods,0.7577331017243686,0.7913437262052659,0.7829051182317452,0.7559762078515421,0.7984637918519054,0.501898589829572,0.7405764443013658,"[0.9997499374843711, 0.6647161790447612, 0.9787218377264026, 0.9999000899190729, 0.029057187017001544, 0.9132874015748031, 0.9953488372093023, 0.23960315303071486, 0.8973344439816743, 0.9072423119302815, 0.3996897621509824, 0.9514028056112225, 0.9687062587482503, 0.7988165680473372, 1.0]",124765,67599,132480,1.4482271450015105,1.5241785049965983,203.64974067300045,205.7517910003662,270.396,1527.7421875,335.302734375,50,0.7578496841839925,"[""Normal"", ""DDoS_UDP"", ""DDoS_ICMP"", ""DDoS_TCP"", ""DDoS_HTTP"", ""SQL_injection"", ""XSS"", ""Uploading"", ""Backdoor"", ""Password"", ""Ransomware"", ""Port_Scanning"", ""Vulnerability_scanner"", ""Fingerprinting"", ""MITM""]","[70011, 70010, 47569, 35051, 33987, 35589, 10553, 25772, 16825, 34961, 6790, 13991, 35024, 600, 255]",,,,,,,
e005bf6bf1a7,edgeiiot,fine,scaffold,100,0.1,diag_scaffold_sfs;tune_methods,0.6715588339540991,0.6356269787199936,0.7022568370728507,0.6178310287840724,0.7863633910271336,0.5405613491341204,0.7213184766876777,"[0.501825456364091, 0.3829457364341085, 0.9622294212928877, 0.9928064741732441, 0.022771767130345184, 0.9750984251968504, 0.967109634551495, 0.19040500135906496, 0.9175343606830487, 0.5192827807272363, 0.4327817993795243, 0.9473947895791583, 0.9761047790441911, 0.7455621301775148, 1.0]",124765,67599,132480,1.1188567649969627,1.1675705450034002,202.4737921470023,204.2956862449646,270.396,1527.05859375,335.302734375,45,0.6736590759355364,"[""Normal"", ""DDoS_UDP"", ""DDoS_ICMP"", ""DDoS_TCP"", ""DDoS_HTTP"", ""SQL_injection"", ""XSS"", ""Uploading"", ""Backdoor"", ""Password"", ""Ransomware"", ""Port_Scanning"", ""Vulnerability_scanner"", ""Fingerprinting"", ""MITM""]","[70011, 70010, 47569, 35051, 33987, 35589, 10553, 25772, 16825, 34961, 6790, 13991, 35024, 600, 255]",,,,,,,
f927d25d7607,edgeiiot,fine,scaffold,100,0.5,tune_methods,0.5131235095773508,0.5095018635033863,0.5903215990800551,0.4681586533252241,0.711389297545373,0.30672226165817107,0.61922068048912,"[0.3237309327331833, 0.3523380845211303, 0.9665734059785009, 0.712758517334399, 0.00010303967027305513, 0.8502952755905512, 0.9903654485049834, 0.22397390595270453, 0.8875468554768846, 0.02143644195131724, 0.32264736297828334, 0.906563126252505, 0.7639472105578884, 0.5325443786982249, 1.0]",124765,67599,132480,1.171762479998506,1.2546169300003385,201.2103551959999,203.08334612846375,270.396,1527.51953125,335.302734375,30,0.5136849306002405,"[""Normal"", ""DDoS_UDP"", ""DDoS_ICMP"", ""DDoS_TCP"", ""DDoS_HTTP"", ""SQL_injection"", ""XSS"", ""Uploading"", ""Backdoor"", ""Password"", ""Ransomware"", ""Port_Scanning"", ""Vulnerability_scanner"", ""Fingerprinting"", ""MITM""]","[70011, 70010, 47569, 35051, 33987, 35589, 10553, 25772, 16825, 34961, 6790, 13991, 35024, 600, 255]",,,,,,,
124eb3574728,ciciot2023,fine,centralised,0,,main,0.6196962360142249,0.808423304642022,0.6201189271212263,0.797997678650588,0.14286332279151215,0.6196962360142249,0.6196962360142249,"[0.9988993396037622, 0.9989994997498749, 0.923138510808647, 0.8807403701850925, 0.9485742871435718, 0.9989993996397839, 0.6746047628577146, 0.989193319506604, 0.9895500106632544, 0.985594237695078, 0.8573281452658884, 0.8515709642470206, 0.6981094328298489, 0.584392196098049, 0.5851340536214485, 0.8965665236051502, 0.26220488195278113, 0.9751900760304122, 0.9957983193277311, 0.0, 0.1337519623233909, 0.5497559143822757, 0.9482902418682235, 0.7527624309392266, 0.6285030758714969, 0.7010804321728692, 0.8468693738747749, 0.11049723756906077, 0.0, 0.0, 0.0, 0.011764705882352941, 0.1497005988023952, 0.15647921760391198]",200990,56290,109824,1.2047669900039182,1.3025429849994907,382.3223900180028,383.34502387046814,0.0,1594.59765625,380.5546875,20,0.6135273463251858,"[""DDoS-RSTFINFlood"", ""DDoS-PSHACK_Flood"", ""DDoS-SYN_Flood"", ""DDoS-UDP_Flood"", ""DDoS-TCP_Flood"", ""DDoS-ICMP_Flood"", ""DDoS-SynonymousIP_Flood"", ""DDoS-ACK_Fragmentation"", ""DDoS-UDP_Fragmentation"", ""DDoS-ICMP_Fragmentation"", ""DDoS-SlowLoris"", ""DDoS-HTTP_Flood"", ""DoS-UDP_Flood"", ""DoS-SYN_Flood"", ""DoS-TCP_Flood"", ""DoS-HTTP_Flood"", ""Mirai-greeth_flood"", ""Mirai-greip_flood"", ""Mirai-udpplain"", ""Recon-PingSweep"", ""Recon-OSScan"", ""Recon-PortScan"", ""VulnerabilityScan"", ""Recon-HostDiscovery"", ""DNS_Spoofing"", ""MITM-ArpSpoofing"", ""BenignTraffic"", ""BrowserHijacking"", ""Backdoor_Malware"", ""XSS"", ""Uploading_Attack"", ""SqlInjection"", ""CommandInjection"", ""DictionaryBruteForce""]","[35013, 35009, 35014, 35010, 35011, 35013, 35012, 32096, 32858, 35008, 2712, 3256, 35008, 35010, 35008, 8173, 35008, 35009, 35007, 241, 11161, 9330, 4210, 15217, 20501, 35007, 35004, 649, 396, 418, 148, 603, 596, 1446]",,,,,,,
c68cad4b1c17,ciciot2023,fine,centralised,1,,main,0.6187524861386063,0.8094970371512868,0.6144026158688679,0.8056499376290626,0.14049174333958403,0.6187524861386063,0.6187524861386063,"[0.9989993996397839, 0.998198919351611, 0.9257703081232493, 0.6661664665866347, 0.8885554221688675, 0.9984992496248124, 0.6577577577577578, 0.9886500054567281, 0.9877398720682303, 0.9864932466233116, 0.939119170984456, 0.8045356371490281, 0.8676205723434061, 0.5926555933560136, 0.6373549419767908, 0.9210639210639211, 0.660796477886732, 0.7092546273136568, 0.9952981192476991, 0.0, 0.2594221105527638, 0.2531930879038317, 0.9557595993322203, 0.6435643564356436, 0.6813055365686944, 0.6623311655827914, 0.8842768553710743, 0.06593406593406594, 0.0, 0.0, 0.0, 0.0, 0.08333333333333333, 0.17603911980440098]",200989,56290,109824,1.3971160999972199,1.5371956050012159,383.39659692900113,384.49192452430725,0.0,1594.28515625,380.55419921875,30,0.6217790258661422,"[""DDoS-RSTFINFlood"", ""DDoS-PSHACK_Flood"", ""DDoS-SYN_Flood"", ""DDoS-UDP_Flood"", ""DDoS-TCP_Flood"", ""DDoS-ICMP_Flood"", ""DDoS-SynonymousIP_Flood"", ""DDoS-ACK_Fragmentation"", ""DDoS-UDP_Fragmentation"", ""DDoS-ICMP_Fragmentation"", ""DDoS-SlowLoris"", ""DDoS-HTTP_Flood"", ""DoS-UDP_Flood"", ""DoS-SYN_Flood"", ""DoS-TCP_Flood"", ""DoS-HTTP_Flood"", ""Mirai-greeth_flood"", ""Mirai-greip_flood"", ""Mirai-udpplain"", ""Recon-PingSweep"", ""Recon-OSScan"", ""Recon-PortScan"", ""VulnerabilityScan"", ""Recon-HostDiscovery"", ""DNS_Spoofing"", ""MITM-ArpSpoofing"", ""BenignTraffic"", ""BrowserHijacking"", ""Backdoor_Malware"", ""XSS"", ""Uploading_Attack"", ""SqlInjection"", ""CommandInjection"", ""DictionaryBruteForce""]","[35013, 35013, 35009, 35007, 35009, 35012, 35021, 32094, 32855, 35009, 2712, 3252, 35012, 35013, 35008, 8172, 35011, 35012, 35009, 240, 11162, 9332, 4211, 15218, 20502, 35011, 35005, 648, 397, 419, 146, 605, 595, 1446]",,,,,,,
bac6960cfbe9,ciciot2023,fine,centralised,2,,main,0.615037645271101,0.8007174272124818,0.6124999201865421,0.7921062696606808,0.151170478624748,0.615037645271101,0.615037645271101,"[0.9988992294606225, 0.9990995497748875, 0.9484793917567027, 0.9385692846423211, 0.9477738869434718, 0.9987991594115881, 0.6585634253701481, 0.9895196506550218, 0.9905117270788912, 0.9812925170068028, 0.9116883116883117, 0.7215601300108342, 0.5560780390195098, 0.5628251300520208, 0.603641456582633, 0.944182052382997, 0.8265959575745447, 0.3504051215364609, 0.9965989796939082, 0.0, 0.10737833594976452, 0.540946656649136, 0.9316096747289407, 0.6981349297720469, 0.5744789887256577, 0.750250050010002, 0.8482696539307861, 0.12021857923497267, 0.0, 0.0, 0.0, 0.0, 0.1437125748502994, 0.18491484184914841]",200996,56290,109824,1.4899437200028842,1.4483093499984534,382.19941679499516,383.3716287612915,0.0,1595.0703125,380.5546875,20,0.6145944077037957,"[""DDoS-RSTFINFlood"", ""DDoS-PSHACK_Flood"", ""DDoS-SYN_Flood"", ""DDoS-UDP_Flood"", ""DDoS-TCP_Flood"", ""DDoS-ICMP_Flood"", ""DDoS-SynonymousIP_Flood"", ""DDoS-ACK_Fragmentation"", ""DDoS-UDP_Fragmentation"", ""DDoS-ICMP_Fragmentation"", ""DDoS-SlowLoris"", ""DDoS-HTTP_Flood"", ""DoS-UDP_Flood"", ""DoS-SYN_Flood"", ""DoS-TCP_Flood"", ""DoS-HTTP_Flood"", ""Mirai-greeth_flood"", ""Mirai-greip_flood"", ""Mirai-udpplain"", ""Recon-PingSweep"", ""Recon-OSScan"", ""Recon-PortScan"", ""VulnerabilityScan"", ""Recon-HostDiscovery"", ""DNS_Spoofing"", ""MITM-ArpSpoofing"", ""BenignTraffic"", ""BrowserHijacking"", ""Backdoor_Malware"", ""XSS"", ""Uploading_Attack"", ""SqlInjection"", ""CommandInjection"", ""DictionaryBruteForce""]","[35014, 35009, 35007, 35011, 35009, 35013, 35010, 32099, 32855, 35008, 2715, 3256, 35011, 35009, 35008, 8176, 35012, 35007, 35006, 239, 11161, 9332, 4209, 15219, 20498, 35004, 35004, 646, 397, 420, 148, 604, 596, 1443]",,,,,,,
0641d98088a3,ciciot2023,fine,centralised,3,,main,0.6240068533276122,0.810452736318408,0.6196203255378516,0.802748527008174,0.15620979184286593,0.6240068533276122,0.6240068533276122,"[0.9986994797919168, 0.9991996798719488, 0.9515806322529011, 0.8001801080648389, 0.9741845107064239, 0.9984989492644851, 0.7216608304152076, 0.9873390089500109, 0.9896588486140725, 0.9866973394678936, 0.9193758127438232, 0.6962162162162162, 0.7765106042416967, 0.5393235941564939, 0.56062424969988, 0.9459459459459459, 0.8330998599159496, 0.4255702280912365, 0.9956978489244622, 0.0, 0.1564070351758794, 0.4577544123169358, 0.9598997493734336, 0.7920313219714418, 0.5104202254868466, 0.7093127938381515, 0.8946894689468947, 0.11475409836065574, 0.0, 0.0, 0.0, 0.023529411764705882, 0.17261904761904762, 0.17560975609756097]",201000,56290,109824,1.1429446500005724,1.950687644998652,386.17295270900104,387.3394958972931,0.0,1594.5703125,380.5546875,25,0.6218806406566532,"[""DDoS-RSTFINFlood"", ""DDoS-PSHACK_Flood"", ""DDoS-SYN_Flood"", ""DDoS-UDP_Flood"", ""DDoS-TCP_Flood"", ""DDoS-ICMP_Flood"", ""DDoS-SynonymousIP_Flood"", ""DDoS-ACK_Fragmentation"", ""DDoS-UDP_Fragmentation"", ""DDoS-ICMP_Fragmentation"", ""DDoS-SlowLoris"", ""DDoS-HTTP_Flood"", ""DoS-UDP_Flood"", ""DoS-SYN_Flood"", ""DoS-TCP_Flood"", ""DoS-HTTP_Flood"", ""Mirai-greeth_flood"", ""Mirai-greip_flood"", ""Mirai-udpplain"", ""Recon-PingSweep"", ""Recon-OSScan"", ""Recon-PortScan"", ""VulnerabilityScan"", ""Recon-HostDiscovery"", ""DNS_Spoofing"", ""MITM-ArpSpoofing"", ""BenignTraffic"", ""BrowserHijacking"", ""Backdoor_Malware"", ""XSS"", ""Uploading_Attack"", ""SqlInjection"", ""CommandInjection"", ""DictionaryBruteForce""]","[35009, 35010, 35011, 35011, 35012, 35015, 35011, 32097, 32855, 35006, 2718, 3253, 35008, 35014, 35009, 8174, 35012, 35009, 35010, 238, 11161, 9331, 4214, 15219, 20498, 35006, 35003, 646, 396, 418, 147, 602, 596, 1444]",,,,,,,
4cb1d814e483,ciciot2023,fine,centralised,4,,main,0.625667767374622,0.8166793530444819,0.6213279192747972,0.8101674348367959,0.1409922787680624,0.625667767374622,0.625667767374622,"[0.9988992294606225, 0.9991995997998999, 0.9367557290103072, 0.7453981592637055, 0.9655862344937975, 0.9988993396037622, 0.7089835934373749, 0.9864643597860495, 0.991044776119403, 0.9810943282984895, 0.8989637305699482, 0.79004329004329, 0.8291145572786394, 0.5500650195058517, 0.5823329331732693, 0.9206349206349206, 0.8841536614645858, 0.5011006603962378, 0.9954986495948784, 0.0, 0.18730358265241986, 0.4541697971450038, 0.9291666666666667, 0.8001381533502188, 0.5196514012303486, 0.7277455491098219, 0.8727745549109822, 0.09836065573770492, 0.0, 0.0, 0.0, 0.0058823529411764705, 0.1242603550295858, 0.14146341463414633]",201003,56290,109824,1.3386871000011524,1.1569995750005546,382.8595416799981,383.92455554008484,0.0,1594.05078125,380.5546875,30,0.6223950033237042,"[""DDoS-RSTFINFlood"", ""DDoS-PSHACK_Flood"", ""DDoS-SYN_Flood"", ""DDoS-UDP_Flood"", ""DDoS-TCP_Flood"", ""DDoS-ICMP_Flood"", ""DDoS-SynonymousIP_Flood"", ""DDoS-ACK_Fragmentation"", ""DDoS-UDP_Fragmentation"", ""DDoS-ICMP_Fragmentation"", ""DDoS-SlowLoris"", ""DDoS-HTTP_Flood"", ""DoS-UDP_Flood"", ""DoS-SYN_Flood"", ""DoS-TCP_Flood"", ""DoS-HTTP_Flood"", ""Mirai-greeth_flood"", ""Mirai-greip_flood"", ""Mirai-udpplain"", ""Recon-PingSweep"", ""Recon-OSScan"", ""Recon-PortScan"", ""VulnerabilityScan"", ""Recon-HostDiscovery"", ""DNS_Spoofing"", ""MITM-ArpSpoofing"", ""BenignTraffic"", ""BrowserHijacking"", ""Backdoor_Malware"", ""XSS"", ""Uploading_Attack"", ""SqlInjection"", ""CommandInjection"", ""DictionaryBruteForce""]","[35014, 35010, 35013, 35008, 35009, 35014, 35008, 32099, 32856, 35007, 2711, 3255, 35011, 35007, 35009, 8171, 35010, 35013, 35006, 239, 11165, 9332, 4208, 15219, 20503, 35005, 35004, 646, 397, 418, 145, 603, 594, 1444]",,,,,,,
7cfb3b9f041a,ciciot2023,fine,fedavg,0,,ablation;main;sensitivity,0.5412929809316328,0.7516592865316682,0.5549939390451311,0.7326080809013896,0.08197562341198238,0.3867064182879534,0.5921713128199897,"[0.9949969981989194, 0.9975987993996999, 0.8817053642914331, 0.9980990495247624, 0.7512756378189095, 0.9975985591354813, 0.33510106063638184, 0.9299203143761599, 0.918212838558328, 0.9776910764305722, 0.6277561608300908, 0.6598049837486457, 0.4812443733119936, 0.2287143571785893, 0.6225490196078431, 0.9030042918454936, 0.9860944377751101, 0.7050820328131252, 0.9882953181272509, 0.0, 0.7918367346938775, 0.36312429590687195, 0.8281901584653878, 0.0, 0.26469583048530415, 0.8617446978791516, 0.6654330866173235, 0.0, 0.0, 0.0, 0.0, 0.0, 0.0, 0.1100244498777506]",200990,56290,109824,1.6208646600034626,1.4989587199988819,332.35803436899823,334.3286774158478,112.58,1501.21484375,286.177734375,50,0.5398661531527494,"[""DDoS-RSTFINFlood"", ""DDoS-PSHACK_Flood"", ""DDoS-SYN_Flood"", ""DDoS-UDP_Flood"", ""DDoS-TCP_Flood"", ""DDoS-ICMP_Flood"", ""DDoS-SynonymousIP_Flood"", ""DDoS-ACK_Fragmentation"", ""DDoS-UDP_Fragmentation"", ""DDoS-ICMP_Fragmentation"", ""DDoS-SlowLoris"", ""DDoS-HTTP_Flood"", ""DoS-UDP_Flood"", ""DoS-SYN_Flood"", ""DoS-TCP_Flood"", ""DoS-HTTP_Flood"", ""Mirai-greeth_flood"", ""Mirai-greip_flood"", ""Mirai-udpplain"", ""Recon-PingSweep"", ""Recon-OSScan"", ""Recon-PortScan"", ""VulnerabilityScan"", ""Recon-HostDiscovery"", ""DNS_Spoofing"", ""MITM-ArpSpoofing"", ""BenignTraffic"", ""BrowserHijacking"", ""Backdoor_Malware"", ""XSS"", ""Uploading_Attack"", ""SqlInjection"", ""CommandInjection"", ""DictionaryBruteForce""]","[35013, 35009, 35014, 35010, 35011, 35013, 35012, 32096, 32858, 35008, 2712, 3256, 35008, 35010, 35008, 8173, 35008, 35009, 35007, 241, 11161, 9330, 4210, 15217, 20501, 35007, 35004, 649, 396, 418, 148, 603, 596, 1446]",,,,,,,
e99cad5ffc5a,ciciot2023,fine,fedavg,1,,ablation;main;sensitivity,0.5274611669653355,0.7266268303240476,0.5361257104224815,0.70652106557841,0.10977108326893598,0.37943964718993173,0.5355342876817076,"[0.9982989793876326, 0.9961977186311787, 0.7704081632653061, 0.9809923969587835, 0.8554421768707483, 0.9462731365682842, 0.6826826826826827, 0.42507912255811414, 0.9795309168443497, 0.9724862431215607, 0.8290155440414507, 0.5367170626349892, 0.7270362217330398, 0.11656994196517911, 0.5535214085634254, 0.8485628485628486, 0.9935961576946167, 0.5616808404202102, 0.9404761904761905, 0.0, 0.44472361809045224, 0.4695717505634861, 0.7470784641068448, 0.2675569882569652, 0.02238550922761449, 0.9505752876438219, 0.4528905781156231, 0.0, 0.0, 0.0, 0.0, 0.0, 0.0, 0.15892420537897312]",200989,56290,109824,1.3513208199992732,1.5510844800019186,325.2351236479981,327.0897753238678,112.58,1501.63671875,289.54736328125,30,0.5283092127335055,"[""DDoS-RSTFINFlood"", ""DDoS-PSHACK_Flood"", ""DDoS-SYN_Flood"", ""DDoS-UDP_Flood"", ""DDoS-TCP_Flood"", ""DDoS-ICMP_Flood"", ""DDoS-SynonymousIP_Flood"", ""DDoS-ACK_Fragmentation"", ""DDoS-UDP_Fragmentation"", ""DDoS-ICMP_Fragmentation"", ""DDoS-SlowLoris"", ""DDoS-HTTP_Flood"", ""DoS-UDP_Flood"", ""DoS-SYN_Flood"", ""DoS-TCP_Flood"", ""DoS-HTTP_Flood"", ""Mirai-greeth_flood"", ""Mirai-greip_flood"", ""Mirai-udpplain"", ""Recon-PingSweep"", ""Recon-OSScan"", ""Recon-PortScan"", ""VulnerabilityScan"", ""Recon-HostDiscovery"", ""DNS_Spoofing"", ""MITM-ArpSpoofing"", ""BenignTraffic"", ""BrowserHijacking"", ""Backdoor_Malware"", ""XSS"", ""Uploading_Attack"", ""SqlInjection"", ""CommandInjection"", ""DictionaryBruteForce""]","[35013, 35013, 35009, 35007, 35009, 35012, 35021, 32094, 32855, 35009, 2712, 3252, 35012, 35013, 35008, 8172, 35011, 35012, 35009, 240, 11162, 9332, 4211, 15218, 20502, 35011, 35005, 648, 397, 419, 146, 605, 595, 1446]",,,,,,,
28da0ada0d9c,ciciot2023,fine,fedavg,2,,ablation;main;sensitivity,0.5104687916581323,0.7348653704551334,0.5247221560937954,0.719334240504471,0.07762717894279587,0.4013159350773266,0.5834327658604004,"[0.9865906134294006, 0.7503751875937968, 0.382953181272509, 0.9173586793396699, 0.2657328664332166, 0.9918943260282198, 0.896358543417367, 0.986353711790393, 0.9728144989339019, 0.8748499399759904, 0.6623376623376623, 0.38894907908992415, 0.6300150075037518, 0.6765706282513005, 0.9669867947178872, 0.5929583512237011, 0.8680208124874925, 0.7612283685105532, 0.9863959187756327, 0.0, 0.210989010989011, 0.6919609316303531, 0.1409507923269391, 0.8629979276997467, 0.4904338913563375, 0.16403280656131225, 0.6841368273654731, 0.0, 0.0, 0.0, 0.0, 0.0, 0.011976047904191617, 0.024330900243309004]",200996,56290,109824,1.2186385500035612,1.4841811749965927,327.84467897300146,329.6857018470764,112.58,1491.4453125,284.41259765625,40,0.5137639467249802,"[""DDoS-RSTFINFlood"", ""DDoS-PSHACK_Flood"", ""DDoS-SYN_Flood"", ""DDoS-UDP_Flood"", ""DDoS-TCP_Flood"", ""DDoS-ICMP_Flood"", ""DDoS-SynonymousIP_Flood"", ""DDoS-ACK_Fragmentation"", ""DDoS-UDP_Fragmentation"", ""DDoS-ICMP_Fragmentation"", ""DDoS-SlowLoris"", ""DDoS-HTTP_Flood"", ""DoS-UDP_Flood"", ""DoS-SYN_Flood"", ""DoS-TCP_Flood"", ""DoS-HTTP_Flood"", ""Mirai-greeth_flood"", ""Mirai-greip_flood"", ""Mirai-udpplain"", ""Recon-PingSweep"", ""Recon-OSScan"", ""Recon-PortScan"", ""VulnerabilityScan"", ""Recon-HostDiscovery"", ""DNS_Spoofing"", ""MITM-ArpSpoofing"", ""BenignTraffic"", ""BrowserHijacking"", ""Backdoor_Malware"", ""XSS"", ""Uploading_Attack"", ""SqlInjection"", ""CommandInjection"", ""DictionaryBruteForce""]","[35014, 35009, 35007, 35011, 35009, 35013, 35010, 32099, 32855, 35008, 2715, 3256, 35011, 35009, 35008, 8176, 35012, 35007, 35006, 239, 11161, 9332, 4209, 15219, 20498, 35004, 35004, 646, 397, 420, 148, 604, 596, 1443]",,,,,,,
fc53a8c3073d,ciciot2023,fine,fedavg,3,,ablation;main,0.5000957275547087,0.7002039800995025,0.5187994815924076,0.6518252707547514,0.12436570280982427,0.39869540086839045,0.5282516963106999,"[0.9981992797118847, 0.9838935574229691, 0.8270308123249299, 0.0, 0.9939963978387032, 0.9981987391173822, 0.4842421210605303, 0.9172669722767954, 0.9785714285714285, 0.9731946389277856, 0.6449934980494149, 0.4616216216216216, 0.9900960384153662, 0.34820892535521314, 0.09003601440576231, 0.8181038181038182, 0.8402041224734841, 0.842436974789916, 0.9856928464232116, 0.0, 0.24937185929648242, 0.15996995869320316, 0.5421888053467001, 0.570704744357439, 0.5452681926887598, 0.005201560468140442, 0.9161916191619162, 0.0, 0.18018018018018017, 0.0, 0.0, 0.29411764705882354, 0.0, 0.0]",201000,56290,109824,1.6455376249996334,1.6631152850004582,325.9457465209998,327.9048082828522,112.58,1496.0703125,283.95654296875,50,0.5019209358532284,"[""DDoS-RSTFINFlood"", ""DDoS-PSHACK_Flood"", ""DDoS-SYN_Flood"", ""DDoS-UDP_Flood"", ""DDoS-TCP_Flood"", ""DDoS-ICMP_Flood"", ""DDoS-SynonymousIP_Flood"", ""DDoS-ACK_Fragmentation"", ""DDoS-UDP_Fragmentation"", ""DDoS-ICMP_Fragmentation"", ""DDoS-SlowLoris"", ""DDoS-HTTP_Flood"", ""DoS-UDP_Flood"", ""DoS-SYN_Flood"", ""DoS-TCP_Flood"", ""DoS-HTTP_Flood"", ""Mirai-greeth_flood"", ""Mirai-greip_flood"", ""Mirai-udpplain"", ""Recon-PingSweep"", ""Recon-OSScan"", ""Recon-PortScan"", ""VulnerabilityScan"", ""Recon-HostDiscovery"", ""DNS_Spoofing"", ""MITM-ArpSpoofing"", ""BenignTraffic"", ""BrowserHijacking"", ""Backdoor_Malware"", ""XSS"", ""Uploading_Attack"", ""SqlInjection"", ""CommandInjection"", ""DictionaryBruteForce""]","[35009, 35010, 35011, 35011, 35012, 35015, 35011, 32097, 32855, 35006, 2718, 3253, 35008, 35014, 35009, 8174, 35012, 35009, 35010, 238, 11161, 9331, 4214, 15219, 20498, 35006, 35003, 646, 396, 418, 147, 602, 596, 1444]",,,,,,,
20785add3937,ciciot2023,fine,fedavg,4,,ablation;main,0.5005804528777632,0.7527350338054656,0.5098530578850101,0.7306957893201133,0.005672802842018057,0.3975690520253298,0.5799255282862184,"[0.9979985990193135, 0.9969984992496248, 0.8189732812969078, 0.9755902360944377, 0.4530812324929972, 0.9902941765059036, 0.22458983593437376, 0.972273769239166, 0.9101279317697228, 0.9320796238871661, 0.038860103626943004, 0.5876623376623377, 0.5034517258629315, 0.7323196959087727, 0.9657863145258103, 0.8421278421278421, 0.9702881152460985, 0.6585951570942565, 0.9914974492347705, 0.0, 0.5779384035197989, 0.0, 0.16333333333333333, 0.17614552152889706, 0.4752221462747779, 0.8792758551710342, 0.4882976595319064, 0.0, 0.0, 0.0, 0.0, 0.0, 0.0, 0.012195121951219513]",201003,56290,109824,1.5368618450020222,1.1468746400032614,328.0697810069987,329.862096786499,112.58,1508.5859375,280.94677734375,35,0.5030364748912666,"[""DDoS-RSTFINFlood"", ""DDoS-PSHACK_Flood"", ""DDoS-SYN_Flood"", ""DDoS-UDP_Flood"", ""DDoS-TCP_Flood"", ""DDoS-ICMP_Flood"", ""DDoS-SynonymousIP_Flood"", ""DDoS-ACK_Fragmentation"", ""DDoS-UDP_Fragmentation"", ""DDoS-ICMP_Fragmentation"", ""DDoS-SlowLoris"", ""DDoS-HTTP_Flood"", ""DoS-UDP_Flood"", ""DoS-SYN_Flood"", ""DoS-TCP_Flood"", ""DoS-HTTP_Flood"", ""Mirai-greeth_flood"", ""Mirai-greip_flood"", ""Mirai-udpplain"", ""Recon-PingSweep"", ""Recon-OSScan"", ""Recon-PortScan"", ""VulnerabilityScan"", ""Recon-HostDiscovery"", ""DNS_Spoofing"", ""MITM-ArpSpoofing"", ""BenignTraffic"", ""BrowserHijacking"", ""Backdoor_Malware"", ""XSS"", ""Uploading_Attack"", ""SqlInjection"", ""CommandInjection"", ""DictionaryBruteForce""]","[35014, 35010, 35013, 35008, 35009, 35014, 35008, 32099, 32856, 35007, 2711, 3255, 35011, 35007, 35009, 8171, 35010, 35013, 35006, 239, 11165, 9332, 4208, 15219, 20503, 35005, 35004, 646, 397, 418, 145, 603, 594, 1444]",,,,,,,
80b1bb0fd94e,ciciot2023,fine,fedprox,0,,main,0.540859227801854,0.7529877108313846,0.5551931175072624,0.7375326293777866,0.07816202241691673,0.4469902700585917,0.587052396724851,"[0.9977986792075245, 0.9970985492746374, 0.8349679743795037, 0.9813906953476739, 0.9732866433216608, 0.9970982589553732, 0.13588152891735042, 0.9470581814212422, 0.9022179569204521, 0.9831932773109243, 0.5317769130998703, 0.47670639219934996, 0.6572971891567471, 0.5587793896948474, 0.4017607042817127, 0.9120171673819742, 0.9510804321728692, 0.694577831132453, 0.9790916366546618, 0.0, 0.7202511773940345, 0.07698084866691701, 0.8757297748123436, 0.3777624309392265, 0.6775461380724539, 0.6111444577831132, 0.4523904780956191, 0.0, 0.0, 0.0, 0.0, 0.01764705882352941, 0.0, 0.15403422982885084]",200990,56290,109824,1.487837459999355,1.707146815001579,534.1015257060035,536.0312168598175,112.58,1555.875,286.177734375,40,0.5404215292327761,"[""DDoS-RSTFINFlood"", ""DDoS-PSHACK_Flood"", ""DDoS-SYN_Flood"", ""DDoS-UDP_Flood"", ""DDoS-TCP_Flood"", ""DDoS-ICMP_Flood"", ""DDoS-SynonymousIP_Flood"", ""DDoS-ACK_Fragmentation"", ""DDoS-UDP_Fragmentation"", ""DDoS-ICMP_Fragmentation"", ""DDoS-SlowLoris"", ""DDoS-HTTP_Flood"", ""DoS-UDP_Flood"", ""DoS-SYN_Flood"", ""DoS-TCP_Flood"", ""DoS-HTTP_Flood"", ""Mirai-greeth_flood"", ""Mirai-greip_flood"", ""Mirai-udpplain"", ""Recon-PingSweep"", ""Recon-OSScan"", ""Recon-PortScan"", ""VulnerabilityScan"", ""Recon-HostDiscovery"", ""DNS_Spoofing"", ""MITM-ArpSpoofing"", ""BenignTraffic"", ""BrowserHijacking"", ""Backdoor_Malware"", ""XSS"", ""Uploading_Attack"", ""SqlInjection"", ""CommandInjection"", ""DictionaryBruteForce""]","[35013, 35009, 35014, 35010, 35011, 35013, 35012, 32096, 32858, 35008, 2712, 3256, 35008, 35010, 35008, 8173, 35008, 35009, 35007, 241, 11161, 9330, 4210, 15217, 20501, 35007, 35004, 649, 396, 418, 148, 603, 596, 1446]",,,,,,,
6413fa8194e9,ciciot2023,fine,fedprox,1,,main,0.543916353067011,0.7479115772504963,0.5460501099578786,0.730043350386312,0.11532285415036118,0.43731996006949164,0.5842851463752862,"[0.9925955573344006, 0.9973984390634381, 0.4718887555022009, 0.9884953981592637, 0.9659863945578231, 0.990895447723862, 0.3204204204204204, 0.9720615518934846, 0.8468017057569296, 0.9753876938469235, 0.7992227979274611, 0.5799136069114471, 0.22083249949969982, 0.6411847108264959, 0.8884553821528611, 0.6936936936936937, 0.974384630778467, 0.8053026513256628, 0.9837935174069627, 0.0, 0.004082914572864322, 0.384297520661157, 0.830550918196995, 0.49850333870596364, 0.16712235133287764, 0.9406703351675838, 0.3930786157231446, 0.0, 0.0, 0.0, 0.0, 0.0650887573964497, 0.0, 0.17359413202933985]",200989,56290,109824,1.464698754998608,1.18589916000019,524.2051010749992,525.9791882038116,112.58,1555.921875,289.54736328125,45,0.54419504760282,"[""DDoS-RSTFINFlood"", ""DDoS-PSHACK_Flood"", ""DDoS-SYN_Flood"", ""DDoS-UDP_Flood"", ""DDoS-TCP_Flood"", ""DDoS-ICMP_Flood"", ""DDoS-SynonymousIP_Flood"", ""DDoS-ACK_Fragmentation"", ""DDoS-UDP_Fragmentation"", ""DDoS-ICMP_Fragmentation"", ""DDoS-SlowLoris"", ""DDoS-HTTP_Flood"", ""DoS-UDP_Flood"", ""DoS-SYN_Flood"", ""DoS-TCP_Flood"", ""DoS-HTTP_Flood"", ""Mirai-greeth_flood"", ""Mirai-greip_flood"", ""Mirai-udpplain"", ""Recon-PingSweep"", ""Recon-OSScan"", ""Recon-PortScan"", ""VulnerabilityScan"", ""Recon-HostDiscovery"", ""DNS_Spoofing"", ""MITM-ArpSpoofing"", ""BenignTraffic"", ""BrowserHijacking"", ""Backdoor_Malware"", ""XSS"", ""Uploading_Attack"", ""SqlInjection"", ""CommandInjection"", ""DictionaryBruteForce""]","[35013, 35013, 35009, 35007, 35009, 35012, 35021, 32094, 32855, 35009, 2712, 3252, 35012, 35013, 35008, 8172, 35011, 35012, 35009, 240, 11162, 9332, 4211, 15218, 20502, 35011, 35005, 648, 397, 419, 146, 605, 595, 1446]",,,,,,,
c04187312cf6,ciciot2023,fine,fedprox,2,,main,0.5109004016774883,0.7324822384525065,0.5234975689055732,0.7176454079320804,0.08332440142833954,0.44891271482267064,0.5797954604076473,"[0.985790053037126, 0.8994497248624312, 0.9704881952781113, 0.8821410705352676, 0.36148074037018507, 0.9976983888722105, 0.5500200080032013, 0.9889737991266375, 0.9808102345415778, 0.8756502601040416, 0.6844155844155844, 0.13976164680390032, 0.7115557778889444, 0.552420968387355, 0.8343337334933973, 0.6930012881064834, 0.3833299979987993, 0.9622886866059818, 0.9820946283885166, 0.0, 0.13783359497645212, 0.7607062359128475, 0.32360300250208507, 0.7761915726456367, 0.47710966860266485, 0.6964392878575715, 0.12582516503300661, 0.0, 0.0, 0.0, 0.0, 0.0, 0.011976047904191617, 0.0535279805352798]",200996,56290,109824,1.5756797549965995,1.4684128850012712,529.4038666669958,531.3133175373077,112.58,1545.6171875,284.41259765625,50,0.5144394784348151,"[""DDoS-RSTFINFlood"", ""DDoS-PSHACK_Flood"", ""DDoS-SYN_Flood"", ""DDoS-UDP_Flood"", ""DDoS-TCP_Flood"", ""DDoS-ICMP_Flood"", ""DDoS-SynonymousIP_Flood"", ""DDoS-ACK_Fragmentation"", ""DDoS-UDP_Fragmentation"", ""DDoS-ICMP_Fragmentation"", ""DDoS-SlowLoris"", ""DDoS-HTTP_Flood"", ""DoS-UDP_Flood"", ""DoS-SYN_Flood"", ""DoS-TCP_Flood"", ""DoS-HTTP_Flood"", ""Mirai-greeth_flood"", ""Mirai-greip_flood"", ""Mirai-udpplain"", ""Recon-PingSweep"", ""Recon-OSScan"", ""Recon-PortScan"", ""VulnerabilityScan"", ""Recon-HostDiscovery"", ""DNS_Spoofing"", ""MITM-ArpSpoofing"", ""BenignTraffic"", ""BrowserHijacking"", ""Backdoor_Malware"", ""XSS"", ""Uploading_Attack"", ""SqlInjection"", ""CommandInjection"", ""DictionaryBruteForce""]","[35014, 35009, 35007, 35011, 35009, 35013, 35010, 32099, 32855, 35008, 2715, 3256, 35011, 35009, 35008, 8176, 35012, 35007, 35006, 239, 11161, 9332, 4209, 15219, 20498, 35004, 35004, 646, 397, 420, 148, 604, 596, 1443]",,,,,,,
850e080ed817,ciciot2023,fine,fedprox,3,,main,0.4871221863511818,0.7249900497512438,0.5075779690879711,0.7014082152808745,0.02757919516776442,0.3829528173487877,0.5600575328438122,"[0.9982993197278912, 0.9853941576630653, 0.9097639055622249, 0.9916950170102061, 0.9913948369021413, 0.9983988792154508, 0.423511755877939, 0.899039511023794, 0.9603411513859275, 0.9725945189037808, 0.24577373211963588, 0.3654054054054054, 0.4182673069227691, 0.2715629377626576, 0.39735894357743096, 0.8712998712998713, 0.8581148689213528, 0.7266906762705082, 0.985192596298149, 0.0, 0.39541457286432163, 0.0, 0.6558061821219716, 0.7835099032703823, 0.0625213529210796, 0.25867760328098427, 0.8291829182918292, 0.0, 0.0, 0.0, 0.0, 0.0, 0.0, 0.0024390243902439024]",201000,56290,109824,1.392438249999941,1.6227259449988196,516.0116496759974,517.8863115310669,112.58,1550.1875,283.95654296875,35,0.48690215558568517,"[""DDoS-RSTFINFlood"", ""DDoS-PSHACK_Flood"", ""DDoS-SYN_Flood"", ""DDoS-UDP_Flood"", ""DDoS-TCP_Flood"", ""DDoS-ICMP_Flood"", ""DDoS-SynonymousIP_Flood"", ""DDoS-ACK_Fragmentation"", ""DDoS-UDP_Fragmentation"", ""DDoS-ICMP_Fragmentation"", ""DDoS-SlowLoris"", ""DDoS-HTTP_Flood"", ""DoS-UDP_Flood"", ""DoS-SYN_Flood"", ""DoS-TCP_Flood"", ""DoS-HTTP_Flood"", ""Mirai-greeth_flood"", ""Mirai-greip_flood"", ""Mirai-udpplain"", ""Recon-PingSweep"", ""Recon-OSScan"", ""Recon-PortScan"", ""VulnerabilityScan"", ""Recon-HostDiscovery"", ""DNS_Spoofing"", ""MITM-ArpSpoofing"", ""BenignTraffic"", ""BrowserHijacking"", ""Backdoor_Malware"", ""XSS"", ""Uploading_Attack"", ""SqlInjection"", ""CommandInjection"", ""DictionaryBruteForce""]","[35009, 35010, 35011, 35011, 35012, 35015, 35011, 32097, 32855, 35006, 2718, 3253, 35008, 35014, 35009, 8174, 35012, 35009, 35010, 238, 11161, 9331, 4214, 15219, 20498, 35006, 35003, 646, 396, 418, 147, 602, 596, 1444]",,,,,,,
413ba98926f5,ciciot2023,fine,fedprox,4,,main,0.5066567487762133,0.7491380725660811,0.5140349045191469,0.7359034756251434,0.007773424884507912,0.3727388153383832,0.5691858532971195,"[0.9977984589212449, 0.9968984492246123, 0.21765235664965477, 0.9615846338535414, 0.8788515406162465, 0.9662797678607165, 0.33083233293317327, 0.9739111450714988, 0.8895522388059701, 0.8563569070721216, 0.02849740932642487, 0.6753246753246753, 0.5373686843421711, 0.7068120436130839, 0.9487795118047219, 0.788931788931789, 0.79421768707483, 0.9437662597558535, 0.9916975092527758, 0.0, 0.6822752985543683, 0.0, 0.1625, 0.25259037531660145, 0.5833902939166097, 0.7124424884976995, 0.5574114822964593, 0.0, 0.0, 0.0, 0.0, 0.0, 0.0, 0.041463414634146344]",201003,56290,109824,1.3081594100003713,1.149324869998054,527.1922489660046,528.9581110477448,112.58,1562.94140625,280.94677734375,35,0.5101380702306243,"[""DDoS-RSTFINFlood"", ""DDoS-PSHACK_Flood"", ""DDoS-SYN_Flood"", ""DDoS-UDP_Flood"", ""DDoS-TCP_Flood"", ""DDoS-ICMP_Flood"", ""DDoS-SynonymousIP_Flood"", ""DDoS-ACK_Fragmentation"", ""DDoS-UDP_Fragmentation"", ""DDoS-ICMP_Fragmentation"", ""DDoS-SlowLoris"", ""DDoS-HTTP_Flood"", ""DoS-UDP_Flood"", ""DoS-SYN_Flood"", ""DoS-TCP_Flood"", ""DoS-HTTP_Flood"", ""Mirai-greeth_flood"", ""Mirai-greip_flood"", ""Mirai-udpplain"", ""Recon-PingSweep"", ""Recon-OSScan"", ""Recon-PortScan"", ""VulnerabilityScan"", ""Recon-HostDiscovery"", ""DNS_Spoofing"", ""MITM-ArpSpoofing"", ""BenignTraffic"", ""BrowserHijacking"", ""Backdoor_Malware"", ""XSS"", ""Uploading_Attack"", ""SqlInjection"", ""CommandInjection"", ""DictionaryBruteForce""]","[35014, 35010, 35013, 35008, 35009, 35014, 35008, 32099, 32856, 35007, 2711, 3255, 35011, 35007, 35009, 8171, 35010, 35013, 35006, 239, 11165, 9332, 4208, 15219, 20503, 35005, 35004, 646, 397, 418, 145, 603, 594, 1444]",,,,,,,
7a27a332e329,ciciot2023,fine,scaffold,0,,main;plugin;sensitivity,0.6225236385795409,0.8445843076769989,0.630398252242677,0.8391585157454284,0.10868479812378283,0.4511312525095883,0.5924931319429587,"[0.9978987392435461, 0.9976988494247123, 0.7601080864691754, 0.9867933966983492, 0.9752876438219109, 0.9980988593155894, 0.8355013007804682, 0.9766401047920533, 0.9615056515248454, 0.9680872348939575, 0.7263294422827496, 0.8580715059588299, 0.74222266680004, 0.7260630315157579, 0.4774909963985594, 0.8463519313304722, 0.9139655862344938, 0.9751900760304122, 0.9878951580632253, 0.0, 0.7334379905808477, 0.18062335711603456, 0.9366138448707256, 0.5071362799263351, 0.5461380724538619, 0.7185874349739896, 0.8479695939187838, 0.0, 0.0, 0.0, 0.0, 0.0, 0.0, 0.25183374083129584]",200990,56290,109824,1.1744948849991488,1.1810358000002452,348.52893809399575,350.4730668067932,225.16,1498.078125,290.7099609375,40,0.6235752825491909,"[""DDoS-RSTFINFlood"", ""DDoS-PSHACK_Flood"", ""DDoS-SYN_Flood"", ""DDoS-UDP_Flood"", ""DDoS-TCP_Flood"", ""DDoS-ICMP_Flood"", ""DDoS-SynonymousIP_Flood"", ""DDoS-ACK_Fragmentation"", ""DDoS-UDP_Fragmentation"", ""DDoS-ICMP_Fragmentation"", ""DDoS-SlowLoris"", ""DDoS-HTTP_Flood"", ""DoS-UDP_Flood"", ""DoS-SYN_Flood"", ""DoS-TCP_Flood"", ""DoS-HTTP_Flood"", ""Mirai-greeth_flood"", ""Mirai-greip_flood"", ""Mirai-udpplain"", ""Recon-PingSweep"", ""Recon-OSScan"", ""Recon-PortScan"", ""VulnerabilityScan"", ""Recon-HostDiscovery"", ""DNS_Spoofing"", ""MITM-ArpSpoofing"", ""BenignTraffic"", ""BrowserHijacking"", ""Backdoor_Malware"", ""XSS"", ""Uploading_Attack"", ""SqlInjection"", ""CommandInjection"", ""DictionaryBruteForce""]","[35013, 35009, 35014, 35010, 35011, 35013, 35012, 32096, 32858, 35008, 2712, 3256, 35008, 35010, 35008, 8173, 35008, 35009, 35007, 241, 11161, 9330, 4210, 15217, 20501, 35007, 35004, 649, 396, 418, 148, 603, 596, 1446]",,,,,,,
0780fa1efd8e,ciciot2023,fine,scaffold,1,,main;plugin;sensitivity,0.6193822503641765,0.8272243754633338,0.6290182539298811,0.8260297867171683,0.13371165078743955,0.46466099431729124,0.6286228969476715,"[0.998198919351611, 0.9965979587752651, 0.6989795918367347, 0.5096038415366146, 0.9828931572629052, 0.9944972486243121, 0.7784784784784785, 0.9584197315289752, 0.97409381663113, 0.9739869934967483, 0.939119170984456, 0.6965442764578834, 0.9796878126876125, 0.8060836501901141, 0.8615446178471389, 0.8815958815958816, 0.750250150090054, 0.943671835917959, 0.985094037615046, 0.0, 0.5097361809045227, 0.40308039068369644, 0.9173622704507512, 0.7354363343311076, 0.7488038277511961, 0.5168584292146073, 0.5817163432686537, 0.0, 0.23636363636363636, 0.0, 0.0, 0.005917159763313609, 0.0, 0.022004889975550123]",200989,56290,109824,1.2130702900049073,1.1962051449972932,339.6145182709952,341.628205537796,225.16,1498.6875,294.07958984375,50,0.6220089159540421,"[""DDoS-RSTFINFlood"", ""DDoS-PSHACK_Flood"", ""DDoS-SYN_Flood"", ""DDoS-UDP_Flood"", ""DDoS-TCP_Flood"", ""DDoS-ICMP_Flood"", ""DDoS-SynonymousIP_Flood"", ""DDoS-ACK_Fragmentation"", ""DDoS-UDP_Fragmentation"", ""DDoS-ICMP_Fragmentation"", ""DDoS-SlowLoris"", ""DDoS-HTTP_Flood"", ""DoS-UDP_Flood"", ""DoS-SYN_Flood"", ""DoS-TCP_Flood"", ""DoS-HTTP_Flood"", ""Mirai-greeth_flood"", ""Mirai-greip_flood"", ""Mirai-udpplain"", ""Recon-PingSweep"", ""Recon-OSScan"", ""Recon-PortScan"", ""VulnerabilityScan"", ""Recon-HostDiscovery"", ""DNS_Spoofing"", ""MITM-ArpSpoofing"", ""BenignTraffic"", ""BrowserHijacking"", ""Backdoor_Malware"", ""XSS"", ""Uploading_Attack"", ""SqlInjection"", ""CommandInjection"", ""DictionaryBruteForce""]","[35013, 35013, 35009, 35007, 35009, 35012, 35021, 32094, 32855, 35009, 2712, 3252, 35012, 35013, 35008, 8172, 35011, 35012, 35009, 240, 11162, 9332, 4211, 15218, 20502, 35011, 35005, 648, 397, 419, 146, 605, 595, 1446]",,,,,,,
ecd95cf4283b,ciciot2023,fine,scaffold,2,,main;plugin;sensitivity,0.5686836092998813,0.7702143326235348,0.5830561562910759,0.7498007303784829,0.09353183543489063,0.4610845171342485,0.6000105941497103,"[0.9972981086760733, 0.9906953476738369, 0.06272509003601441, 0.872336168084042, 0.4527263631815908, 0.9970979685780046, 0.9883953581432573, 0.9831877729257642, 0.9823027718550107, 0.9473789515806322, 0.6233766233766234, 0.7367280606717227, 0.8334167083541771, 0.8959583833533413, 0.9678871548619448, 0.8853585229712323, 0.9134480688413048, 0.5063519055716715, 0.9797939381814544, 0.0, 0.43830455259026685, 0.29939894815927875, 0.8648874061718098, 0.9585539949343772, 0.5748206354629314, 0.1820364072814563, 0.6710342068413683, 0.0, 0.0, 0.0, 0.0, 0.0, 0.03592814371257485, 0.18248175182481752]",200996,56290,109824,1.721981529999539,1.6269539600034477,337.1050625830012,339.36443567276,225.16,1490.484375,288.94482421875,50,0.5690597379469141,"[""DDoS-RSTFINFlood"", ""DDoS-PSHACK_Flood"", ""DDoS-SYN_Flood"", ""DDoS-UDP_Flood"", ""DDoS-TCP_Flood"", ""DDoS-ICMP_Flood"", ""DDoS-SynonymousIP_Flood"", ""DDoS-ACK_Fragmentation"", ""DDoS-UDP_Fragmentation"", ""DDoS-ICMP_Fragmentation"", ""DDoS-SlowLoris"", ""DDoS-HTTP_Flood"", ""DoS-UDP_Flood"", ""DoS-SYN_Flood"", ""DoS-TCP_Flood"", ""DoS-HTTP_Flood"", ""Mirai-greeth_flood"", ""Mirai-greip_flood"", ""Mirai-udpplain"", ""Recon-PingSweep"", ""Recon-OSScan"", ""Recon-PortScan"", ""VulnerabilityScan"", ""Recon-HostDiscovery"", ""DNS_Spoofing"", ""MITM-ArpSpoofing"", ""BenignTraffic"", ""BrowserHijacking"", ""Backdoor_Malware"", ""XSS"", ""Uploading_Attack"", ""SqlInjection"", ""CommandInjection"", ""DictionaryBruteForce""]","[35014, 35009, 35007, 35011, 35009, 35013, 35010, 32099, 32855, 35008, 2715, 3256, 35011, 35009, 35008, 8176, 35012, 35007, 35006, 239, 11161, 9332, 4209, 15219, 20498, 35004, 35004, 646, 397, 420, 148, 604, 596, 1443]",,,,,,,
50f7986725c8,ciciot2023,fine,scaffold,3,,main;plugin,0.6232421881543344,0.824502487562189,0.6303600492825594,0.8177676568784251,0.19941482980050618,0.4852969414075255,0.6166579745408987,"[0.9976990796318528, 0.9960984393757503, 0.8450380152060825, 0.9775865519311587, 0.9405643386031619, 0.9976983888722105, 0.8526263131565783, 0.9806810740013098, 0.979317697228145, 0.9784956991398279, 0.6970091027308193, 0.2562162162162162, 0.9080632252901161, 0.5207124274564738, 0.41526610644257705, 0.836979836979837, 0.7149289573744246, 0.8677470988395358, 0.9871935967983992, 0.0, 0.582286432160804, 0.27750657153586183, 0.8930659983291562, 0.7501151543067711, 0.7406901264092928, 0.48384515354606383, 0.8570857085708571, 0.01092896174863388, 0.04504504504504504, 0.0, 0.0, 0.8588235294117647, 0.0, 0.18292682926829268]",201000,56290,109824,1.1448079199999484,1.1233227499997156,342.84350858799553,344.89333724975586,225.16,1492.34765625,288.48876953125,50,0.6252516993600723,"[""DDoS-RSTFINFlood"", ""DDoS-PSHACK_Flood"", ""DDoS-SYN_Flood"", ""DDoS-UDP_Flood"", ""DDoS-TCP_Flood"", ""DDoS-ICMP_Flood"", ""DDoS-SynonymousIP_Flood"", ""DDoS-ACK_Fragmentation"", ""DDoS-UDP_Fragmentation"", ""DDoS-ICMP_Fragmentation"", ""DDoS-SlowLoris"", ""DDoS-HTTP_Flood"", ""DoS-UDP_Flood"", ""DoS-SYN_Flood"", ""DoS-TCP_Flood"", ""DoS-HTTP_Flood"", ""Mirai-greeth_flood"", ""Mirai-greip_flood"", ""Mirai-udpplain"", ""Recon-PingSweep"", ""Recon-OSScan"", ""Recon-PortScan"", ""VulnerabilityScan"", ""Recon-HostDiscovery"", ""DNS_Spoofing"", ""MITM-ArpSpoofing"", ""BenignTraffic"", ""BrowserHijacking"", ""Backdoor_Malware"", ""XSS"", ""Uploading_Attack"", ""SqlInjection"", ""CommandInjection"", ""DictionaryBruteForce""]","[35009, 35010, 35011, 35011, 35012, 35015, 35011, 32097, 32855, 35006, 2718, 3253, 35008, 35014, 35009, 8174, 35012, 35009, 35010, 238, 11161, 9331, 4214, 15219, 20498, 35006, 35003, 646, 396, 418, 147, 602, 596, 1444]",,,,,,,
a80f715d157f,ciciot2023,fine,scaffold,4,,main;plugin,0.6346146690427218,0.8494102078078437,0.6347220286973444,0.8452206365642155,0.10165901399946642,0.4954413205843929,0.6293469966881341,"[0.9981987391173822, 0.9981990995497749, 0.8789152406684679, 0.9649859943977591, 0.9757903161264506, 0.9575745447268361, 0.3532412965186074, 0.9768584215696976, 0.9811300639658849, 0.975592677803341, 0.7759067357512953, 0.8484848484848485, 0.6745372686343172, 0.8888666599979994, 0.9508803521408563, 0.8841698841698842, 0.8167266906762705, 0.9484690814488693, 0.9905971791537461, 0.0, 0.6404776869893148, 0.2772351615326822, 0.9425, 0.48376698134929774, 0.7657211209842789, 0.79375875175035, 0.6989397879575915, 0.0, 0.0, 0.0, 0.0, 0.0, 0.0, 0.13902439024390245]",201003,56290,109824,1.2418381650059018,1.2650406600005226,337.6331755670053,339.7066924571991,225.16,1499.734375,285.47900390625,50,0.6339080078429742,"[""DDoS-RSTFINFlood"", ""DDoS-PSHACK_Flood"", ""DDoS-SYN_Flood"", ""DDoS-UDP_Flood"", ""DDoS-TCP_Flood"", ""DDoS-ICMP_Flood"", ""DDoS-SynonymousIP_Flood"", ""DDoS-ACK_Fragmentation"", ""DDoS-UDP_Fragmentation"", ""DDoS-ICMP_Fragmentation"", ""DDoS-SlowLoris"", ""DDoS-HTTP_Flood"", ""DoS-UDP_Flood"", ""DoS-SYN_Flood"", ""DoS-TCP_Flood"", ""DoS-HTTP_Flood"", ""Mirai-greeth_flood"", ""Mirai-greip_flood"", ""Mirai-udpplain"", ""Recon-PingSweep"", ""Recon-OSScan"", ""Recon-PortScan"", ""VulnerabilityScan"", ""Recon-HostDiscovery"", ""DNS_Spoofing"", ""MITM-ArpSpoofing"", ""BenignTraffic"", ""BrowserHijacking"", ""Backdoor_Malware"", ""XSS"", ""Uploading_Attack"", ""SqlInjection"", ""CommandInjection"", ""DictionaryBruteForce""]","[35014, 35010, 35013, 35008, 35009, 35014, 35008, 32099, 32856, 35007, 2711, 3255, 35011, 35007, 35009, 8171, 35010, 35013, 35006, 239, 11165, 9332, 4208, 15219, 20503, 35005, 35004, 646, 397, 418, 145, 603, 594, 1444]",,,,,,,
efc3b7de9909,ciciot2023,fine,fedbn,0,,main,0.7261238913662781,0.9471416488382507,0.7235875391535712,0.9443312633803455,0.12476050489426571,0.49543234961702143,0.6951234079068361,"[0.9983990394236542, 0.9984992496248124, 0.9228382706164932, 0.9664832416208105, 0.8896448224112056, 0.9976986191715029, 0.8145887532519511, 0.9907215369501147, 0.9794199189592664, 0.9921968787515006, 0.9442282749675746, 0.9035752979414952, 0.9719915974792438, 0.9884942471235618, 0.9633853541416567, 0.9497854077253219, 0.9837935174069627, 0.9861944777911165, 0.9851940776310524, 0.0, 0.9368916797488226, 0.8768306421329328, 0.914095079232694, 0.7520718232044199, 0.7479494190020506, 0.9757903161264506, 0.9925985197039408, 0.0, 0.02702702702702703, 0.0, 0.0, 0.0, 0.0, 0.15158924205378974]",200990,56290,109824,1.3838058350029314,1.5382318700039832,337.0628967929988,339.5474886894226,110.788,1489.44921875,286.548828125,50,0.7285639312215277,"[""DDoS-RSTFINFlood"", ""DDoS-PSHACK_Flood"", ""DDoS-SYN_Flood"", ""DDoS-UDP_Flood"", ""DDoS-TCP_Flood"", ""DDoS-ICMP_Flood"", ""DDoS-SynonymousIP_Flood"", ""DDoS-ACK_Fragmentation"", ""DDoS-UDP_Fragmentation"", ""DDoS-ICMP_Fragmentation"", ""DDoS-SlowLoris"", ""DDoS-HTTP_Flood"", ""DoS-UDP_Flood"", ""DoS-SYN_Flood"", ""DoS-TCP_Flood"", ""DoS-HTTP_Flood"", ""Mirai-greeth_flood"", ""Mirai-greip_flood"", ""Mirai-udpplain"", ""Recon-PingSweep"", ""Recon-OSScan"", ""Recon-PortScan"", ""VulnerabilityScan"", ""Recon-HostDiscovery"", ""DNS_Spoofing"", ""MITM-ArpSpoofing"", ""BenignTraffic"", ""BrowserHijacking"", ""Backdoor_Malware"", ""XSS"", ""Uploading_Attack"", ""SqlInjection"", ""CommandInjection"", ""DictionaryBruteForce""]","[35013, 35009, 35014, 35010, 35011, 35013, 35012, 32096, 32858, 35008, 2712, 3256, 35008, 35010, 35008, 8173, 35008, 35009, 35007, 241, 11161, 9330, 4210, 15217, 20501, 35007, 35004, 649, 396, 418, 148, 603, 596, 1446]",,,,,,,
84e2701b24a9,ciciot2023,fine,fedbn,1,,main,0.7209114946309451,0.9363348242938668,0.7136869416633596,0.9338963529187313,0.17237205875370099,0.6053127189660334,0.7186858966528795,"[0.9983990394236542, 0.998198919351611, 0.8891556622649059, 0.9879951980792316, 0.9934973989595839, 0.9986993496748374, 0.880980980980981, 0.9935610607879516, 0.9955223880597015, 0.9902951475737869, 0.917098445595855, 0.6814254859611231, 0.9600760456273765, 0.7930758455073044, 0.9598839535814325, 0.8438438438438438, 0.9736842105263158, 0.9938969484742372, 0.9952981192476991, 0.0, 0.8238065326633166, 0.5330578512396694, 0.9732888146911519, 0.7255353442320976, 0.8282638414217361, 0.9499749874937469, 0.9525905181036207, 0.0, 0.0, 0.0, 0.0, 0.41420118343195267, 0.0, 0.2200488997555012]",200989,56290,109824,1.3505345700014004,1.5376567099974636,330.3264731559966,332.72893023490906,110.788,1489.65625,289.91845703125,50,0.7253022262292576,"[""DDoS-RSTFINFlood"", ""DDoS-PSHACK_Flood"", ""DDoS-SYN_Flood"", ""DDoS-UDP_Flood"", ""DDoS-TCP_Flood"", ""DDoS-ICMP_Flood"", ""DDoS-SynonymousIP_Flood"", ""DDoS-ACK_Fragmentation"", ""DDoS-UDP_Fragmentation"", ""DDoS-ICMP_Fragmentation"", ""DDoS-SlowLoris"", ""DDoS-HTTP_Flood"", ""DoS-UDP_Flood"", ""DoS-SYN_Flood"", ""DoS-TCP_Flood"", ""DoS-HTTP_Flood"", ""Mirai-greeth_flood"", ""Mirai-greip_flood"", ""Mirai-udpplain"", ""Recon-PingSweep"", ""Recon-OSScan"", ""Recon-PortScan"", ""VulnerabilityScan"", ""Recon-HostDiscovery"", ""DNS_Spoofing"", ""MITM-ArpSpoofing"", ""BenignTraffic"", ""BrowserHijacking"", ""Backdoor_Malware"", ""XSS"", ""Uploading_Attack"", ""SqlInjection"", ""CommandInjection"", ""DictionaryBruteForce""]","[35013, 35013, 35009, 35007, 35009, 35012, 35021, 32094, 32855, 35009, 2712, 3252, 35012, 35013, 35008, 8172, 35011, 35012, 35009, 240, 11162, 9332, 4211, 15218, 20502, 35011, 35005, 648, 397, 419, 146, 605, 595, 1446]",,,,,,,
985caa417757,ciciot2023,fine,fedbn,2,,main,0.6902418117982073,0.9264711735556926,0.6835884416995809,0.9224165986513825,0.12233217469527553,0.5543437087509028,0.7165952698385207,"[0.9970979685780046, 0.998599299649825, 0.9791916766706683, 0.9894947473736868, 0.9292646323161581, 0.9986990893625538, 0.8545418167266907, 0.994650655021834, 0.9948827292110874, 0.9976990796318528, 0.8337662337662337, 0.46045503791982667, 0.7094547273636819, 0.9601840736294518, 0.9669867947178872, 0.896951481322456, 0.8895337202321393, 0.9958987696308893, 0.9970991297389217, 0.0, 0.3447409733124019, 0.6168294515401953, 0.9057547956630525, 0.8722081510476629, 0.8594123676118893, 0.9404880976195239, 0.9908981796359272, 0.0, 0.0, 0.0, 0.0, 0.01775147928994083, 0.0718562874251497, 0.17761557177615572]",200996,56290,109824,1.522105034996457,1.595718244998352,328.19562618099826,330.70359683036804,110.788,1479.421875,284.78369140625,50,0.6918052994066389,"[""DDoS-RSTFINFlood"", ""DDoS-PSHACK_Flood"", ""DDoS-SYN_Flood"", ""DDoS-UDP_Flood"", ""DDoS-TCP_Flood"", ""DDoS-ICMP_Flood"", ""DDoS-SynonymousIP_Flood"", ""DDoS-ACK_Fragmentation"", ""DDoS-UDP_Fragmentation"", ""DDoS-ICMP_Fragmentation"", ""DDoS-SlowLoris"", ""DDoS-HTTP_Flood"", ""DoS-UDP_Flood"", ""DoS-SYN_Flood"", ""DoS-TCP_Flood"", ""DoS-HTTP_Flood"", ""Mirai-greeth_flood"", ""Mirai-greip_flood"", ""Mirai-udpplain"", ""Recon-PingSweep"", ""Recon-OSScan"", ""Recon-PortScan"", ""VulnerabilityScan"", ""Recon-HostDiscovery"", ""DNS_Spoofing"", ""MITM-ArpSpoofing"", ""BenignTraffic"", ""BrowserHijacking"", ""Backdoor_Malware"", ""XSS"", ""Uploading_Attack"", ""SqlInjection"", ""CommandInjection"", ""DictionaryBruteForce""]","[35014, 35009, 35007, 35011, 35009, 35013, 35010, 32099, 32855, 35008, 2715, 3256, 35011, 35009, 35008, 8176, 35012, 35007, 35006, 239, 11161, 9332, 4209, 15219, 20498, 35004, 35004, 646, 397, 420, 148, 604, 596, 1443]",,,,,,,
4273ed43dc30,ciciot2023,fine,fedbn,3,,main,0.719703110250835,0.9083532338308458,0.7138795323629398,0.9053253395605498,0.21531611165947184,0.5279902231162797,0.7037987296424785,"[0.9982993197278912, 0.9981992797118847, 0.9827931172468988, 0.9562737642585551, 0.9957974784870922, 0.9984989492644851, 0.8025012506253126, 0.9834097358655316, 0.9916844349680171, 0.993998799759952, 0.9154746423927178, 0.8875675675675676, 0.9637855142056823, 0.876425855513308, 0.8530412164865946, 0.9528099528099528, 0.6701020612367421, 0.993297318927571, 0.9981990995497749, 0.0, 0.5851130653266332, 0.6530229064964326, 0.9624060150375939, 0.6312759097190235, 0.9545609839426034, 0.6519955986796039, 0.998999899989999, 0.0, 0.5045045045045045, 0.008547008547008548, 0.0, 0.32941176470588235, 0.023809523809523808, 0.15609756097560976]",201000,56290,109824,1.374165075003475,1.3309489299990673,331.11105097100153,333.5495240688324,110.788,1484.0625,284.32763671875,50,0.7235485672545517,"[""DDoS-RSTFINFlood"", ""DDoS-PSHACK_Flood"", ""DDoS-SYN_Flood"", ""DDoS-UDP_Flood"", ""DDoS-TCP_Flood"", ""DDoS-ICMP_Flood"", ""DDoS-SynonymousIP_Flood"", ""DDoS-ACK_Fragmentation"", ""DDoS-UDP_Fragmentation"", ""DDoS-ICMP_Fragmentation"", ""DDoS-SlowLoris"", ""DDoS-HTTP_Flood"", ""DoS-UDP_Flood"", ""DoS-SYN_Flood"", ""DoS-TCP_Flood"", ""DoS-HTTP_Flood"", ""Mirai-greeth_flood"", ""Mirai-greip_flood"", ""Mirai-udpplain"", ""Recon-PingSweep"", ""Recon-OSScan"", ""Recon-PortScan"", ""VulnerabilityScan"", ""Recon-HostDiscovery"", ""DNS_Spoofing"", ""MITM-ArpSpoofing"", ""BenignTraffic"", ""BrowserHijacking"", ""Backdoor_Malware"", ""XSS"", ""Uploading_Attack"", ""SqlInjection"", ""CommandInjection"", ""DictionaryBruteForce""]","[35009, 35010, 35011, 35011, 35012, 35015, 35011, 32097, 32855, 35006, 2718, 3253, 35008, 35014, 35009, 8174, 35012, 35009, 35010, 238, 11161, 9331, 4214, 15219, 20498, 35006, 35003, 646, 396, 418, 147, 602, 596, 1444]",,,,,,,
48f5a2ff888a,ciciot2023,fine,fedbn,4,,main,0.6857193410931253,0.9227474216802735,0.6822755392645002,0.9182022429015071,0.09736368122782389,0.5299332758838048,0.7043286430869198,"[0.9985990193135195, 0.9990995497748875, 0.949964975482838, 0.8068227290916367, 0.9915966386554622, 0.9993996397838704, 0.9546818727490997, 0.9919222792271586, 0.9946695095948828, 0.9871961588476543, 0.7240932642487047, 0.8712121212121212, 0.9559779889944973, 0.8036410923276983, 0.990296118447379, 0.9236379236379236, 0.864045618247299, 0.9975985591354813, 0.9974992497749324, 0.0, 0.7303582652419862, 0.18707738542449287, 0.9741666666666666, 0.5901450610177297, 0.8638072453861928, 0.9681936387277456, 0.9294858971794359, 0.00546448087431694, 0.00909090909090909, 0.0, 0.0, 0.0, 0.005917159763313609, 0.13170731707317074]",201003,56290,109824,1.2634989250000217,1.1818541699994967,325.85380119899855,328.2212677001953,110.788,1495.87890625,281.31787109375,50,0.6852894112599328,"[""DDoS-RSTFINFlood"", ""DDoS-PSHACK_Flood"", ""DDoS-SYN_Flood"", ""DDoS-UDP_Flood"", ""DDoS-TCP_Flood"", ""DDoS-ICMP_Flood"", ""DDoS-SynonymousIP_Flood"", ""DDoS-ACK_Fragmentation"", ""DDoS-UDP_Fragmentation"", ""DDoS-ICMP_Fragmentation"", ""DDoS-SlowLoris"", ""DDoS-HTTP_Flood"", ""DoS-UDP_Flood"", ""DoS-SYN_Flood"", ""DoS-TCP_Flood"", ""DoS-HTTP_Flood"", ""Mirai-greeth_flood"", ""Mirai-greip_flood"", ""Mirai-udpplain"", ""Recon-PingSweep"", ""Recon-OSScan"", ""Recon-PortScan"", ""VulnerabilityScan"", ""Recon-HostDiscovery"", ""DNS_Spoofing"", ""MITM-ArpSpoofing"", ""BenignTraffic"", ""BrowserHijacking"", ""Backdoor_Malware"", ""XSS"", ""Uploading_Attack"", ""SqlInjection"", ""CommandInjection"", ""DictionaryBruteForce""]","[35014, 35010, 35013, 35008, 35009, 35014, 35008, 32099, 32856, 35007, 2711, 3255, 35011, 35007, 35009, 8171, 35010, 35013, 35006, 239, 11165, 9332, 4208, 15219, 20503, 35005, 35004, 646, 397, 418, 145, 603, 594, 1444]",,,,,,,
fb399c5bf7de,ciciot2023,fine,fedlc,0,,main;sensitivity,0.4882033531294445,0.7165729638290462,0.5092861904542507,0.68996565919504,0.045650694790192285,0.42557240879496677,0.5600448820814811,"[0.9909945967580548, 0.9943971985992996, 0.5360288230584468, 0.9853926963481741, 0.9105552776388194, 0.9945967580548329, 0.06704022413448069, 0.9321034821526034, 0.32267007890808275, 0.9742897158863545, 0.4059662775616083, 0.5698808234019501, 0.45403621086325896, 0.8308154077038519, 0.6070428171268507, 0.8416309012875537, 0.9529811924769908, 0.7230892356942777, 0.9800920368147259, 0.0, 0.005337519623233909, 0.05257228689447991, 0.9432860717264387, 0.4753683241252302, 0.303485987696514, 0.4755902360944378, 0.9815963192638528, 0.0, 0.0, 0.0, 0.0, 0.0, 0.0, 0.004889975550122249]",200990,56290,109824,1.5470260199981567,1.5545436150023306,346.34277981399737,348.2051224708557,112.58,1555.52734375,286.177734375,40,0.4883765255150275,"[""DDoS-RSTFINFlood"", ""DDoS-PSHACK_Flood"", ""DDoS-SYN_Flood"", ""DDoS-UDP_Flood"", ""DDoS-TCP_Flood"", ""DDoS-ICMP_Flood"", ""DDoS-SynonymousIP_Flood"", ""DDoS-ACK_Fragmentation"", ""DDoS-UDP_Fragmentation"", ""DDoS-ICMP_Fragmentation"", ""DDoS-SlowLoris"", ""DDoS-HTTP_Flood"", ""DoS-UDP_Flood"", ""DoS-SYN_Flood"", ""DoS-TCP_Flood"", ""DoS-HTTP_Flood"", ""Mirai-greeth_flood"", ""Mirai-greip_flood"", ""Mirai-udpplain"", ""Recon-PingSweep"", ""Recon-OSScan"", ""Recon-PortScan"", ""VulnerabilityScan"", ""Recon-HostDiscovery"", ""DNS_Spoofing"", ""MITM-ArpSpoofing"", ""BenignTraffic"", ""BrowserHijacking"", ""Backdoor_Malware"", ""XSS"", ""Uploading_Attack"", ""SqlInjection"", ""CommandInjection"", ""DictionaryBruteForce""]","[35013, 35009, 35014, 35010, 35011, 35013, 35012, 32096, 32858, 35008, 2712, 3256, 35008, 35010, 35008, 8173, 35008, 35009, 35007, 241, 11161, 9330, 4210, 15217, 20501, 35007, 35004, 649, 396, 418, 148, 603, 596, 1446]",,,,,,,
0589a840d648,ciciot2023,fine,fedlc,1,,main;sensitivity,0.49168938985656346,0.7092477697784456,0.5081527229770647,0.6785359531446419,0.08779891981369109,0.4096803186309944,0.5639310151746197,"[0.9970982589553732, 0.9942965779467681, 0.6715686274509803, 0.9950980392156863, 0.8817527010804321, 0.9642821410705352, 0.16146146146146145, 0.43893921204845576, 0.88454157782516, 0.9723861930965483, 0.6386010362694301, 0.49892008639308855, 0.16419851911146688, 0.7030218130878527, 0.9106642657062826, 0.5877305877305877, 0.8363017810686412, 0.8950475237618809, 0.9841936774709884, 0.0, 0.0, 0.7787377911344854, 0.7904841402337228, 0.00023025558369790466, 0.04579630895420369, 0.6157078539269635, 0.7145429085817163, 0.0, 0.0, 0.0, 0.0, 0.0, 0.0, 0.15158924205378974]",200989,56290,109824,1.2399991749998662,1.1346373550031785,338.0479600020026,339.7382950782776,112.58,1554.7109375,289.54736328125,40,0.4916815292556972,"[""DDoS-RSTFINFlood"", ""DDoS-PSHACK_Flood"", ""DDoS-SYN_Flood"", ""DDoS-UDP_Flood"", ""DDoS-TCP_Flood"", ""DDoS-ICMP_Flood"", ""DDoS-SynonymousIP_Flood"", ""DDoS-ACK_Fragmentation"", ""DDoS-UDP_Fragmentation"", ""DDoS-ICMP_Fragmentation"", ""DDoS-SlowLoris"", ""DDoS-HTTP_Flood"", ""DoS-UDP_Flood"", ""DoS-SYN_Flood"", ""DoS-TCP_Flood"", ""DoS-HTTP_Flood"", ""Mirai-greeth_flood"", ""Mirai-greip_flood"", ""Mirai-udpplain"", ""Recon-PingSweep"", ""Recon-OSScan"", ""Recon-PortScan"", ""VulnerabilityScan"", ""Recon-HostDiscovery"", ""DNS_Spoofing"", ""MITM-ArpSpoofing"", ""BenignTraffic"", ""BrowserHijacking"", ""Backdoor_Malware"", ""XSS"", ""Uploading_Attack"", ""SqlInjection"", ""CommandInjection"", ""DictionaryBruteForce""]","[35013, 35013, 35009, 35007, 35009, 35012, 35021, 32094, 32855, 35009, 2712, 3252, 35012, 35013, 35008, 8172, 35011, 35012, 35009, 240, 11162, 9332, 4211, 15218, 20502, 35011, 35005, 648, 397, 419, 146, 605, 595, 1446]",,,,,,,
829746ea5d1e,ciciot2023,fine,fedlc,2,,main;sensitivity,0.4985357981493544,0.7214521682023523,0.5238030717268684,0.7000650853980088,0.11304599698760283,0.39300582683758967,0.5551774332994505,"[0.9669768838186731, 0.8821410705352676, 0.3602440976390556, 0.632816408204102, 0.7830915457728864, 0.9967977584309017, 0.8636454581832733, 0.9820960698689957, 0.9718550106609808, 0.9395758303321329, 0.8714285714285714, 0.01733477789815818, 0.8834417208604303, 0.4121648659463786, 0.5137054821928771, 0.8016316015457278, 0.09425655393235942, 0.9279783935180554, 0.9757927378213465, 0.0, 0.0, 0.5627347858752817, 0.5738115095913261, 0.7734285056412618, 0.5550051247010591, 0.5171034206841368, 0.8042608521704341, 0.0, 0.0, 0.0, 0.0, 0.0, 0.0, 0.145985401459854]",200996,56290,109824,1.2269031049982004,1.4645664199997555,333.1799872039992,335.0158751010895,112.58,1545.62109375,284.41259765625,45,0.4959631102770298,"[""DDoS-RSTFINFlood"", ""DDoS-PSHACK_Flood"", ""DDoS-SYN_Flood"", ""DDoS-UDP_Flood"", ""DDoS-TCP_Flood"", ""DDoS-ICMP_Flood"", ""DDoS-SynonymousIP_Flood"", ""DDoS-ACK_Fragmentation"", ""DDoS-UDP_Fragmentation"", ""DDoS-ICMP_Fragmentation"", ""DDoS-SlowLoris"", ""DDoS-HTTP_Flood"", ""DoS-UDP_Flood"", ""DoS-SYN_Flood"", ""DoS-TCP_Flood"", ""DoS-HTTP_Flood"", ""Mirai-greeth_flood"", ""Mirai-greip_flood"", ""Mirai-udpplain"", ""Recon-PingSweep"", ""Recon-OSScan"", ""Recon-PortScan"", ""VulnerabilityScan"", ""Recon-HostDiscovery"", ""DNS_Spoofing"", ""MITM-ArpSpoofing"", ""BenignTraffic"", ""BrowserHijacking"", ""Backdoor_Malware"", ""XSS"", ""Uploading_Attack"", ""SqlInjection"", ""CommandInjection"", ""DictionaryBruteForce""]","[35014, 35009, 35007, 35011, 35009, 35013, 35010, 32099, 32855, 35008, 2715, 3256, 35011, 35009, 35008, 8176, 35012, 35007, 35006, 239, 11161, 9332, 4209, 15219, 20498, 35004, 35004, 646, 397, 420, 148, 604, 596, 1443]",,,,,,,
e98c5d255984,ciciot2023,fine,fedlc,3,,main,0.46300379707959954,0.6953432835820895,0.48520592393241796,0.6599823798558856,0.022680209132084437,0.3810641284764173,0.5141043252908519,"[0.9978991596638656, 0.951780712284914, 0.11234493797519007, 0.9101460876525915, 0.51861116670002, 0.9927949564695286, 0.801000500250125, 0.9098450120061122, 0.9583155650319829, 0.9732946589317863, 0.17815344603381014, 0.22486486486486487, 0.7028811524609844, 0.3318991394836902, 0.93937575030012, 0.8571428571428571, 0.0, 0.9757903161264506, 0.9649824912456229, 0.0, 0.02920854271356784, 0.06196019526849418, 0.8487886382623224, 0.517273146015661, 0.5391185514178339, 0.21886565969790936, 0.9546954695469547, 0.0, 0.0, 0.0, 0.0, 0.023529411764705882, 0.0, 0.0024390243902439024]",201000,56290,109824,1.6729120700028943,1.6620952250013943,339.0839982469997,341.10371136665344,112.58,1548.44140625,283.95654296875,45,0.466087756126173,"[""DDoS-RSTFINFlood"", ""DDoS-PSHACK_Flood"", ""DDoS-SYN_Flood"", ""DDoS-UDP_Flood"", ""DDoS-TCP_Flood"", ""DDoS-ICMP_Flood"", ""DDoS-SynonymousIP_Flood"", ""DDoS-ACK_Fragmentation"", ""DDoS-UDP_Fragmentation"", ""DDoS-ICMP_Fragmentation"", ""DDoS-SlowLoris"", ""DDoS-HTTP_Flood"", ""DoS-UDP_Flood"", ""DoS-SYN_Flood"", ""DoS-TCP_Flood"", ""DoS-HTTP_Flood"", ""Mirai-greeth_flood"", ""Mirai-greip_flood"", ""Mirai-udpplain"", ""Recon-PingSweep"", ""Recon-OSScan"", ""Recon-PortScan"", ""VulnerabilityScan"", ""Recon-HostDiscovery"", ""DNS_Spoofing"", ""MITM-ArpSpoofing"", ""BenignTraffic"", ""BrowserHijacking"", ""Backdoor_Malware"", ""XSS"", ""Uploading_Attack"", ""SqlInjection"", ""CommandInjection"", ""DictionaryBruteForce""]","[35009, 35010, 35011, 35011, 35012, 35015, 35011, 32097, 32855, 35006, 2718, 3253, 35008, 35014, 35009, 8174, 35012, 35009, 35010, 238, 11161, 9331, 4214, 15219, 20498, 35006, 35003, 646, 396, 418, 147, 602, 596, 1444]",,,,,,,
003cdd34a037,ciciot2023,fine,fedlc,4,,main,0.48975167135380154,0.6940294423466317,0.5017375387842945,0.6659587255767704,0.05235968940000281,0.3649037905291715,0.5587810649492224,"[0.9977984589212449, 0.9954977488744372, 0.9479635745021515, 0.928171268507403, 0.7352941176470589, 0.9331598959375625, 0.08703481392557023, 0.8814539897391115, 0.019722814498933903, 0.8413524057217165, 0.34196891191709844, 0.5725108225108225, 0.5259629814907454, 0.41092327698309494, 0.7685074029611845, 0.8318318318318318, 0.6833733493397359, 0.9349609765859516, 0.9953986195858757, 0.0, 0.1125078566939032, 0.24042073628850488, 0.8091666666666667, 0.4770895694220585, 0.47265892002734106, 0.5142028405681136, 0.870874174834967, 0.0, 0.0, 0.0, 0.0, 0.0, 0.0, 0.12926829268292683]",201003,56290,109824,1.4026310149984056,1.5449146350010778,338.33563047199823,340.1652503013611,112.58,1560.96875,280.94677734375,20,0.4918298603900021,"[""DDoS-RSTFINFlood"", ""DDoS-PSHACK_Flood"", ""DDoS-SYN_Flood"", ""DDoS-UDP_Flood"", ""DDoS-TCP_Flood"", ""DDoS-ICMP_Flood"", ""DDoS-SynonymousIP_Flood"", ""DDoS-ACK_Fragmentation"", ""DDoS-UDP_Fragmentation"", ""DDoS-ICMP_Fragmentation"", ""DDoS-SlowLoris"", ""DDoS-HTTP_Flood"", ""DoS-UDP_Flood"", ""DoS-SYN_Flood"", ""DoS-TCP_Flood"", ""DoS-HTTP_Flood"", ""Mirai-greeth_flood"", ""Mirai-greip_flood"", ""Mirai-udpplain"", ""Recon-PingSweep"", ""Recon-OSScan"", ""Recon-PortScan"", ""VulnerabilityScan"", ""Recon-HostDiscovery"", ""DNS_Spoofing"", ""MITM-ArpSpoofing"", ""BenignTraffic"", ""BrowserHijacking"", ""Backdoor_Malware"", ""XSS"", ""Uploading_Attack"", ""SqlInjection"", ""CommandInjection"", ""DictionaryBruteForce""]","[35014, 35010, 35013, 35008, 35009, 35014, 35008, 32099, 32856, 35007, 2711, 3255, 35011, 35007, 35009, 8171, 35010, 35013, 35006, 239, 11165, 9332, 4208, 15219, 20503, 35005, 35004, 646, 397, 418, 145, 603, 594, 1444]",,,,,,,
e2ce05839836,ciciot2023,fine,fedrs,0,,main,0.5476570461961829,0.7665057963082741,0.5645414810955911,0.7466365659449551,0.09758950772907182,0.4154001474966433,0.5965647499985451,"[0.9854912947768661, 0.9975987993996999, 0.8836068855084067, 0.9973986993496748, 0.8706353176588294, 0.9978987392435461, 0.26385831498899337, 0.9180220499945421, 0.9473235231392622, 0.9776910764305722, 0.7756160830090791, 0.6695557963163596, 0.4436330899269781, 0.28574287143571786, 0.6346538615446179, 0.9008583690987124, 0.970188075230092, 0.904561824729892, 0.9803921568627451, 0.0, 0.6059654631083202, 0.3871573413443485, 0.8198498748957465, 0.0, 0.2768284347231716, 0.8674469787915166, 0.7297459491898379, 0.0, 0.0, 0.0, 0.0, 0.0, 0.0, 0.10268948655256724]",200990,56290,109824,1.6563696750017698,1.542577390000588,348.7990464989989,350.7618281841278,112.58,1521.84765625,286.177734375,50,0.5478337531888527,"[""DDoS-RSTFINFlood"", ""DDoS-PSHACK_Flood"", ""DDoS-SYN_Flood"", ""DDoS-UDP_Flood"", ""DDoS-TCP_Flood"", ""DDoS-ICMP_Flood"", ""DDoS-SynonymousIP_Flood"", ""DDoS-ACK_Fragmentation"", ""DDoS-UDP_Fragmentation"", ""DDoS-ICMP_Fragmentation"", ""DDoS-SlowLoris"", ""DDoS-HTTP_Flood"", ""DoS-UDP_Flood"", ""DoS-SYN_Flood"", ""DoS-TCP_Flood"", ""DoS-HTTP_Flood"", ""Mirai-greeth_flood"", ""Mirai-greip_flood"", ""Mirai-udpplain"", ""Recon-PingSweep"", ""Recon-OSScan"", ""Recon-PortScan"", ""VulnerabilityScan"", ""Recon-HostDiscovery"", ""DNS_Spoofing"", ""MITM-ArpSpoofing"", ""BenignTraffic"", ""BrowserHijacking"", ""Backdoor_Malware"", ""XSS"", ""Uploading_Attack"", ""SqlInjection"", ""CommandInjection"", ""DictionaryBruteForce""]","[35013, 35009, 35014, 35010, 35011, 35013, 35012, 32096, 32858, 35008, 2712, 3256, 35008, 35010, 35008, 8173, 35008, 35009, 35007, 241, 11161, 9330, 4210, 15217, 20501, 35007, 35004, 649, 396, 418, 148, 603, 596, 1446]",,,,,,,
c9b6fd51519a,ciciot2023,fine,fedrs,1,,main,0.5275125254218943,0.7334431237530412,0.5382468489250082,0.7134793094302626,0.10259447407426175,0.3919278535690548,0.5430511300418572,"[0.9978987392435461, 0.996397838703222, 0.8317326930772309, 0.959983993597439, 0.8572428971588636, 0.9566783391695848, 0.6785785785785786, 0.4275892175051839, 0.9795309168443497, 0.9698849424712356, 0.810880829015544, 0.5442764578833693, 0.7070242145287172, 0.15769461677006202, 0.5756302521008403, 0.8554268554268555, 0.9930958575145087, 0.5631815907953976, 0.9523809523809523, 0.0, 0.3282035175879397, 0.4864763335837716, 0.8188647746243739, 0.25512318673727835, 0.010082023239917977, 0.8966483241620811, 0.5774154830966193, 0.0, 0.0, 0.0, 0.0, 0.0, 0.0, 0.11246943765281174]",200989,56290,109824,1.196088254996539,1.5909065250025378,345.2911680660036,347.06577730178833,112.58,1522.50390625,289.54736328125,30,0.5283436730803618,"[""DDoS-RSTFINFlood"", ""DDoS-PSHACK_Flood"", ""DDoS-SYN_Flood"", ""DDoS-UDP_Flood"", ""DDoS-TCP_Flood"", ""DDoS-ICMP_Flood"", ""DDoS-SynonymousIP_Flood"", ""DDoS-ACK_Fragmentation"", ""DDoS-UDP_Fragmentation"", ""DDoS-ICMP_Fragmentation"", ""DDoS-SlowLoris"", ""DDoS-HTTP_Flood"", ""DoS-UDP_Flood"", ""DoS-SYN_Flood"", ""DoS-TCP_Flood"", ""DoS-HTTP_Flood"", ""Mirai-greeth_flood"", ""Mirai-greip_flood"", ""Mirai-udpplain"", ""Recon-PingSweep"", ""Recon-OSScan"", ""Recon-PortScan"", ""VulnerabilityScan"", ""Recon-HostDiscovery"", ""DNS_Spoofing"", ""MITM-ArpSpoofing"", ""BenignTraffic"", ""BrowserHijacking"", ""Backdoor_Malware"", ""XSS"", ""Uploading_Attack"", ""SqlInjection"", ""CommandInjection"", ""DictionaryBruteForce""]","[35013, 35013, 35009, 35007, 35009, 35012, 35021, 32094, 32855, 35009, 2712, 3252, 35012, 35013, 35008, 8172, 35011, 35012, 35009, 240, 11162, 9332, 4211, 15218, 20502, 35011, 35005, 648, 397, 419, 146, 605, 595, 1446]",,,,,,,
2117f81cd47f,ciciot2023,fine,fedrs,2,,main,0.5113112973027052,0.7305120499910446,0.525291880072505,0.7112652698802622,0.08439741155768954,0.4156741972504799,0.5776590690071334,"[0.9867907535274693, 0.7404702351175588, 0.4387755102040816, 0.8948474237118559, 0.15287643821910957, 0.9920944661262884, 0.8854541816726691, 0.9865720524017467, 0.9724946695095948, 0.914265706282513, 0.6922077922077922, 0.37378114842903576, 0.6695347673836919, 0.474889955982393, 0.9709883953581433, 0.5860884499785316, 0.8586151691014609, 0.8576572971891567, 0.9833950185055517, 0.0, 0.17080062794348508, 0.6836964688204358, 0.23853211009174313, 0.8553994934377158, 0.5377519644687393, 0.17663532706541307, 0.6979395879175835, 0.0, 0.0, 0.0, 0.0, 0.0, 0.04790419161676647, 0.019464720194647202]",200996,56290,109824,1.1597036449984444,1.1397995199968136,345.8837591870015,347.579829454422,112.58,1513.484375,284.41259765625,40,0.5127933935914017,"[""DDoS-RSTFINFlood"", ""DDoS-PSHACK_Flood"", ""DDoS-SYN_Flood"", ""DDoS-UDP_Flood"", ""DDoS-TCP_Flood"", ""DDoS-ICMP_Flood"", ""DDoS-SynonymousIP_Flood"", ""DDoS-ACK_Fragmentation"", ""DDoS-UDP_Fragmentation"", ""DDoS-ICMP_Fragmentation"", ""DDoS-SlowLoris"", ""DDoS-HTTP_Flood"", ""DoS-UDP_Flood"", ""DoS-SYN_Flood"", ""DoS-TCP_Flood"", ""DoS-HTTP_Flood"", ""Mirai-greeth_flood"", ""Mirai-greip_flood"", ""Mirai-udpplain"", ""Recon-PingSweep"", ""Recon-OSScan"", ""Recon-PortScan"", ""VulnerabilityScan"", ""Recon-HostDiscovery"", ""DNS_Spoofing"", ""MITM-ArpSpoofing"", ""BenignTraffic"", ""BrowserHijacking"", ""Backdoor_Malware"", ""XSS"", ""Uploading_Attack"", ""SqlInjection"", ""CommandInjection"", ""DictionaryBruteForce""]","[35014, 35009, 35007, 35011, 35009, 35013, 35010, 32099, 32855, 35008, 2715, 3256, 35011, 35009, 35008, 8176, 35012, 35007, 35006, 239, 11161, 9332, 4209, 15219, 20498, 35004, 35004, 646, 397, 420, 148, 604, 596, 1443]",,,,,,,
bacaa409fd75,ciciot2023,fine,fedrs,3,,main,0.48660052519391117,0.6934726368159204,0.5037819889081411,0.6457215103824546,0.09190163926643694,0.40634492241334486,0.5352853625565109,"[0.9979991996798719, 0.9816926770708283, 0.8268307322929171, 0.0, 0.9938963378026816, 0.9979985990193135, 0.48034017008504254, 0.9113730626500764, 0.9786780383795309, 0.9723944788957791, 0.4798439531859558, 0.43135135135135133, 0.9864945978391356, 0.3787272363418051, 0.0861344537815126, 0.848991848991849, 0.8319991995197118, 0.8210284113645459, 0.9879939969984992, 0.0, 0.19001256281407036, 0.15659031167855803, 0.5864661654135338, 0.5375403040073699, 0.3744448240519303, 0.00030009002700810244, 0.9421942194219421, 0.0, 0.15315315315315314, 0.0, 0.0, 0.19411764705882353, 0.0, 0.0]",201000,56290,109824,1.6405353849995663,1.3231266000002506,339.2083389549971,341.11074805259705,112.58,1516.40234375,283.95654296875,50,0.4920291441515469,"[""DDoS-RSTFINFlood"", ""DDoS-PSHACK_Flood"", ""DDoS-SYN_Flood"", ""DDoS-UDP_Flood"", ""DDoS-TCP_Flood"", ""DDoS-ICMP_Flood"", ""DDoS-SynonymousIP_Flood"", ""DDoS-ACK_Fragmentation"", ""DDoS-UDP_Fragmentation"", ""DDoS-ICMP_Fragmentation"", ""DDoS-SlowLoris"", ""DDoS-HTTP_Flood"", ""DoS-UDP_Flood"", ""DoS-SYN_Flood"", ""DoS-TCP_Flood"", ""DoS-HTTP_Flood"", ""Mirai-greeth_flood"", ""Mirai-greip_flood"", ""Mirai-udpplain"", ""Recon-PingSweep"", ""Recon-OSScan"", ""Recon-PortScan"", ""VulnerabilityScan"", ""Recon-HostDiscovery"", ""DNS_Spoofing"", ""MITM-ArpSpoofing"", ""BenignTraffic"", ""BrowserHijacking"", ""Backdoor_Malware"", ""XSS"", ""Uploading_Attack"", ""SqlInjection"", ""CommandInjection"", ""DictionaryBruteForce""]","[35009, 35010, 35011, 35011, 35012, 35015, 35011, 32097, 32855, 35006, 2718, 3253, 35008, 35014, 35009, 8174, 35012, 35009, 35010, 238, 11161, 9331, 4214, 15219, 20498, 35006, 35003, 646, 396, 418, 147, 602, 596, 1444]",,,,,,,
a3cce5301885,ciciot2023,fine,fedrs,4,,main,0.4997856900033863,0.7375362556777759,0.5150310299085825,0.7091287822133147,0.014596234045242006,0.3775916646034441,0.5799298365645011,"[0.9981987391173822, 0.9983991995998, 0.8811167817472231, 0.5552220888355343, 0.9740896358543417, 0.9927956774064439, 0.05952380952380952, 0.8848378997925991, 0.2373134328358209, 0.9661898569570871, 0.11917098445595854, 0.7857142857142857, 0.9726863431715858, 0.7369210763228968, 0.7393957583033214, 0.6151866151866152, 0.7023809523809523, 0.9580748449069442, 0.9957987396218866, 0.0, 0.5697674418604651, 0.0, 0.8158333333333333, 0.0891089108910891, 0.3091250854408749, 0.8944788957791558, 0.6475295059011802, 0.0, 0.0, 0.0, 0.0, 0.0, 0.0, 0.012195121951219513]",201003,56290,109824,1.2126242750036909,1.3751821050027502,343.3563441720007,345.12099051475525,112.58,1528.859375,280.94677734375,50,0.5011134771120673,"[""DDoS-RSTFINFlood"", ""DDoS-PSHACK_Flood"", ""DDoS-SYN_Flood"", ""DDoS-UDP_Flood"", ""DDoS-TCP_Flood"", ""DDoS-ICMP_Flood"", ""DDoS-SynonymousIP_Flood"", ""DDoS-ACK_Fragmentation"", ""DDoS-UDP_Fragmentation"", ""DDoS-ICMP_Fragmentation"", ""DDoS-SlowLoris"", ""DDoS-HTTP_Flood"", ""DoS-UDP_Flood"", ""DoS-SYN_Flood"", ""DoS-TCP_Flood"", ""DoS-HTTP_Flood"", ""Mirai-greeth_flood"", ""Mirai-greip_flood"", ""Mirai-udpplain"", ""Recon-PingSweep"", ""Recon-OSScan"", ""Recon-PortScan"", ""VulnerabilityScan"", ""Recon-HostDiscovery"", ""DNS_Spoofing"", ""MITM-ArpSpoofing"", ""BenignTraffic"", ""BrowserHijacking"", ""Backdoor_Malware"", ""XSS"", ""Uploading_Attack"", ""SqlInjection"", ""CommandInjection"", ""DictionaryBruteForce""]","[35014, 35010, 35013, 35008, 35009, 35014, 35008, 32099, 32856, 35007, 2711, 3255, 35011, 35007, 35009, 8171, 35010, 35013, 35006, 239, 11165, 9332, 4208, 15219, 20503, 35005, 35004, 646, 397, 418, 145, 603, 594, 1444]",,,,,,,
e761eb82dcfb,ciciot2023,fine,statavg,0,,ablation;main;sensitivity,0.5226672412837364,0.7220458729290015,0.5333590563910285,0.7036147221259387,0.09780162512935814,0.42754084763853506,0.6237235025961977,"[0.9989993996397839, 0.9987993996998499, 0.975080064051241, 0.9971985992996498, 0.43631815907953975, 0.9989993996397839, 0.45557334400640387, 0.9835170832878507, 0.9914693964597995, 0.9792917166866747, 0.7237354085603113, 0.6175514626218852, 0.28788636590977296, 0.4221110555277639, 0.8175270108043218, 0.8862660944206009, 0.7216886754701881, 0.34963985594237695, 0.994797919167667, 0.0, 0.3149136577708006, 0.41306796845662785, 0.896580483736447, 0.0, 0.2573479152426521, 0.881952781112445, 0.5774154830966193, 0.0, 0.0, 0.0, 0.0, 0.0, 0.0, 0.15647921760391198]",200990,56290,109824,1.145876870000393,1.6119247799997538,330.6034547029976,332.3780326843262,112.58744,1501.05859375,286.177734375,50,0.5223168451954041,"[""DDoS-RSTFINFlood"", ""DDoS-PSHACK_Flood"", ""DDoS-SYN_Flood"", ""DDoS-UDP_Flood"", ""DDoS-TCP_Flood"", ""DDoS-ICMP_Flood"", ""DDoS-SynonymousIP_Flood"", ""DDoS-ACK_Fragmentation"", ""DDoS-UDP_Fragmentation"", ""DDoS-ICMP_Fragmentation"", ""DDoS-SlowLoris"", ""DDoS-HTTP_Flood"", ""DoS-UDP_Flood"", ""DoS-SYN_Flood"", ""DoS-TCP_Flood"", ""DoS-HTTP_Flood"", ""Mirai-greeth_flood"", ""Mirai-greip_flood"", ""Mirai-udpplain"", ""Recon-PingSweep"", ""Recon-OSScan"", ""Recon-PortScan"", ""VulnerabilityScan"", ""Recon-HostDiscovery"", ""DNS_Spoofing"", ""MITM-ArpSpoofing"", ""BenignTraffic"", ""BrowserHijacking"", ""Backdoor_Malware"", ""XSS"", ""Uploading_Attack"", ""SqlInjection"", ""CommandInjection"", ""DictionaryBruteForce""]","[35013, 35009, 35014, 35010, 35011, 35013, 35012, 32096, 32858, 35008, 2712, 3256, 35008, 35010, 35008, 8173, 35008, 35009, 35007, 241, 11161, 9330, 4210, 15217, 20501, 35007, 35004, 649, 396, 418, 148, 603, 596, 1446]",,,,,,,
2d64780f7458,ciciot2023,fine,statavg,1,,ablation;main;sensitivity,0.5193948380407916,0.7151734672046729,0.5403132053694758,0.6821579793597821,0.0993274524128243,0.477034366917871,0.6420614482141395,"[0.9989993996397839, 0.9971983189913949, 0.08513405362144857, 0.990796318527411, 0.9871948779511804, 0.9986993496748374, 0.9234234234234234, 0.9830841427480083, 0.9961620469083156, 0.9749874937468734, 0.7227979274611399, 0.603671706263499, 0.32779667800680407, 0.44786872123273963, 0.46668667466986796, 0.8622908622908623, 0.0, 0.9896948474237118, 0.9945978391356542, 0.0, 0.6749371859296482, 0.0, 0.9073455759599333, 0.5067925397190882, 0.6290157211209843, 0.6602301150575287, 0.4700940188037607, 0.0, 0.0, 0.0, 0.0, 0.0, 0.0, 0.17114914425427874]",200989,56290,109824,1.1038560849965506,1.1835013549989526,327.4835342330025,329.1581003665924,112.58744,1500.90234375,289.54736328125,50,0.5209605918425214,"[""DDoS-RSTFINFlood"", ""DDoS-PSHACK_Flood"", ""DDoS-SYN_Flood"", ""DDoS-UDP_Flood"", ""DDoS-TCP_Flood"", ""DDoS-ICMP_Flood"", ""DDoS-SynonymousIP_Flood"", ""DDoS-ACK_Fragmentation"", ""DDoS-UDP_Fragmentation"", ""DDoS-ICMP_Fragmentation"", ""DDoS-SlowLoris"", ""DDoS-HTTP_Flood"", ""DoS-UDP_Flood"", ""DoS-SYN_Flood"", ""DoS-TCP_Flood"", ""DoS-HTTP_Flood"", ""Mirai-greeth_flood"", ""Mirai-greip_flood"", ""Mirai-udpplain"", ""Recon-PingSweep"", ""Recon-OSScan"", ""Recon-PortScan"", ""VulnerabilityScan"", ""Recon-HostDiscovery"", ""DNS_Spoofing"", ""MITM-ArpSpoofing"", ""BenignTraffic"", ""BrowserHijacking"", ""Backdoor_Malware"", ""XSS"", ""Uploading_Attack"", ""SqlInjection"", ""CommandInjection"", ""DictionaryBruteForce""]","[35013, 35013, 35009, 35007, 35009, 35012, 35021, 32094, 32855, 35009, 2712, 3252, 35012, 35013, 35008, 8172, 35011, 35012, 35009, 240, 11162, 9332, 4211, 15218, 20502, 35011, 35005, 648, 397, 419, 146, 605, 595, 1446]",,,,,,,
63290b7f10ef,ciciot2023,fine,statavg,2,,ablation;main;sensitivity,0.5178119392602933,0.7262283826543812,0.5391540132477848,0.7013052860200399,0.11998714991415721,0.4421314832538716,0.6150728824227802,"[0.9989992995096567, 0.9947973986993497, 0.9725890356142457, 0.2128064032016008, 0.9473736868434217, 0.9989992995096567, 0.6926770708283313, 0.9885371179039302, 0.9862473347547974, 0.9730892356942777, 0.8974025974025974, 0.49295774647887325, 0.8146073036518259, 0.2766106442577031, 0.5155062024809924, 0.8814942035208244, 0.9928957374424655, 0.00500150045013504, 0.992997899369811, 0.0, 0.21695447409733123, 0.7445529676934636, 0.36363636363636365, 0.4151508174073221, 0.5034164673727366, 0.5185037007401481, 0.7509501900380076, 0.0, 0.0, 0.0, 0.0, 0.0, 0.0, 0.18248175182481752]",200996,56290,109824,1.4510592750002616,1.2896059249987957,329.0105694480044,330.7906370162964,112.58744,1492.23828125,284.41259765625,20,0.5161743738322873,"[""DDoS-RSTFINFlood"", ""DDoS-PSHACK_Flood"", ""DDoS-SYN_Flood"", ""DDoS-UDP_Flood"", ""DDoS-TCP_Flood"", ""DDoS-ICMP_Flood"", ""DDoS-SynonymousIP_Flood"", ""DDoS-ACK_Fragmentation"", ""DDoS-UDP_Fragmentation"", ""DDoS-ICMP_Fragmentation"", ""DDoS-SlowLoris"", ""DDoS-HTTP_Flood"", ""DoS-UDP_Flood"", ""DoS-SYN_Flood"", ""DoS-TCP_Flood"", ""DoS-HTTP_Flood"", ""Mirai-greeth_flood"", ""Mirai-greip_flood"", ""Mirai-udpplain"", ""Recon-PingSweep"", ""Recon-OSScan"", ""Recon-PortScan"", ""VulnerabilityScan"", ""Recon-HostDiscovery"", ""DNS_Spoofing"", ""MITM-ArpSpoofing"", ""BenignTraffic"", ""BrowserHijacking"", ""Backdoor_Malware"", ""XSS"", ""Uploading_Attack"", ""SqlInjection"", ""CommandInjection"", ""DictionaryBruteForce""]","[35014, 35009, 35007, 35011, 35009, 35013, 35010, 32099, 32855, 35008, 2715, 3256, 35011, 35009, 35008, 8176, 35012, 35007, 35006, 239, 11161, 9332, 4209, 15219, 20498, 35004, 35004, 646, 397, 420, 148, 604, 596, 1443]",,,,,,,
1097d4349641,ciciot2023,fine,statavg,3,,ablation;main,0.5103778180470799,0.701681592039801,0.5242007678892915,0.666019301535799,0.10721628412643033,0.4888368496080742,0.6130614602779969,"[0.9986994797919168, 0.9991996798719488, 0.9872949179671868, 0.0, 0.9886932159295577, 0.9984989492644851, 0.29374687343671835, 0.9872298624754421, 0.9945628997867804, 0.9782956591318264, 0.7893368010403121, 0.5275675675675676, 0.9970988395358144, 0.232939763858315, 0.46978791516606644, 0.888030888030888, 0.35161096657994795, 0.8001200480192077, 0.9941970985492746, 0.0, 0.19912060301507536, 0.1682313180623357, 0.8596491228070176, 0.7116536158452326, 0.22787837376153058, 0.2575772731819546, 0.9461946194619462, 0.0, 0.0, 0.0, 0.0, 0.0, 0.0, 0.17560975609756097]",201000,56290,109824,1.1919979399999647,1.127609805002976,324.5129649509954,326.2018961906433,112.58744,1495.94921875,283.95654296875,50,0.5105232267408174,"[""DDoS-RSTFINFlood"", ""DDoS-PSHACK_Flood"", ""DDoS-SYN_Flood"", ""DDoS-UDP_Flood"", ""DDoS-TCP_Flood"", ""DDoS-ICMP_Flood"", ""DDoS-SynonymousIP_Flood"", ""DDoS-ACK_Fragmentation"", ""DDoS-UDP_Fragmentation"", ""DDoS-ICMP_Fragmentation"", ""DDoS-SlowLoris"", ""DDoS-HTTP_Flood"", ""DoS-UDP_Flood"", ""DoS-SYN_Flood"", ""DoS-TCP_Flood"", ""DoS-HTTP_Flood"", ""Mirai-greeth_flood"", ""Mirai-greip_flood"", ""Mirai-udpplain"", ""Recon-PingSweep"", ""Recon-OSScan"", ""Recon-PortScan"", ""VulnerabilityScan"", ""Recon-HostDiscovery"", ""DNS_Spoofing"", ""MITM-ArpSpoofing"", ""BenignTraffic"", ""BrowserHijacking"", ""Backdoor_Malware"", ""XSS"", ""Uploading_Attack"", ""SqlInjection"", ""CommandInjection"", ""DictionaryBruteForce""]","[35009, 35010, 35011, 35011, 35012, 35015, 35011, 32097, 32855, 35006, 2718, 3253, 35008, 35014, 35009, 8174, 35012, 35009, 35010, 238, 11161, 9331, 4214, 15219, 20498, 35006, 35003, 646, 396, 418, 147, 602, 596, 1444]",,,,,,,
a1bc020a6e82,ciciot2023,fine,statavg,4,,ablation;main,0.5004023273358689,0.7302925826977706,0.508663090540936,0.6989271864816894,0.01902846230534844,0.45045170841571164,0.6411039603870619,"[0.9988992294606225, 0.9984992496248124, 0.12188531972380666, 0.8614445778311325, 0.9776910764305722, 0.9975985591354813, 0.6342537014805922, 0.984936142342539, 0.8699360341151386, 0.9783935180554166, 0.029792746113989636, 0.7186147186147186, 0.5443721860930465, 0.9476843052915874, 0.48999599839935976, 0.5293865293865294, 0.0, 0.9960976585951571, 0.9955986796038812, 0.0, 0.3312382149591452, 0.0, 0.5925, 0.4625834676490905, 0.5869788106630212, 0.7198439687937588, 0.7848569713942789, 0.0, 0.0, 0.0, 0.0, 0.0, 0.0, 0.14146341463414633]",201003,56290,109824,1.5027423800029283,1.1427146100004393,326.8232982209993,328.6108446121216,112.58744,1508.26953125,280.94677734375,30,0.5000993568740082,"[""DDoS-RSTFINFlood"", ""DDoS-PSHACK_Flood"", ""DDoS-SYN_Flood"", ""DDoS-UDP_Flood"", ""DDoS-TCP_Flood"", ""DDoS-ICMP_Flood"", ""DDoS-SynonymousIP_Flood"", ""DDoS-ACK_Fragmentation"", ""DDoS-UDP_Fragmentation"", ""DDoS-ICMP_Fragmentation"", ""DDoS-SlowLoris"", ""DDoS-HTTP_Flood"", ""DoS-UDP_Flood"", ""DoS-SYN_Flood"", ""DoS-TCP_Flood"", ""DoS-HTTP_Flood"", ""Mirai-greeth_flood"", ""Mirai-greip_flood"", ""Mirai-udpplain"", ""Recon-PingSweep"", ""Recon-OSScan"", ""Recon-PortScan"", ""VulnerabilityScan"", ""Recon-HostDiscovery"", ""DNS_Spoofing"", ""MITM-ArpSpoofing"", ""BenignTraffic"", ""BrowserHijacking"", ""Backdoor_Malware"", ""XSS"", ""Uploading_Attack"", ""SqlInjection"", ""CommandInjection"", ""DictionaryBruteForce""]","[35014, 35010, 35013, 35008, 35009, 35014, 35008, 32099, 32856, 35007, 2711, 3255, 35011, 35007, 35009, 8171, 35010, 35013, 35006, 239, 11165, 9332, 4208, 15219, 20503, 35005, 35004, 646, 397, 418, 145, 603, 594, 1444]",,,,,,,
c3feb5c90cf1,ciciot2023,fine,fedstap,0,,ablation;main;sensitivity,0.5660143665331144,0.7467535698293447,0.5825327683333985,0.7372278020377832,0.1750347437557724,0.490689489687604,0.659974431354342,"[0.9988993396037622, 0.9980990495247624, 0.9356485188150521, 0.9899949974987494, 0.9843921960980491, 0.9988993396037622, 0.7589553732239344, 0.984936142342539, 0.9864576668799317, 0.9776910764305722, 0.8326848249027238, 0.6695557963163596, 0.3107932379713914, 0.22451225612806402, 0.476390556222489, 0.8497854077253219, 0.41236494597839135, 0.6398559423769508, 0.9940976390556222, 0.18461538461538463, 0.3711145996860283, 0.3942921517085993, 0.9357798165137615, 0.43853591160220995, 0.6672932330827067, 0.548719487795118, 0.6837367473494699, 0.022099447513812154, 0.07207207207207207, 0.0, 0.0, 0.2235294117647059, 0.08383233532934131, 0.15647921760391198]",200990,56290,109824,1.6126602650001587,1.7159238099975482,350.8481232839986,352.8522980213165,112.58744,1523.24609375,286.177734375,45,0.564922296843772,"[""DDoS-RSTFINFlood"", ""DDoS-PSHACK_Flood"", ""DDoS-SYN_Flood"", ""DDoS-UDP_Flood"", ""DDoS-TCP_Flood"", ""DDoS-ICMP_Flood"", ""DDoS-SynonymousIP_Flood"", ""DDoS-ACK_Fragmentation"", ""DDoS-UDP_Fragmentation"", ""DDoS-ICMP_Fragmentation"", ""DDoS-SlowLoris"", ""DDoS-HTTP_Flood"", ""DoS-UDP_Flood"", ""DoS-SYN_Flood"", ""DoS-TCP_Flood"", ""DoS-HTTP_Flood"", ""Mirai-greeth_flood"", ""Mirai-greip_flood"", ""Mirai-udpplain"", ""Recon-PingSweep"", ""Recon-OSScan"", ""Recon-PortScan"", ""VulnerabilityScan"", ""Recon-HostDiscovery"", ""DNS_Spoofing"", ""MITM-ArpSpoofing"", ""BenignTraffic"", ""BrowserHijacking"", ""Backdoor_Malware"", ""XSS"", ""Uploading_Attack"", ""SqlInjection"", ""CommandInjection"", ""DictionaryBruteForce""]","[35013, 35009, 35014, 35010, 35011, 35013, 35012, 32096, 32858, 35008, 2712, 3256, 35008, 35010, 35008, 8173, 35008, 35009, 35007, 241, 11161, 9330, 4210, 15217, 20501, 35007, 35004, 649, 396, 418, 148, 603, 596, 1446]",,,,,,,
643d4f005b7d,ciciot2023,fine,fedstap,1,,ablation;main;sensitivity,0.5657411694517757,0.7635442735672101,0.5810151548566296,0.7603348926368665,0.13138545420014283,0.5553804850265586,0.6652599347271636,"[0.998699219531719, 0.998198919351611, 0.7692076830732293, 0.757202881152461, 0.9646858743497398, 0.9978989494747373, 0.7991991991991992, 0.9828658736221761, 0.988272921108742, 0.9770885442721361, 0.7448186528497409, 0.6663066954643628, 0.6950170102061237, 0.49889933960376226, 0.5108043217286915, 0.8459888459888459, 0.8052831699019412, 0.2495247623811906, 0.9944977991196479, 0.0, 0.5069095477386935, 0.22577009767092412, 0.9440734557595993, 0.6870826617545476, 0.3925153793574846, 0.6327163581790896, 0.6833366673334667, 0.005494505494505495, 0.0, 0.0, 0.05, 0.08875739644970414, 0.0, 0.293398533007335]",200989,56290,109824,1.3775690399961604,1.205443489998288,352.634993455993,354.42532753944397,112.58744,1522.32421875,289.54736328125,45,0.5672380686179578,"[""DDoS-RSTFINFlood"", ""DDoS-PSHACK_Flood"", ""DDoS-SYN_Flood"", ""DDoS-UDP_Flood"", ""DDoS-TCP_Flood"", ""DDoS-ICMP_Flood"", ""DDoS-SynonymousIP_Flood"", ""DDoS-ACK_Fragmentation"", ""DDoS-UDP_Fragmentation"", ""DDoS-ICMP_Fragmentation"", ""DDoS-SlowLoris"", ""DDoS-HTTP_Flood"", ""DoS-UDP_Flood"", ""DoS-SYN_Flood"", ""DoS-TCP_Flood"", ""DoS-HTTP_Flood"", ""Mirai-greeth_flood"", ""Mirai-greip_flood"", ""Mirai-udpplain"", ""Recon-PingSweep"", ""Recon-OSScan"", ""Recon-PortScan"", ""VulnerabilityScan"", ""Recon-HostDiscovery"", ""DNS_Spoofing"", ""MITM-ArpSpoofing"", ""BenignTraffic"", ""BrowserHijacking"", ""Backdoor_Malware"", ""XSS"", ""Uploading_Attack"", ""SqlInjection"", ""CommandInjection"", ""DictionaryBruteForce""]","[35013, 35013, 35009, 35007, 35009, 35012, 35021, 32094, 32855, 35009, 2712, 3252, 35012, 35013, 35008, 8172, 35011, 35012, 35009, 240, 11162, 9332, 4211, 15218, 20502, 35011, 35005, 648, 397, 419, 146, 605, 595, 1446]",,,,,,,
d3517366505b,ciciot2023,fine,fedstap,2,,ablation;main;sensitivity,0.5657410969672374,0.7598310414137595,0.6075872024819609,0.7413671388916994,0.24390005799666678,0.5170999747673061,0.6613423340485544,"[0.9988992294606225, 0.9979989994997499, 0.9095638255302121, 0.9880940470235118, 0.9737868934467233, 0.9989992995096567, 0.719187675070028, 0.9850436681222707, 0.9868869936034115, 0.9746898759503801, 0.9675324675324676, 0.7518959913326111, 0.32506253126563284, 0.5270108043217286, 0.485094037615046, 0.759553456419064, 0.00010006003602161297, 0.9878963689106732, 0.9928978693608083, 0.2878787878787879, 0.2948194662480377, 0.5277986476333584, 0.7472894078398665, 0.7278379000690767, 0.5122992825418518, 0.5610122024404881, 0.7291458291658331, 0.0, 0.2818181818181818, 0.3017241379310345, 0.0, 0.1242603550295858, 0.029940119760479042, 0.20194647201946472]",200996,56290,109824,1.7068512400055624,1.3368275349967007,344.10363432399026,346.03191328048706,112.58744,1514.671875,284.41259765625,50,0.5643110971465499,"[""DDoS-RSTFINFlood"", ""DDoS-PSHACK_Flood"", ""DDoS-SYN_Flood"", ""DDoS-UDP_Flood"", ""DDoS-TCP_Flood"", ""DDoS-ICMP_Flood"", ""DDoS-SynonymousIP_Flood"", ""DDoS-ACK_Fragmentation"", ""DDoS-UDP_Fragmentation"", ""DDoS-ICMP_Fragmentation"", ""DDoS-SlowLoris"", ""DDoS-HTTP_Flood"", ""DoS-UDP_Flood"", ""DoS-SYN_Flood"", ""DoS-TCP_Flood"", ""DoS-HTTP_Flood"", ""Mirai-greeth_flood"", ""Mirai-greip_flood"", ""Mirai-udpplain"", ""Recon-PingSweep"", ""Recon-OSScan"", ""Recon-PortScan"", ""VulnerabilityScan"", ""Recon-HostDiscovery"", ""DNS_Spoofing"", ""MITM-ArpSpoofing"", ""BenignTraffic"", ""BrowserHijacking"", ""Backdoor_Malware"", ""XSS"", ""Uploading_Attack"", ""SqlInjection"", ""CommandInjection"", ""DictionaryBruteForce""]","[35014, 35009, 35007, 35011, 35009, 35013, 35010, 32099, 32855, 35008, 2715, 3256, 35011, 35009, 35008, 8176, 35012, 35007, 35006, 239, 11161, 9332, 4209, 15219, 20498, 35004, 35004, 646, 397, 420, 148, 604, 596, 1443]",,,,,,,
9040581524a3,ciciot2023,fine,fedstap,3,,ablation;main,0.555271702434929,0.7518706467661691,0.5725588278119014,0.7464034033267964,0.11524683506985516,0.5546681058431089,0.6736284611770756,"[0.9986994797919168, 0.9987995198079231, 0.9066626650660264, 0.9040424254552731, 0.9880928557134281, 0.9984989492644851, 0.726663331665833, 0.9839554682383759, 0.9826226012793177, 0.9783956791358271, 0.8374512353706112, 0.6951351351351351, 0.4995998399359744, 0.5486291775065039, 0.47348939575830334, 0.8013728013728014, 0.7971783069841906, 0.2805122048819528, 0.9931965982991495, 0.015151515151515152, 0.6096105527638191, 0.2632369508073601, 0.9214703425229741, 0.8705665591893137, 0.19832593098735907, 0.6037811343403021, 0.40724072407240725, 0.0, 0.009009009009009009, 0.0, 0.0, 0.0, 0.0, 0.17560975609756097]",201000,56290,109824,1.4649875949999114,1.3341082950046257,340.2515049369995,342.1004846096039,112.58744,1516.6953125,283.95654296875,30,0.554990588055055,"[""DDoS-RSTFINFlood"", ""DDoS-PSHACK_Flood"", ""DDoS-SYN_Flood"", ""DDoS-UDP_Flood"", ""DDoS-TCP_Flood"", ""DDoS-ICMP_Flood"", ""DDoS-SynonymousIP_Flood"", ""DDoS-ACK_Fragmentation"", ""DDoS-UDP_Fragmentation"", ""DDoS-ICMP_Fragmentation"", ""DDoS-SlowLoris"", ""DDoS-HTTP_Flood"", ""DoS-UDP_Flood"", ""DoS-SYN_Flood"", ""DoS-TCP_Flood"", ""DoS-HTTP_Flood"", ""Mirai-greeth_flood"", ""Mirai-greip_flood"", ""Mirai-udpplain"", ""Recon-PingSweep"", ""Recon-OSScan"", ""Recon-PortScan"", ""VulnerabilityScan"", ""Recon-HostDiscovery"", ""DNS_Spoofing"", ""MITM-ArpSpoofing"", ""BenignTraffic"", ""BrowserHijacking"", ""Backdoor_Malware"", ""XSS"", ""Uploading_Attack"", ""SqlInjection"", ""CommandInjection"", ""DictionaryBruteForce""]","[35009, 35010, 35011, 35011, 35012, 35015, 35011, 32097, 32855, 35006, 2718, 3253, 35008, 35014, 35009, 8174, 35012, 35009, 35010, 238, 11161, 9331, 4214, 15219, 20498, 35006, 35003, 646, 396, 418, 147, 602, 596, 1444]",,,,,,,
478614f5eb8f,ciciot2023,fine,fedstap,4,,ablation;main,0.5709170972592863,0.7715755486236524,0.580118448533244,0.7686152273043246,0.11389240445120682,0.5066478882821098,0.6775307128613877,"[0.9988992294606225, 0.9984992496248124, 0.9320524367056939, 0.8092236894757903, 0.9496798719487796, 0.9987992795677406, 0.6625650260104041, 0.9850453007313612, 0.9863539445628998, 0.9767930379113734, 0.6683937823834197, 0.8982683982683982, 0.6746373186593296, 0.5467640292087627, 0.4995998399359744, 0.6490776490776491, 0.34633853541416565, 0.6981188713227937, 0.9938981694508352, 0.09090909090909091, 0.5911376492771842, 0.08489857250187828, 0.8658333333333333, 0.6099470412157495, 0.5194805194805194, 0.6790358071614323, 0.7440488097619524, 0.03825136612021858, 0.00909090909090909, 0.0, 0.0, 0.0, 0.07692307692307693, 0.14146341463414633]",201003,56290,109824,1.2078322700017452,1.506569445000423,350.2546833239958,352.0543978214264,112.58744,1529.2734375,280.94677734375,50,0.5673782937550279,"[""DDoS-RSTFINFlood"", ""DDoS-PSHACK_Flood"", ""DDoS-SYN_Flood"", ""DDoS-UDP_Flood"", ""DDoS-TCP_Flood"", ""DDoS-ICMP_Flood"", ""DDoS-SynonymousIP_Flood"", ""DDoS-ACK_Fragmentation"", ""DDoS-UDP_Fragmentation"", ""DDoS-ICMP_Fragmentation"", ""DDoS-SlowLoris"", ""DDoS-HTTP_Flood"", ""DoS-UDP_Flood"", ""DoS-SYN_Flood"", ""DoS-TCP_Flood"", ""DoS-HTTP_Flood"", ""Mirai-greeth_flood"", ""Mirai-greip_flood"", ""Mirai-udpplain"", ""Recon-PingSweep"", ""Recon-OSScan"", ""Recon-PortScan"", ""VulnerabilityScan"", ""Recon-HostDiscovery"", ""DNS_Spoofing"", ""MITM-ArpSpoofing"", ""BenignTraffic"", ""BrowserHijacking"", ""Backdoor_Malware"", ""XSS"", ""Uploading_Attack"", ""SqlInjection"", ""CommandInjection"", ""DictionaryBruteForce""]","[35014, 35010, 35013, 35008, 35009, 35014, 35008, 32099, 32856, 35007, 2711, 3255, 35011, 35007, 35009, 8171, 35010, 35013, 35006, 239, 11165, 9332, 4208, 15219, 20503, 35005, 35004, 646, 397, 418, 145, 603, 594, 1444]",,,,,,,
9d2d496abb46,ciciot2023,fine,fedprox_sfs,0,,main,0.5195072918713688,0.7287228220309468,0.5408202834698489,0.6967296114459595,0.1096188898649108,0.44990988682008143,0.6391083420117538,"[0.9988993396037622, 0.998599299649825, 0.9709767814251401, 0.9981990995497749, 0.9668834417208604, 0.9989993996397839, 0.6243746247748649, 0.984281192009606, 0.9884836852207294, 0.9798919567827131, 0.8300907911802854, 0.5677139761646804, 0.2830849254776433, 0.4533266633316658, 0.5061024409763906, 0.9042918454935622, 0.004501800720288115, 0.9831932773109243, 0.9953981592637055, 0.0, 0.45557299843014126, 0.37176117161096506, 0.8974145120934112, 0.0, 0.22453861927546137, 0.9072629051620649, 0.33756751350270053, 0.0, 0.0, 0.0, 0.0, 0.0, 0.0, 0.15647921760391198]",200990,56290,109824,1.6426617349998196,1.630123329999833,550.2362232010016,110.2348256111145,112.58744,1582.546875,286.177734375,50,0.518775342215972,"[""DDoS-RSTFINFlood"", ""DDoS-PSHACK_Flood"", ""DDoS-SYN_Flood"", ""DDoS-UDP_Flood"", ""DDoS-TCP_Flood"", ""DDoS-ICMP_Flood"", ""DDoS-SynonymousIP_Flood"", ""DDoS-ACK_Fragmentation"", ""DDoS-UDP_Fragmentation"", ""DDoS-ICMP_Fragmentation"", ""DDoS-SlowLoris"", ""DDoS-HTTP_Flood"", ""DoS-UDP_Flood"", ""DoS-SYN_Flood"", ""DoS-TCP_Flood"", ""DoS-HTTP_Flood"", ""Mirai-greeth_flood"", ""Mirai-greip_flood"", ""Mirai-udpplain"", ""Recon-PingSweep"", ""Recon-OSScan"", ""Recon-PortScan"", ""VulnerabilityScan"", ""Recon-HostDiscovery"", ""DNS_Spoofing"", ""MITM-ArpSpoofing"", ""BenignTraffic"", ""BrowserHijacking"", ""Backdoor_Malware"", ""XSS"", ""Uploading_Attack"", ""SqlInjection"", ""CommandInjection"", ""DictionaryBruteForce""]","[35013, 35009, 35014, 35010, 35011, 35013, 35012, 32096, 32858, 35008, 2712, 3256, 35008, 35010, 35008, 8173, 35008, 35009, 35007, 241, 11161, 9330, 4210, 15217, 20501, 35007, 35004, 649, 396, 418, 148, 603, 596, 1446]",,,,,,,
d3717796dccf,ciciot2023,fine,fedprox_sfs,1,,main,0.5319963478473853,0.7356571752682982,0.549241169981794,0.7041199265699661,0.10292561015605976,0.4862119945219925,0.650525746804027,"[0.9989993996397839, 0.998198919351611, 0.19457783113245297, 0.9913965586234493, 0.9856942777110844, 0.9986993496748374, 0.8516516516516517, 0.9843937575030012, 0.9955223880597015, 0.975687843921961, 0.7551813471502591, 0.5118790496760259, 0.3187912747648589, 0.6415849509705823, 0.47478991596638653, 0.8743028743028743, 0.0, 0.9891945972986493, 0.9940976390556222, 0.0, 0.5342336683417085, 0.003756574004507889, 0.9090150250417363, 0.5058715173842966, 0.6966848940533151, 0.6052026013006503, 0.7136427285457091, 0.0, 0.0, 0.0, 0.0, 0.0, 0.0, 0.17114914425427874]",200989,56290,109824,1.5054441649999717,1.59432039500075,534.0612929090012,108.72441554069519,112.58744,1581.01171875,289.54736328125,50,0.5345503075641402,"[""DDoS-RSTFINFlood"", ""DDoS-PSHACK_Flood"", ""DDoS-SYN_Flood"", ""DDoS-UDP_Flood"", ""DDoS-TCP_Flood"", ""DDoS-ICMP_Flood"", ""DDoS-SynonymousIP_Flood"", ""DDoS-ACK_Fragmentation"", ""DDoS-UDP_Fragmentation"", ""DDoS-ICMP_Fragmentation"", ""DDoS-SlowLoris"", ""DDoS-HTTP_Flood"", ""DoS-UDP_Flood"", ""DoS-SYN_Flood"", ""DoS-TCP_Flood"", ""DoS-HTTP_Flood"", ""Mirai-greeth_flood"", ""Mirai-greip_flood"", ""Mirai-udpplain"", ""Recon-PingSweep"", ""Recon-OSScan"", ""Recon-PortScan"", ""VulnerabilityScan"", ""Recon-HostDiscovery"", ""DNS_Spoofing"", ""MITM-ArpSpoofing"", ""BenignTraffic"", ""BrowserHijacking"", ""Backdoor_Malware"", ""XSS"", ""Uploading_Attack"", ""SqlInjection"", ""CommandInjection"", ""DictionaryBruteForce""]","[35013, 35013, 35009, 35007, 35009, 35012, 35021, 32094, 32855, 35009, 2712, 3252, 35012, 35013, 35008, 8172, 35011, 35012, 35009, 240, 11162, 9332, 4211, 15218, 20502, 35011, 35005, 648, 397, 419, 146, 605, 595, 1446]",,,,,,,
04bf6b9269db,ciciot2023,fine,fedprox_sfs,2,,main,0.5185302001608507,0.7379549841787896,0.5426956543601501,0.7102192152203339,0.12258455251155981,0.47732990503712286,0.6268039980198604,"[0.9989992995096567, 0.9987993996998499, 0.9588835534213686, 0.9481740870435218, 0.9505752876438219, 0.9989992995096567, 0.7249899959983993, 0.9911572052401747, 0.9926439232409382, 0.9730892356942777, 0.9207792207792208, 0.13976164680390032, 0.36298149074537267, 0.36584633853541415, 0.5120048019207684, 0.9295835122370116, 0.0, 0.9905971791537461, 0.9930979293788137, 0.0, 0.15824175824175823, 0.6378662659654395, 0.44370308590492075, 0.8800368408933916, 0.3375469764263751, 0.7349469893978796, 0.32586517303460694, 0.0, 0.0, 0.0, 0.0, 0.0, 0.0, 0.18248175182481752]",200996,56290,109824,1.6293635199997425,1.2930849800000033,529.3614050870087,109.46424198150635,112.58744,1573.8984375,284.41259765625,50,0.5184528902240187,"[""DDoS-RSTFINFlood"", ""DDoS-PSHACK_Flood"", ""DDoS-SYN_Flood"", ""DDoS-UDP_Flood"", ""DDoS-TCP_Flood"", ""DDoS-ICMP_Flood"", ""DDoS-SynonymousIP_Flood"", ""DDoS-ACK_Fragmentation"", ""DDoS-UDP_Fragmentation"", ""DDoS-ICMP_Fragmentation"", ""DDoS-SlowLoris"", ""DDoS-HTTP_Flood"", ""DoS-UDP_Flood"", ""DoS-SYN_Flood"", ""DoS-TCP_Flood"", ""DoS-HTTP_Flood"", ""Mirai-greeth_flood"", ""Mirai-greip_flood"", ""Mirai-udpplain"", ""Recon-PingSweep"", ""Recon-OSScan"", ""Recon-PortScan"", ""VulnerabilityScan"", ""Recon-HostDiscovery"", ""DNS_Spoofing"", ""MITM-ArpSpoofing"", ""BenignTraffic"", ""BrowserHijacking"", ""Backdoor_Malware"", ""XSS"", ""Uploading_Attack"", ""SqlInjection"", ""CommandInjection"", ""DictionaryBruteForce""]","[35014, 35009, 35007, 35011, 35009, 35013, 35010, 32099, 32855, 35008, 2715, 3256, 35011, 35009, 35008, 8176, 35012, 35007, 35006, 239, 11161, 9332, 4209, 15219, 20498, 35004, 35004, 646, 397, 420, 148, 604, 596, 1443]",,,,,,,
acb1a082a10d,ciciot2023,fine,fedprox_sfs,3,,main,0.5217704778032355,0.7272587064676617,0.5419299754350335,0.6858409916198082,0.10952808877893722,0.4999635620010737,0.6269793026493444,"[0.9986994797919168, 0.9991996798719488, 0.9657863145258103, 0.0, 0.9885931558935361, 0.9984989492644851, 0.6766383191595798, 0.9884304736956996, 0.9907249466950959, 0.9765953190638128, 0.8101430429128739, 0.5145945945945946, 0.9967987194877951, 0.5023013808284971, 0.4692877150860344, 0.8944658944658944, 0.9672803682209326, 0.058723489395758305, 0.9942971485742872, 0.0, 0.27449748743718594, 0.12955313556139691, 0.8863826232247285, 0.775218793182865, 0.2123334472155791, 0.2341702510753226, 0.9467946794679468, 0.0, 0.0, 0.0, 0.0, 0.0, 0.0, 0.17560975609756097]",201000,56290,109824,1.6249024649994226,1.4619467500006067,535.5794794819919,323.53232765197754,112.58744,1574.796875,283.95654296875,50,0.5253701521248385,"[""DDoS-RSTFINFlood"", ""DDoS-PSHACK_Flood"", ""DDoS-SYN_Flood"", ""DDoS-UDP_Flood"", ""DDoS-TCP_Flood"", ""DDoS-ICMP_Flood"", ""DDoS-SynonymousIP_Flood"", ""DDoS-ACK_Fragmentation"", ""DDoS-UDP_Fragmentation"", ""DDoS-ICMP_Fragmentation"", ""DDoS-SlowLoris"", ""DDoS-HTTP_Flood"", ""DoS-UDP_Flood"", ""DoS-SYN_Flood"", ""DoS-TCP_Flood"", ""DoS-HTTP_Flood"", ""Mirai-greeth_flood"", ""Mirai-greip_flood"", ""Mirai-udpplain"", ""Recon-PingSweep"", ""Recon-OSScan"", ""Recon-PortScan"", ""VulnerabilityScan"", ""Recon-HostDiscovery"", ""DNS_Spoofing"", ""MITM-ArpSpoofing"", ""BenignTraffic"", ""BrowserHijacking"", ""Backdoor_Malware"", ""XSS"", ""Uploading_Attack"", ""SqlInjection"", ""CommandInjection"", ""DictionaryBruteForce""]","[35009, 35010, 35011, 35011, 35012, 35015, 35011, 32097, 32855, 35006, 2718, 3253, 35008, 35014, 35009, 8174, 35012, 35009, 35010, 238, 11161, 9331, 4214, 15219, 20498, 35006, 35003, 646, 396, 418, 147, 602, 596, 1444]",,,,,,,
1a4eb546da98,ciciot2023,fine,fedprox_sfs,4,,main,0.5060268749623704,0.7314865947274419,0.5172354176512028,0.6994222744506797,0.021906988499936813,0.45091835910304856,0.6441909738797756,"[0.9989992995096567, 0.9989994997498749, 0.21174822375662963, 0.9818927571028412, 0.9839935974389756, 0.9975985591354813, 0.6552621048419368, 0.9853727758978278, 0.9149253731343283, 0.9810943282984895, 0.05569948186528497, 0.7575757575757576, 0.3350675337668834, 0.8783635090527158, 0.47839135654261705, 0.6040326040326041, 0.0, 0.9938963378026816, 0.996999099729919, 0.0, 0.39126335637963544, 0.0, 0.6808333333333333, 0.47547778033617316, 0.6404647983595352, 0.6152230446089217, 0.831366273254651, 0.0, 0.0, 0.0, 0.0, 0.0, 0.0, 0.14146341463414633]",201003,56290,109824,1.535595560000047,1.7048874799991154,525.8859446359972,420.3877024650574,112.58744,1586.2265625,280.94677734375,30,0.506713813878891,"[""DDoS-RSTFINFlood"", ""DDoS-PSHACK_Flood"", ""DDoS-SYN_Flood"", ""DDoS-UDP_Flood"", ""DDoS-TCP_Flood"", ""DDoS-ICMP_Flood"", ""DDoS-SynonymousIP_Flood"", ""DDoS-ACK_Fragmentation"", ""DDoS-UDP_Fragmentation"", ""DDoS-ICMP_Fragmentation"", ""DDoS-SlowLoris"", ""DDoS-HTTP_Flood"", ""DoS-UDP_Flood"", ""DoS-SYN_Flood"", ""DoS-TCP_Flood"", ""DoS-HTTP_Flood"", ""Mirai-greeth_flood"", ""Mirai-greip_flood"", ""Mirai-udpplain"", ""Recon-PingSweep"", ""Recon-OSScan"", ""Recon-PortScan"", ""VulnerabilityScan"", ""Recon-HostDiscovery"", ""DNS_Spoofing"", ""MITM-ArpSpoofing"", ""BenignTraffic"", ""BrowserHijacking"", ""Backdoor_Malware"", ""XSS"", ""Uploading_Attack"", ""SqlInjection"", ""CommandInjection"", ""DictionaryBruteForce""]","[35014, 35010, 35013, 35008, 35009, 35014, 35008, 32099, 32856, 35007, 2711, 3255, 35011, 35007, 35009, 8171, 35010, 35013, 35006, 239, 11165, 9332, 4208, 15219, 20503, 35005, 35004, 646, 397, 418, 145, 603, 594, 1444]",,,,,,,
ae7e5bfd9b33,ciciot2023,fine,scaffold_sfs,0,,main;plugin,0.4706275566950371,0.6800089556694363,0.5087879090468828,0.6222292605443748,0.10418001805460492,0.3848972167208654,0.5734065946773741,"[0.9988993396037622, 0.9979989994997499, 0.18174539631705364, 0.0, 0.9823911955977989, 0.9985991594956974, 0.030818491094656793, 0.9839537168431394, 0.9860311367029218, 0.9729891956782714, 0.7756160830090791, 0.419284940411701, 0.9973992197659298, 0.8853426713356678, 0.47478991596638653, 0.9120171673819742, 0.0, 0.9886954781912765, 0.9931972789115646, 0.0, 0.13218210361067503, 0.10965076980848668, 0.9199332777314428, 0.8588858195211786, 0.15704032809295967, 0.7363945578231292, 0.6429285857171434, 0.0055248618784530384, 0.0, 0.0, 0.0, 0.0, 0.0, 0.15647921760391198]",200990,56290,109824,1.1581778850086266,1.1759460899975238,344.8928291099983,346.821240901947,225.16744,1497.75390625,290.7099609375,50,0.47121241333608904,"[""DDoS-RSTFINFlood"", ""DDoS-PSHACK_Flood"", ""DDoS-SYN_Flood"", ""DDoS-UDP_Flood"", ""DDoS-TCP_Flood"", ""DDoS-ICMP_Flood"", ""DDoS-SynonymousIP_Flood"", ""DDoS-ACK_Fragmentation"", ""DDoS-UDP_Fragmentation"", ""DDoS-ICMP_Fragmentation"", ""DDoS-SlowLoris"", ""DDoS-HTTP_Flood"", ""DoS-UDP_Flood"", ""DoS-SYN_Flood"", ""DoS-TCP_Flood"", ""DoS-HTTP_Flood"", ""Mirai-greeth_flood"", ""Mirai-greip_flood"", ""Mirai-udpplain"", ""Recon-PingSweep"", ""Recon-OSScan"", ""Recon-PortScan"", ""VulnerabilityScan"", ""Recon-HostDiscovery"", ""DNS_Spoofing"", ""MITM-ArpSpoofing"", ""BenignTraffic"", ""BrowserHijacking"", ""Backdoor_Malware"", ""XSS"", ""Uploading_Attack"", ""SqlInjection"", ""CommandInjection"", ""DictionaryBruteForce""]","[35013, 35009, 35014, 35010, 35011, 35013, 35012, 32096, 32858, 35008, 2712, 3256, 35008, 35010, 35008, 8173, 35008, 35009, 35007, 241, 11161, 9330, 4210, 15217, 20501, 35007, 35004, 649, 396, 418, 148, 603, 596, 1446]",,,,,,,
7e49464840e3,ciciot2023,fine,scaffold_sfs,1,,main;plugin,0.475708064545526,0.6681559687346074,0.510608767912663,0.6209377660507527,0.10897051516469533,0.4536040127384586,0.5906579799417214,"[0.9985991594956974, 0.99689813888333, 0.15506202480992398, 0.00020008003201280514, 0.9804921968787516, 0.9982991495747874, 0.8760760760760761, 0.9823202008075957, 0.9890191897654584, 0.975887943971986, 0.8095854922279793, 0.6857451403887689, 0.9966980188112867, 0.5879527716629978, 0.48259303721488594, 0.6649506649506649, 0.018010806483890335, 0.9651825912956479, 0.991796718687475, 0.0, 0.015703517587939697, 0.4413974455296769, 0.8005008347245409, 0.5737969145751785, 0.9041353383458647, 0.2859429714857429, 0.01270254050810162, 0.0, 0.0, 0.0, 0.0, 0.0, 0.0, 0.17114914425427874]",200989,56290,109824,1.3515389199983474,1.4279474999966624,345.48150241999974,347.570912361145,225.16744,1498.1953125,294.07958984375,50,0.47769383226364076,"[""DDoS-RSTFINFlood"", ""DDoS-PSHACK_Flood"", ""DDoS-SYN_Flood"", ""DDoS-UDP_Flood"", ""DDoS-TCP_Flood"", ""DDoS-ICMP_Flood"", ""DDoS-SynonymousIP_Flood"", ""DDoS-ACK_Fragmentation"", ""DDoS-UDP_Fragmentation"", ""DDoS-ICMP_Fragmentation"", ""DDoS-SlowLoris"", ""DDoS-HTTP_Flood"", ""DoS-UDP_Flood"", ""DoS-SYN_Flood"", ""DoS-TCP_Flood"", ""DoS-HTTP_Flood"", ""Mirai-greeth_flood"", ""Mirai-greip_flood"", ""Mirai-udpplain"", ""Recon-PingSweep"", ""Recon-OSScan"", ""Recon-PortScan"", ""VulnerabilityScan"", ""Recon-HostDiscovery"", ""DNS_Spoofing"", ""MITM-ArpSpoofing"", ""BenignTraffic"", ""BrowserHijacking"", ""Backdoor_Malware"", ""XSS"", ""Uploading_Attack"", ""SqlInjection"", ""CommandInjection"", ""DictionaryBruteForce""]","[35013, 35013, 35009, 35007, 35009, 35012, 35021, 32094, 32855, 35009, 2712, 3252, 35012, 35013, 35008, 8172, 35011, 35012, 35009, 240, 11162, 9332, 4211, 15218, 20502, 35011, 35005, 648, 397, 419, 146, 605, 595, 1446]",,,,,,,
9586f43f1b98,ciciot2023,fine,scaffold_sfs,2,,main;plugin,0.45805571502679127,0.6564757507612092,0.49327529107656076,0.6059670592804888,0.11040717566352429,0.4074897977932606,0.5561135365348646,"[0.9988992294606225, 0.9892946473236618, 0.931672669067627, 0.21500750375187594, 0.015507753876938469, 0.9989992995096567, 0.7602040816326531, 0.9866812227074235, 0.9893390191897654, 0.973889555822329, 0.8051948051948052, 0.34994582881906827, 0.833616808404202, 0.08733493397358943, 0.9976990796318528, 0.8930871618720481, 0.9660796477886732, 0.06301890567170151, 0.9917975392617785, 0.0, 0.1566718995290424, 0.07250187828700225, 0.7039199332777314, 0.9693760073681786, 0.41646737273659035, 0.09441888377675535, 0.3222644528905781, 0.0, 0.0, 0.0, 0.0, 0.0, 0.005988023952095809, 0.18248175182481752]",200996,56290,109824,1.489620600004855,1.5888517250004952,340.2727667349991,342.52613949775696,225.16744,1490.4375,288.94482421875,50,0.45685547374160024,"[""DDoS-RSTFINFlood"", ""DDoS-PSHACK_Flood"", ""DDoS-SYN_Flood"", ""DDoS-UDP_Flood"", ""DDoS-TCP_Flood"", ""DDoS-ICMP_Flood"", ""DDoS-SynonymousIP_Flood"", ""DDoS-ACK_Fragmentation"", ""DDoS-UDP_Fragmentation"", ""DDoS-ICMP_Fragmentation"", ""DDoS-SlowLoris"", ""DDoS-HTTP_Flood"", ""DoS-UDP_Flood"", ""DoS-SYN_Flood"", ""DoS-TCP_Flood"", ""DoS-HTTP_Flood"", ""Mirai-greeth_flood"", ""Mirai-greip_flood"", ""Mirai-udpplain"", ""Recon-PingSweep"", ""Recon-OSScan"", ""Recon-PortScan"", ""VulnerabilityScan"", ""Recon-HostDiscovery"", ""DNS_Spoofing"", ""MITM-ArpSpoofing"", ""BenignTraffic"", ""BrowserHijacking"", ""Backdoor_Malware"", ""XSS"", ""Uploading_Attack"", ""SqlInjection"", ""CommandInjection"", ""DictionaryBruteForce""]","[35014, 35009, 35007, 35011, 35009, 35013, 35010, 32099, 32855, 35008, 2715, 3256, 35011, 35009, 35008, 8176, 35012, 35007, 35006, 239, 11161, 9332, 4209, 15219, 20498, 35004, 35004, 646, 397, 420, 148, 604, 596, 1443]",,,,,,,
38f897bc7074,ciciot2023,fine,scaffold_sfs,3,,main;plugin,0.5134227947319693,0.7182636815920398,0.5320045654568397,0.6942599889448329,0.08494719147451553,0.49809327040826823,0.6192050506113796,"[0.9986994797919168, 0.9978991596638656, 0.9578831532613046, 0.9814888933360016, 0.38543125875525314, 0.9981987391173822, 0.6207103551775888, 0.9824274175944117, 0.9836886993603412, 0.9749949989997999, 0.5864759427828349, 0.3989189189189189, 0.34993997599039617, 0.4162497498499099, 0.7930172068827531, 0.8738738738738738, 0.9835901540924554, 0.02070828331332533, 0.992896448224112, 0.0, 0.6472989949748744, 0.006383777694329703, 0.960735171261487, 0.6234454168585906, 0.27451315339938503, 0.6357907372211663, 0.46484648464846484, 0.0, 0.0, 0.0, 0.0, 0.0, 0.0, 0.17804878048780487]",201000,56290,109824,1.5103697250015102,1.1316006549986923,338.5531271869968,340.66917514801025,225.16744,1491.5703125,288.48876953125,50,0.5107836923718391,"[""DDoS-RSTFINFlood"", ""DDoS-PSHACK_Flood"", ""DDoS-SYN_Flood"", ""DDoS-UDP_Flood"", ""DDoS-TCP_Flood"", ""DDoS-ICMP_Flood"", ""DDoS-SynonymousIP_Flood"", ""DDoS-ACK_Fragmentation"", ""DDoS-UDP_Fragmentation"", ""DDoS-ICMP_Fragmentation"", ""DDoS-SlowLoris"", ""DDoS-HTTP_Flood"", ""DoS-UDP_Flood"", ""DoS-SYN_Flood"", ""DoS-TCP_Flood"", ""DoS-HTTP_Flood"", ""Mirai-greeth_flood"", ""Mirai-greip_flood"", ""Mirai-udpplain"", ""Recon-PingSweep"", ""Recon-OSScan"", ""Recon-PortScan"", ""VulnerabilityScan"", ""Recon-HostDiscovery"", ""DNS_Spoofing"", ""MITM-ArpSpoofing"", ""BenignTraffic"", ""BrowserHijacking"", ""Backdoor_Malware"", ""XSS"", ""Uploading_Attack"", ""SqlInjection"", ""CommandInjection"", ""DictionaryBruteForce""]","[35009, 35010, 35011, 35011, 35012, 35015, 35011, 32097, 32855, 35006, 2718, 3253, 35008, 35014, 35009, 8174, 35012, 35009, 35010, 238, 11161, 9331, 4214, 15219, 20498, 35006, 35003, 646, 396, 418, 147, 602, 596, 1444]",,,,,,,
c45c216b545a,ciciot2023,fine,scaffold_sfs,4,,main;plugin,0.48851672460040746,0.684168893001597,0.5172017417120433,0.6430330988787452,0.09185517502843422,0.4625381443761073,0.6128852808951883,"[0.9988992294606225, 0.9982991495747874, 0.1323926748724107, 0.9424769907963185, 0.017607042817126852, 0.9984990994596759, 0.42016806722689076, 0.9836262416766729, 0.908955223880597, 0.9736921076322896, 0.6852331606217616, 0.7402597402597403, 0.4198099049524762, 0.9552865859757927, 0.992797118847539, 0.6229086229086229, 0.00010004001600640257, 0.9878927356413848, 0.9947984395318595, 0.0, 0.45631678189817726, 0.0638617580766341, 0.8791666666666667, 0.594289661524292, 0.73257006151743, 0.3545709141828366, 0.5889177835567113, 0.0, 0.0, 0.0, 0.0, 0.0, 0.0, 0.14146341463414633]",201003,56290,109824,1.261114090002593,1.679138605004482,344.70335850599986,346.86317467689514,225.16744,1498.91015625,285.47900390625,50,0.4891279971851053,"[""DDoS-RSTFINFlood"", ""DDoS-PSHACK_Flood"", ""DDoS-SYN_Flood"", ""DDoS-UDP_Flood"", ""DDoS-TCP_Flood"", ""DDoS-ICMP_Flood"", ""DDoS-SynonymousIP_Flood"", ""DDoS-ACK_Fragmentation"", ""DDoS-UDP_Fragmentation"", ""DDoS-ICMP_Fragmentation"", ""DDoS-SlowLoris"", ""DDoS-HTTP_Flood"", ""DoS-UDP_Flood"", ""DoS-SYN_Flood"", ""DoS-TCP_Flood"", ""DoS-HTTP_Flood"", ""Mirai-greeth_flood"", ""Mirai-greip_flood"", ""Mirai-udpplain"", ""Recon-PingSweep"", ""Recon-OSScan"", ""Recon-PortScan"", ""VulnerabilityScan"", ""Recon-HostDiscovery"", ""DNS_Spoofing"", ""MITM-ArpSpoofing"", ""BenignTraffic"", ""BrowserHijacking"", ""Backdoor_Malware"", ""XSS"", ""Uploading_Attack"", ""SqlInjection"", ""CommandInjection"", ""DictionaryBruteForce""]","[35014, 35010, 35013, 35008, 35009, 35014, 35008, 32099, 32856, 35007, 2711, 3255, 35011, 35007, 35009, 8171, 35010, 35013, 35006, 239, 11165, 9332, 4208, 15219, 20503, 35005, 35004, 646, 397, 418, 145, 603, 594, 1444]",,,,,,,
fa225f0e5d1d,ciciot2023,fine,fedbn_sfs,0,,main,0.7169243769089013,0.9349917906363501,0.7193496312382778,0.9332466772869343,0.12827052204901113,0.5186320711524594,0.7282723780496824,"[0.9989993996397839, 0.9988994497248624, 0.7932345876701361, 0.9855927963981991, 0.9099549774887443, 0.9989993996397839, 0.7938763257954773, 0.9947603973365353, 0.9958413307741523, 0.990796318527411, 0.9312581063553826, 0.9479956663055255, 0.8403521056316895, 0.9930965482741371, 0.9192677070828331, 0.9583690987124464, 0.9867947178871549, 0.9886954781912765, 0.9981992797118847, 0.03076923076923077, 0.9309262166405023, 0.9132557266241081, 0.939115929941618, 0.7108655616942909, 0.7448735475051265, 0.9802921168467387, 0.9903980796159232, 0.0, 0.0, 0.0, 0.0, 0.0, 0.03592814371257485, 0.15647921760391198]",200990,56290,109824,1.1391811349994896,1.2400404200002413,342.8352942510005,345.14718866348267,110.79544,1488.79296875,286.548828125,50,0.7182077198290081,"[""DDoS-RSTFINFlood"", ""DDoS-PSHACK_Flood"", ""DDoS-SYN_Flood"", ""DDoS-UDP_Flood"", ""DDoS-TCP_Flood"", ""DDoS-ICMP_Flood"", ""DDoS-SynonymousIP_Flood"", ""DDoS-ACK_Fragmentation"", ""DDoS-UDP_Fragmentation"", ""DDoS-ICMP_Fragmentation"", ""DDoS-SlowLoris"", ""DDoS-HTTP_Flood"", ""DoS-UDP_Flood"", ""DoS-SYN_Flood"", ""DoS-TCP_Flood"", ""DoS-HTTP_Flood"", ""Mirai-greeth_flood"", ""Mirai-greip_flood"", ""Mirai-udpplain"", ""Recon-PingSweep"", ""Recon-OSScan"", ""Recon-PortScan"", ""VulnerabilityScan"", ""Recon-HostDiscovery"", ""DNS_Spoofing"", ""MITM-ArpSpoofing"", ""BenignTraffic"", ""BrowserHijacking"", ""Backdoor_Malware"", ""XSS"", ""Uploading_Attack"", ""SqlInjection"", ""CommandInjection"", ""DictionaryBruteForce""]","[35013, 35009, 35014, 35010, 35011, 35013, 35012, 32096, 32858, 35008, 2712, 3256, 35008, 35010, 35008, 8173, 35008, 35009, 35007, 241, 11161, 9330, 4210, 15217, 20501, 35007, 35004, 649, 396, 418, 148, 603, 596, 1446]",,,,,,,
c5fc2d3dc377,ciciot2023,fine,fedbn_sfs,1,,main,0.7236512859857036,0.9347675743448647,0.7162653090969873,0.9325740452812472,0.17013316664109263,0.597852164450992,0.7446478725557478,"[0.9987992795677406, 0.9982989793876326, 0.9326730692276911, 0.9905962384953981, 0.9880952380952381, 0.9987993996998499, 0.7921921921921922, 0.9967259631125177, 0.997228144989339, 0.9948974487243621, 0.9248704663212435, 0.7181425485961123, 0.962277366419852, 0.7682609565739443, 0.9677871148459384, 0.9510939510939511, 0.9764858915349209, 0.991295647823912, 0.9971988795518207, 0.0, 0.8011934673366834, 0.564237415477085, 0.9841402337228714, 0.6923785401795993, 0.8880724538619276, 0.9246623311655828, 0.9462892578515704, 0.0, 0.0, 0.0, 0.0, 0.40828402366863903, 0.0, 0.1980440097799511]",200989,56290,109824,1.140566479999734,1.2082911749996583,338.7947539050001,341.1061022281647,110.79544,1488.91015625,289.91845703125,50,0.7286938408482353,"[""DDoS-RSTFINFlood"", ""DDoS-PSHACK_Flood"", ""DDoS-SYN_Flood"", ""DDoS-UDP_Flood"", ""DDoS-TCP_Flood"", ""DDoS-ICMP_Flood"", ""DDoS-SynonymousIP_Flood"", ""DDoS-ACK_Fragmentation"", ""DDoS-UDP_Fragmentation"", ""DDoS-ICMP_Fragmentation"", ""DDoS-SlowLoris"", ""DDoS-HTTP_Flood"", ""DoS-UDP_Flood"", ""DoS-SYN_Flood"", ""DoS-TCP_Flood"", ""DoS-HTTP_Flood"", ""Mirai-greeth_flood"", ""Mirai-greip_flood"", ""Mirai-udpplain"", ""Recon-PingSweep"", ""Recon-OSScan"", ""Recon-PortScan"", ""VulnerabilityScan"", ""Recon-HostDiscovery"", ""DNS_Spoofing"", ""MITM-ArpSpoofing"", ""BenignTraffic"", ""BrowserHijacking"", ""Backdoor_Malware"", ""XSS"", ""Uploading_Attack"", ""SqlInjection"", ""CommandInjection"", ""DictionaryBruteForce""]","[35013, 35013, 35009, 35007, 35009, 35012, 35021, 32094, 32855, 35009, 2712, 3252, 35012, 35013, 35008, 8172, 35011, 35012, 35009, 240, 11162, 9332, 4211, 15218, 20502, 35011, 35005, 648, 397, 419, 146, 605, 595, 1446]",,,,,,,
b0cd61a91c28,ciciot2023,fine,fedbn_sfs,2,,main,0.7063594448072003,0.9282224521881033,0.6984516936221696,0.9249047176054567,0.14561564053573858,0.5875604676595336,0.7432549631214054,"[0.9988992294606225, 0.99959979989995, 0.9869947979191677, 0.9859929964982491, 0.9374687343671836, 0.9989992995096567, 0.7872148859543817, 0.9968340611353712, 0.9959488272921109, 0.9981992797118847, 0.9298701298701298, 0.5947995666305526, 0.7237618809404702, 0.9672869147659063, 0.9754901960784313, 0.9476170030055818, 0.8807284370622374, 0.9956987096128839, 0.9974992497749324, 0.06060606060606061, 0.42762951334379906, 0.6269722013523666, 0.9683069224353628, 0.8982270320055261, 0.7982576016399043, 0.955491098219644, 0.9928985797159432, 0.0, 0.0, 0.0, 0.0, 0.011834319526627219, 0.12574850299401197, 0.18248175182481752]",200996,56290,109824,1.623496834999969,1.1450565150005332,335.5573247190007,338.02629828453064,110.79544,1478.34375,284.78369140625,50,0.703388237200189,"[""DDoS-RSTFINFlood"", ""DDoS-PSHACK_Flood"", ""DDoS-SYN_Flood"", ""DDoS-UDP_Flood"", ""DDoS-TCP_Flood"", ""DDoS-ICMP_Flood"", ""DDoS-SynonymousIP_Flood"", ""DDoS-ACK_Fragmentation"", ""DDoS-UDP_Fragmentation"", ""DDoS-ICMP_Fragmentation"", ""DDoS-SlowLoris"", ""DDoS-HTTP_Flood"", ""DoS-UDP_Flood"", ""DoS-SYN_Flood"", ""DoS-TCP_Flood"", ""DoS-HTTP_Flood"", ""Mirai-greeth_flood"", ""Mirai-greip_flood"", ""Mirai-udpplain"", ""Recon-PingSweep"", ""Recon-OSScan"", ""Recon-PortScan"", ""VulnerabilityScan"", ""Recon-HostDiscovery"", ""DNS_Spoofing"", ""MITM-ArpSpoofing"", ""BenignTraffic"", ""BrowserHijacking"", ""Backdoor_Malware"", ""XSS"", ""Uploading_Attack"", ""SqlInjection"", ""CommandInjection"", ""DictionaryBruteForce""]","[35014, 35009, 35007, 35011, 35009, 35013, 35010, 32099, 32855, 35008, 2715, 3256, 35011, 35009, 35008, 8176, 35012, 35007, 35006, 239, 11161, 9332, 4209, 15219, 20498, 35004, 35004, 646, 397, 420, 148, 604, 596, 1443]",,,,,,,
424ebee3ba64,ciciot2023,fine,fedbn_sfs,3,,main,0.7289891995770055,0.9183681592039801,0.721875697611158,0.9155477930969109,0.2155137547216828,0.5549636910862771,0.6992216025387167,"[0.9986994797919168, 0.9988995598239295, 0.9630852340936374, 0.9882929757854713, 0.9557734640784471, 0.9984989492644851, 0.8092046023011505, 0.9900676708142327, 0.9902985074626866, 0.9953990798159632, 0.9440832249674902, 0.8821621621621621, 0.9629851940776311, 0.8654192515509306, 0.9904961984793917, 0.9643929643929644, 0.6403842305383229, 0.9949979991996799, 0.9977988994497249, 0.0, 0.597675879396985, 0.6515208411565903, 0.9824561403508771, 0.7337632427452787, 0.9159549026306799, 0.7445233570071021, 0.9913991399139914, 0.0, 0.36036036036036034, 0.02564102564102564, 0.0, 0.43529411764705883, 0.005952380952380952, 0.16829268292682928]",201000,56290,109824,1.2545531500006746,1.5160633300001791,329.8861585100001,332.23466420173645,110.79544,1483.30859375,284.32763671875,45,0.7351078486882759,"[""DDoS-RSTFINFlood"", ""DDoS-PSHACK_Flood"", ""DDoS-SYN_Flood"", ""DDoS-UDP_Flood"", ""DDoS-TCP_Flood"", ""DDoS-ICMP_Flood"", ""DDoS-SynonymousIP_Flood"", ""DDoS-ACK_Fragmentation"", ""DDoS-UDP_Fragmentation"", ""DDoS-ICMP_Fragmentation"", ""DDoS-SlowLoris"", ""DDoS-HTTP_Flood"", ""DoS-UDP_Flood"", ""DoS-SYN_Flood"", ""DoS-TCP_Flood"", ""DoS-HTTP_Flood"", ""Mirai-greeth_flood"", ""Mirai-greip_flood"", ""Mirai-udpplain"", ""Recon-PingSweep"", ""Recon-OSScan"", ""Recon-PortScan"", ""VulnerabilityScan"", ""Recon-HostDiscovery"", ""DNS_Spoofing"", ""MITM-ArpSpoofing"", ""BenignTraffic"", ""BrowserHijacking"", ""Backdoor_Malware"", ""XSS"", ""Uploading_Attack"", ""SqlInjection"", ""CommandInjection"", ""DictionaryBruteForce""]","[35009, 35010, 35011, 35011, 35012, 35015, 35011, 32097, 32855, 35006, 2718, 3253, 35008, 35014, 35009, 8174, 35012, 35009, 35010, 238, 11161, 9331, 4214, 15219, 20498, 35006, 35003, 646, 396, 418, 147, 602, 596, 1444]",,,,,,,
dc12b6e15ea0,ciciot2023,fine,fedbn_sfs,4,,main,0.6787279994196039,0.9159166778605294,0.6748292105698338,0.9123136985152807,0.09732437479815212,0.5226428751719134,0.6982345924698637,"[0.999099369558691, 0.9990995497748875, 0.8757129990993695, 0.9168667466986795, 0.9910964385754302, 0.9996998198919351, 0.7303921568627451, 0.9946512389477131, 0.9955223880597015, 0.9931979593878163, 0.7344559585492227, 0.8928571428571429, 0.8386193096548274, 0.9855956787036111, 0.9982993197278912, 0.6362076362076362, 0.8636454581832733, 0.9975985591354813, 0.9976993097929379, 0.0, 0.6634192331866751, 0.34335086401202103, 0.9666666666666667, 0.5841584158415841, 0.9287423103212576, 0.9676935387077416, 0.908381676335267, 0.0, 0.0, 0.0, 0.0, 0.0, 0.0, 0.14146341463414633]",201003,56290,109824,1.34167343500053,1.5264547000003859,335.61807914799965,338.0903112888336,110.79544,1495.6171875,281.31787109375,45,0.6783485851299781,"[""DDoS-RSTFINFlood"", ""DDoS-PSHACK_Flood"", ""DDoS-SYN_Flood"", ""DDoS-UDP_Flood"", ""DDoS-TCP_Flood"", ""DDoS-ICMP_Flood"", ""DDoS-SynonymousIP_Flood"", ""DDoS-ACK_Fragmentation"", ""DDoS-UDP_Fragmentation"", ""DDoS-ICMP_Fragmentation"", ""DDoS-SlowLoris"", ""DDoS-HTTP_Flood"", ""DoS-UDP_Flood"", ""DoS-SYN_Flood"", ""DoS-TCP_Flood"", ""DoS-HTTP_Flood"", ""Mirai-greeth_flood"", ""Mirai-greip_flood"", ""Mirai-udpplain"", ""Recon-PingSweep"", ""Recon-OSScan"", ""Recon-PortScan"", ""VulnerabilityScan"", ""Recon-HostDiscovery"", ""DNS_Spoofing"", ""MITM-ArpSpoofing"", ""BenignTraffic"", ""BrowserHijacking"", ""Backdoor_Malware"", ""XSS"", ""Uploading_Attack"", ""SqlInjection"", ""CommandInjection"", ""DictionaryBruteForce""]","[35014, 35010, 35013, 35008, 35009, 35014, 35008, 32099, 32856, 35007, 2711, 3255, 35011, 35007, 35009, 8171, 35010, 35013, 35006, 239, 11165, 9332, 4208, 15219, 20503, 35005, 35004, 646, 397, 418, 145, 603, 594, 1444]",,,,,,,
d9597597416d,ciciot2023,fine,fedlc_sfs,0,,main,0.4882969576435239,0.7142743420070651,0.5164762150339707,0.6720496034622553,0.067733102752558,0.43621629343869955,0.6171224317678534,"[0.9988993396037622, 0.9987993996998499, 0.18364691753402723, 0.9978989494747373, 0.9767883941970985, 0.9985991594956974, 0.4245547328397038, 0.9840628752319616, 0.981872467477074, 0.9772909163665466, 0.6095979247730221, 0.5417118093174431, 0.28568570571171353, 0.9189594797398699, 0.49069627851140457, 0.9184549356223176, 0.0, 0.9879951980792316, 0.9950980392156863, 0.0, 0.0006279434850863422, 0.4232069095005633, 0.9849874895746455, 0.0, 0.28520164046479834, 0.6784713885554222, 0.9170834166833367, 0.0, 0.0, 0.0, 0.0, 0.0, 0.0, 0.0]",200990,56290,109824,1.5746048699998028,1.5276735999987068,345.71483435700134,347.6345727443695,112.58744,1554.7578125,286.177734375,50,0.4842369389513781,"[""DDoS-RSTFINFlood"", ""DDoS-PSHACK_Flood"", ""DDoS-SYN_Flood"", ""DDoS-UDP_Flood"", ""DDoS-TCP_Flood"", ""DDoS-ICMP_Flood"", ""DDoS-SynonymousIP_Flood"", ""DDoS-ACK_Fragmentation"", ""DDoS-UDP_Fragmentation"", ""DDoS-ICMP_Fragmentation"", ""DDoS-SlowLoris"", ""DDoS-HTTP_Flood"", ""DoS-UDP_Flood"", ""DoS-SYN_Flood"", ""DoS-TCP_Flood"", ""DoS-HTTP_Flood"", ""Mirai-greeth_flood"", ""Mirai-greip_flood"", ""Mirai-udpplain"", ""Recon-PingSweep"", ""Recon-OSScan"", ""Recon-PortScan"", ""VulnerabilityScan"", ""Recon-HostDiscovery"", ""DNS_Spoofing"", ""MITM-ArpSpoofing"", ""BenignTraffic"", ""BrowserHijacking"", ""Backdoor_Malware"", ""XSS"", ""Uploading_Attack"", ""SqlInjection"", ""CommandInjection"", ""DictionaryBruteForce""]","[35013, 35009, 35014, 35010, 35011, 35013, 35012, 32096, 32858, 35008, 2712, 3256, 35008, 35010, 35008, 8173, 35008, 35009, 35007, 241, 11161, 9330, 4210, 15217, 20501, 35007, 35004, 649, 396, 418, 148, 603, 596, 1446]",,,,,,,
123118f60bfd,ciciot2023,fine,fedlc_sfs,1,,main,0.5342278836817184,0.751608296971476,0.5516254393146369,0.7251308265628945,0.07414034821017605,0.5488582888983499,0.6677139633092166,"[0.9988993396037622, 0.9970982589553732, 0.896358543417367, 0.996998799519808, 0.7772108843537415, 0.998599299649825, 0.6772772772772773, 0.9831932773109243, 0.9891257995735607, 0.9763881940970486, 0.4961139896373057, 0.5561555075593952, 0.28877326395837505, 0.5880528316990195, 0.6923769507803121, 0.8717288717288717, 0.0, 0.9890945472736368, 0.9936974789915967, 0.0, 0.0, 0.6855747558226897, 0.9824707846410684, 0.2604190651623302, 0.4550580997949419, 0.544272136068034, 0.8891778355671134, 0.0, 0.0, 0.0, 0.0, 0.0, 0.0, 0.17114914425427874]",200989,56290,109824,1.5581860800011782,1.628074164998452,343.76283846600086,345.81220030784607,112.58744,1554.26171875,289.54736328125,50,0.5342624670070149,"[""DDoS-RSTFINFlood"", ""DDoS-PSHACK_Flood"", ""DDoS-SYN_Flood"", ""DDoS-UDP_Flood"", ""DDoS-TCP_Flood"", ""DDoS-ICMP_Flood"", ""DDoS-SynonymousIP_Flood"", ""DDoS-ACK_Fragmentation"", ""DDoS-UDP_Fragmentation"", ""DDoS-ICMP_Fragmentation"", ""DDoS-SlowLoris"", ""DDoS-HTTP_Flood"", ""DoS-UDP_Flood"", ""DoS-SYN_Flood"", ""DoS-TCP_Flood"", ""DoS-HTTP_Flood"", ""Mirai-greeth_flood"", ""Mirai-greip_flood"", ""Mirai-udpplain"", ""Recon-PingSweep"", ""Recon-OSScan"", ""Recon-PortScan"", ""VulnerabilityScan"", ""Recon-HostDiscovery"", ""DNS_Spoofing"", ""MITM-ArpSpoofing"", ""BenignTraffic"", ""BrowserHijacking"", ""Backdoor_Malware"", ""XSS"", ""Uploading_Attack"", ""SqlInjection"", ""CommandInjection"", ""DictionaryBruteForce""]","[35013, 35013, 35009, 35007, 35009, 35012, 35021, 32094, 32855, 35009, 2712, 3252, 35012, 35013, 35008, 8172, 35011, 35012, 35009, 240, 11162, 9332, 4211, 15218, 20502, 35011, 35005, 648, 397, 419, 146, 605, 595, 1446]",,,,,,,
3b008e5bd111,ciciot2023,fine,fedlc_sfs,2,,main,0.4919232425735211,0.7261388286334056,0.5332013697688884,0.6837417882426884,0.12734645727346455,0.46972287791837053,0.5880109393915338,"[0.9989992995096567, 0.9990995497748875, 0.9272709083633454, 0.0013006503251625813, 0.9854927463731866, 0.9989992995096567, 0.7477991196478592, 0.9891921397379912, 0.9877398720682303, 0.9727891156462585, 0.9636363636363636, 0.0, 0.992896448224112, 0.33323329331732693, 0.4615846338535414, 0.931300987548304, 0.0, 0.989296789036711, 0.9946984095228568, 0.0, 0.0003139717425431711, 0.5093914350112697, 0.5296080066722268, 0.9332258807276076, 0.5727707550392894, 0.5067013402680536, 0.6190238047609522, 0.0, 0.0, 0.0, 0.0, 0.0, 0.0, 0.18248175182481752]",200996,56290,109824,1.4070146200015188,1.5638983849999022,340.09572133399865,342.01656579971313,112.58744,1546.27734375,284.41259765625,50,0.49115134982725883,"[""DDoS-RSTFINFlood"", ""DDoS-PSHACK_Flood"", ""DDoS-SYN_Flood"", ""DDoS-UDP_Flood"", ""DDoS-TCP_Flood"", ""DDoS-ICMP_Flood"", ""DDoS-SynonymousIP_Flood"", ""DDoS-ACK_Fragmentation"", ""DDoS-UDP_Fragmentation"", ""DDoS-ICMP_Fragmentation"", ""DDoS-SlowLoris"", ""DDoS-HTTP_Flood"", ""DoS-UDP_Flood"", ""DoS-SYN_Flood"", ""DoS-TCP_Flood"", ""DoS-HTTP_Flood"", ""Mirai-greeth_flood"", ""Mirai-greip_flood"", ""Mirai-udpplain"", ""Recon-PingSweep"", ""Recon-OSScan"", ""Recon-PortScan"", ""VulnerabilityScan"", ""Recon-HostDiscovery"", ""DNS_Spoofing"", ""MITM-ArpSpoofing"", ""BenignTraffic"", ""BrowserHijacking"", ""Backdoor_Malware"", ""XSS"", ""Uploading_Attack"", ""SqlInjection"", ""CommandInjection"", ""DictionaryBruteForce""]","[35014, 35009, 35007, 35011, 35009, 35013, 35010, 32099, 32855, 35008, 2715, 3256, 35011, 35009, 35008, 8176, 35012, 35007, 35006, 239, 11161, 9332, 4209, 15219, 20498, 35004, 35004, 646, 397, 420, 148, 604, 596, 1443]",,,,,,,
4f9a231e49db,ciciot2023,fine,fedlc_sfs,3,,main,0.5135823470381886,0.7261641791044776,0.5323476287870716,0.680749279001867,0.08135296957650981,0.4657977903473449,0.6201306917097316,"[0.9986994797919168, 0.9990996398559424, 0.9511804721888756, 0.0, 0.9848909345607364, 0.9982988091664164, 0.6545272636318159, 0.9858109583060467, 0.9881663113006397, 0.9822964592918584, 0.5565669700910273, 0.42486486486486486, 0.9964985994397759, 0.5273163898339004, 0.4808923569427771, 0.9141999141999142, 0.0, 0.988795518207283, 0.9938969484742372, 0.0, 0.0018844221105527637, 0.2812617348854675, 0.949874686716792, 0.5006909258406265, 0.6250427058421592, 0.1965589676903071, 0.9428942894289429, 0.0, 0.0, 0.0, 0.0, 0.0, 0.0, 0.17560975609756097]",201000,56290,109824,1.4326996199997666,1.5202552949995152,341.69827045900115,343.60325479507446,112.58744,1549.3984375,283.95654296875,50,0.5119646135278382,"[""DDoS-RSTFINFlood"", ""DDoS-PSHACK_Flood"", ""DDoS-SYN_Flood"", ""DDoS-UDP_Flood"", ""DDoS-TCP_Flood"", ""DDoS-ICMP_Flood"", ""DDoS-SynonymousIP_Flood"", ""DDoS-ACK_Fragmentation"", ""DDoS-UDP_Fragmentation"", ""DDoS-ICMP_Fragmentation"", ""DDoS-SlowLoris"", ""DDoS-HTTP_Flood"", ""DoS-UDP_Flood"", ""DoS-SYN_Flood"", ""DoS-TCP_Flood"", ""DoS-HTTP_Flood"", ""Mirai-greeth_flood"", ""Mirai-greip_flood"", ""Mirai-udpplain"", ""Recon-PingSweep"", ""Recon-OSScan"", ""Recon-PortScan"", ""VulnerabilityScan"", ""Recon-HostDiscovery"", ""DNS_Spoofing"", ""MITM-ArpSpoofing"", ""BenignTraffic"", ""BrowserHijacking"", ""Backdoor_Malware"", ""XSS"", ""Uploading_Attack"", ""SqlInjection"", ""CommandInjection"", ""DictionaryBruteForce""]","[35009, 35010, 35011, 35011, 35012, 35015, 35011, 32097, 32855, 35006, 2718, 3253, 35008, 35014, 35009, 8174, 35012, 35009, 35010, 238, 11161, 9331, 4214, 15219, 20498, 35006, 35003, 646, 396, 418, 147, 602, 596, 1444]",,,,,,,
7656a9949f2a,ciciot2023,fine,fedlc_sfs,4,,main,0.5342409503071293,0.7477798838823301,0.5482380373228957,0.7209906911847934,0.07947751239170424,0.4903734034096596,0.6617873907175353,"[0.9988992294606225, 0.9991995997998999, 0.9627739417592315, 0.84593837535014, 0.9806922769107643, 0.9975985591354813, 0.6857743097238895, 0.9823163410108067, 0.8267590618336887, 0.979593878163449, 0.5738341968911918, 0.7002164502164502, 0.5462731365682841, 0.4183254976492948, 0.4765906362545018, 0.8013728013728014, 0.0, 0.9873924354612768, 0.9966990097029109, 0.0, 0.11062225015713388, 0.07362885048835462, 0.92, 0.5830071379230947, 0.6898496240601504, 0.46129225845169036, 0.8999799959991999, 0.0, 0.0, 0.0, 0.0, 0.0, 0.0, 0.14146341463414633]",201003,56290,109824,1.3554039700011344,1.3618734150009004,347.903587321003,349.72530245780945,112.58744,1561.84375,280.94677734375,20,0.5376219292590457,"[""DDoS-RSTFINFlood"", ""DDoS-PSHACK_Flood"", ""DDoS-SYN_Flood"", ""DDoS-UDP_Flood"", ""DDoS-TCP_Flood"", ""DDoS-ICMP_Flood"", ""DDoS-SynonymousIP_Flood"", ""DDoS-ACK_Fragmentation"", ""DDoS-UDP_Fragmentation"", ""DDoS-ICMP_Fragmentation"", ""DDoS-SlowLoris"", ""DDoS-HTTP_Flood"", ""DoS-UDP_Flood"", ""DoS-SYN_Flood"", ""DoS-TCP_Flood"", ""DoS-HTTP_Flood"", ""Mirai-greeth_flood"", ""Mirai-greip_flood"", ""Mirai-udpplain"", ""Recon-PingSweep"", ""Recon-OSScan"", ""Recon-PortScan"", ""VulnerabilityScan"", ""Recon-HostDiscovery"", ""DNS_Spoofing"", ""MITM-ArpSpoofing"", ""BenignTraffic"", ""BrowserHijacking"", ""Backdoor_Malware"", ""XSS"", ""Uploading_Attack"", ""SqlInjection"", ""CommandInjection"", ""DictionaryBruteForce""]","[35014, 35010, 35013, 35008, 35009, 35014, 35008, 32099, 32856, 35007, 2711, 3255, 35011, 35007, 35009, 8171, 35010, 35013, 35006, 239, 11165, 9332, 4208, 15219, 20503, 35005, 35004, 646, 397, 418, 145, 603, 594, 1444]",,,,,,,
dea6cc7380ca,ciciot2023,fine,fedrs_sfs,0,,main,0.5309075162434206,0.7346385392308075,0.5414710909260487,0.7178470624687462,0.09837807706767777,0.4475965506717257,0.6444794177068564,"[0.9988993396037622, 0.9987993996998499, 0.9711769415532426, 0.9977988994497249, 0.9268634317158579, 0.9989993996397839, 0.5002001200720432, 0.9832987665102063, 0.9891234804862444, 0.9801920768307323, 0.728923476005188, 0.609967497291441, 0.2837851355406622, 0.4525262631315658, 0.5295118047218887, 0.8875536480686695, 0.4113645458183273, 0.6136454581832733, 0.9946978791516606, 0.0, 0.3127158555729984, 0.42733758918512954, 0.9190992493744787, 0.0, 0.24538619275461382, 0.8654461784713886, 0.6262252450490098, 0.0, 0.0, 0.0, 0.0, 0.0, 0.0, 0.15647921760391198]",200990,56290,109824,1.1689445749993865,1.1931978949996846,357.2723533690014,358.9758541584015,112.58744,1521.50390625,286.177734375,50,0.5306924889472056,"[""DDoS-RSTFINFlood"", ""DDoS-PSHACK_Flood"", ""DDoS-SYN_Flood"", ""DDoS-UDP_Flood"", ""DDoS-TCP_Flood"", ""DDoS-ICMP_Flood"", ""DDoS-SynonymousIP_Flood"", ""DDoS-ACK_Fragmentation"", ""DDoS-UDP_Fragmentation"", ""DDoS-ICMP_Fragmentation"", ""DDoS-SlowLoris"", ""DDoS-HTTP_Flood"", ""DoS-UDP_Flood"", ""DoS-SYN_Flood"", ""DoS-TCP_Flood"", ""DoS-HTTP_Flood"", ""Mirai-greeth_flood"", ""Mirai-greip_flood"", ""Mirai-udpplain"", ""Recon-PingSweep"", ""Recon-OSScan"", ""Recon-PortScan"", ""VulnerabilityScan"", ""Recon-HostDiscovery"", ""DNS_Spoofing"", ""MITM-ArpSpoofing"", ""BenignTraffic"", ""BrowserHijacking"", ""Backdoor_Malware"", ""XSS"", ""Uploading_Attack"", ""SqlInjection"", ""CommandInjection"", ""DictionaryBruteForce""]","[35013, 35009, 35014, 35010, 35011, 35013, 35012, 32096, 32858, 35008, 2712, 3256, 35008, 35010, 35008, 8173, 35008, 35009, 35007, 241, 11161, 9330, 4210, 15217, 20501, 35007, 35004, 649, 396, 418, 148, 603, 596, 1446]",,,,,,,
e6cdf1edd433,ciciot2023,fine,fedrs_sfs,1,,main,0.5281176544143146,0.727388066013563,0.5463446769205689,0.6962254216729782,0.09572929466958884,0.48512573029785844,0.6483007315367361,"[0.9989993996397839, 0.9976986191715029, 0.18477390956382553, 0.9952981192476991, 0.9859943977591037, 0.9986993496748374, 0.8796796796796796, 0.9829750081850922, 0.9966950959488273, 0.9752876438219109, 0.6904145077720207, 0.5701943844492441, 0.29857914748849307, 0.5468280968581148, 0.4736894757903161, 0.873015873015873, 0.0, 0.9891945972986493, 0.994797919167667, 0.0, 0.5998743718592965, 0.0003756574004507889, 0.9265442404006677, 0.5404098549389823, 0.6929254955570745, 0.6090045022511256, 0.6026205241048209, 0.0, 0.0, 0.0, 0.0, 0.0, 0.0, 0.17114914425427874]",200989,56290,109824,1.4796469999987494,1.4507592600011776,355.19272753700307,357.05817127227783,112.58744,1521.9453125,289.54736328125,50,0.5298149764117507,"[""DDoS-RSTFINFlood"", ""DDoS-PSHACK_Flood"", ""DDoS-SYN_Flood"", ""DDoS-UDP_Flood"", ""DDoS-TCP_Flood"", ""DDoS-ICMP_Flood"", ""DDoS-SynonymousIP_Flood"", ""DDoS-ACK_Fragmentation"", ""DDoS-UDP_Fragmentation"", ""DDoS-ICMP_Fragmentation"", ""DDoS-SlowLoris"", ""DDoS-HTTP_Flood"", ""DoS-UDP_Flood"", ""DoS-SYN_Flood"", ""DoS-TCP_Flood"", ""DoS-HTTP_Flood"", ""Mirai-greeth_flood"", ""Mirai-greip_flood"", ""Mirai-udpplain"", ""Recon-PingSweep"", ""Recon-OSScan"", ""Recon-PortScan"", ""VulnerabilityScan"", ""Recon-HostDiscovery"", ""DNS_Spoofing"", ""MITM-ArpSpoofing"", ""BenignTraffic"", ""BrowserHijacking"", ""Backdoor_Malware"", ""XSS"", ""Uploading_Attack"", ""SqlInjection"", ""CommandInjection"", ""DictionaryBruteForce""]","[35013, 35013, 35009, 35007, 35009, 35012, 35021, 32094, 32855, 35009, 2712, 3252, 35012, 35013, 35008, 8172, 35011, 35012, 35009, 240, 11162, 9332, 4211, 15218, 20502, 35011, 35005, 648, 397, 419, 146, 605, 595, 1446]",,,,,,,
e06350cf9149,ciciot2023,fine,fedrs_sfs,2,,main,0.504687805875548,0.7311837051483612,0.5336335043855913,0.7008298172121235,0.12503765496466224,0.48003971003220747,0.6056254056985808,"[0.9989992995096567, 0.9990995497748875, 0.9903961584633854, 0.46763381690845424, 0.21840920460230115, 0.9989992995096567, 0.663765506202481, 0.9918122270742358, 0.9922174840085288, 0.9727891156462585, 0.9428571428571428, 0.0, 0.8592296148074037, 0.3050220088035214, 0.9117647058823529, 0.922713610991842, 0.00010006003602161297, 0.9910973291987596, 0.9937981394418326, 0.0, 0.15196232339089483, 0.6758076634109692, 0.3502919099249375, 0.8365185355744876, 0.39340621797061837, 0.6749349869973995, 0.6574314862972594, 0.0, 0.0, 0.0, 0.0, 0.0, 0.0, 0.18248175182481752]",200996,56290,109824,1.1037743450015114,1.3853075550014182,342.1452474610019,343.85676193237305,112.58744,1513.28515625,284.41259765625,50,0.5039321389906317,"[""DDoS-RSTFINFlood"", ""DDoS-PSHACK_Flood"", ""DDoS-SYN_Flood"", ""DDoS-UDP_Flood"", ""DDoS-TCP_Flood"", ""DDoS-ICMP_Flood"", ""DDoS-SynonymousIP_Flood"", ""DDoS-ACK_Fragmentation"", ""DDoS-UDP_Fragmentation"", ""DDoS-ICMP_Fragmentation"", ""DDoS-SlowLoris"", ""DDoS-HTTP_Flood"", ""DoS-UDP_Flood"", ""DoS-SYN_Flood"", ""DoS-TCP_Flood"", ""DoS-HTTP_Flood"", ""Mirai-greeth_flood"", ""Mirai-greip_flood"", ""Mirai-udpplain"", ""Recon-PingSweep"", ""Recon-OSScan"", ""Recon-PortScan"", ""VulnerabilityScan"", ""Recon-HostDiscovery"", ""DNS_Spoofing"", ""MITM-ArpSpoofing"", ""BenignTraffic"", ""BrowserHijacking"", ""Backdoor_Malware"", ""XSS"", ""Uploading_Attack"", ""SqlInjection"", ""CommandInjection"", ""DictionaryBruteForce""]","[35014, 35009, 35007, 35011, 35009, 35013, 35010, 32099, 32855, 35008, 2715, 3256, 35011, 35009, 35008, 8176, 35012, 35007, 35006, 239, 11161, 9332, 4209, 15219, 20498, 35004, 35004, 646, 397, 420, 148, 604, 596, 1443]",,,,,,,
2bf832805f08,ciciot2023,fine,fedrs_sfs,3,,main,0.5299947846733595,0.7261890547263682,0.5372065633855639,0.6982874737059327,0.09507930970076932,0.5087749147921221,0.6349191766062774,"[0.9986994797919168, 0.9991996798719488, 0.9747899159663865, 0.0, 0.9885931558935361, 0.9984989492644851, 0.5589794897448724, 0.9861383977297533, 0.9949893390191897, 0.9802960592118424, 0.6801040312093628, 0.47675675675675677, 0.996998799519808, 0.4810886531919151, 0.4698879551820728, 0.9111969111969112, 0.6905143085851511, 0.39955982392957184, 0.9943971985992996, 0.0, 0.14353015075376885, 0.2816372512204281, 0.8705096073517126, 0.6543067710732381, 0.36317048172189953, 0.25337601280384114, 0.9421942194219421, 0.0, 0.0, 0.0, 0.0, 0.0, 0.0, 0.17560975609756097]",201000,56290,109824,1.2047718750000058,1.4788081649999185,350.1330404820005,351.9923679828644,112.58744,1516.63671875,283.95654296875,50,0.5299829622702696,"[""DDoS-RSTFINFlood"", ""DDoS-PSHACK_Flood"", ""DDoS-SYN_Flood"", ""DDoS-UDP_Flood"", ""DDoS-TCP_Flood"", ""DDoS-ICMP_Flood"", ""DDoS-SynonymousIP_Flood"", ""DDoS-ACK_Fragmentation"", ""DDoS-UDP_Fragmentation"", ""DDoS-ICMP_Fragmentation"", ""DDoS-SlowLoris"", ""DDoS-HTTP_Flood"", ""DoS-UDP_Flood"", ""DoS-SYN_Flood"", ""DoS-TCP_Flood"", ""DoS-HTTP_Flood"", ""Mirai-greeth_flood"", ""Mirai-greip_flood"", ""Mirai-udpplain"", ""Recon-PingSweep"", ""Recon-OSScan"", ""Recon-PortScan"", ""VulnerabilityScan"", ""Recon-HostDiscovery"", ""DNS_Spoofing"", ""MITM-ArpSpoofing"", ""BenignTraffic"", ""BrowserHijacking"", ""Backdoor_Malware"", ""XSS"", ""Uploading_Attack"", ""SqlInjection"", ""CommandInjection"", ""DictionaryBruteForce""]","[35009, 35010, 35011, 35011, 35012, 35015, 35011, 32097, 32855, 35006, 2718, 3253, 35008, 35014, 35009, 8174, 35012, 35009, 35010, 238, 11161, 9331, 4214, 15219, 20498, 35006, 35003, 646, 396, 418, 147, 602, 596, 1444]",,,,,,,
17a65df3ed33,ciciot2023,fine,fedrs_sfs,4,,main,0.5047781082847962,0.7321731516445028,0.5108652911648255,0.7070137246274228,0.01902846230534844,0.4425802499970522,0.6290888775977512,"[0.9988992294606225, 0.9984992496248124, 0.8062643850695487, 0.8133253301320528, 0.572829131652661, 0.9974984990994596, 0.42426970788315327, 0.9853727758978278, 0.8591684434968017, 0.983294988496549, 0.029792746113989636, 0.7586580086580087, 0.6057028514257129, 0.6354906471941583, 0.7444977991196479, 0.5087945087945088, 0.0, 0.9951971182709626, 0.9958987696308893, 0.0, 0.3271527341294783, 0.0, 0.6408333333333334, 0.4646557679023716, 0.5290498974709501, 0.7433486697339468, 0.8094618923784757, 0.0, 0.0, 0.0, 0.0, 0.0, 0.0, 0.14146341463414633]",201003,56290,109824,1.464724429999933,1.4295956249998198,342.4140544099996,344.305611371994,112.58744,1528.86328125,280.94677734375,30,0.5043837847273244,"[""DDoS-RSTFINFlood"", ""DDoS-PSHACK_Flood"", ""DDoS-SYN_Flood"", ""DDoS-UDP_Flood"", ""DDoS-TCP_Flood"", ""DDoS-ICMP_Flood"", ""DDoS-SynonymousIP_Flood"", ""DDoS-ACK_Fragmentation"", ""DDoS-UDP_Fragmentation"", ""DDoS-ICMP_Fragmentation"", ""DDoS-SlowLoris"", ""DDoS-HTTP_Flood"", ""DoS-UDP_Flood"", ""DoS-SYN_Flood"", ""DoS-TCP_Flood"", ""DoS-HTTP_Flood"", ""Mirai-greeth_flood"", ""Mirai-greip_flood"", ""Mirai-udpplain"", ""Recon-PingSweep"", ""Recon-OSScan"", ""Recon-PortScan"", ""VulnerabilityScan"", ""Recon-HostDiscovery"", ""DNS_Spoofing"", ""MITM-ArpSpoofing"", ""BenignTraffic"", ""BrowserHijacking"", ""Backdoor_Malware"", ""XSS"", ""Uploading_Attack"", ""SqlInjection"", ""CommandInjection"", ""DictionaryBruteForce""]","[35014, 35010, 35013, 35008, 35009, 35014, 35008, 32099, 32856, 35007, 2711, 3255, 35011, 35007, 35009, 8171, 35010, 35013, 35006, 239, 11165, 9332, 4208, 15219, 20503, 35005, 35004, 646, 397, 418, 145, 603, 594, 1444]",,,,,,,
dd75a116fcdc,ciciot2023,grouped,centralised,0,,main,0.6788974410580133,0.8810239315388825,0.6553219871762791,0.8768496575917337,0.12282559606310248,0.6788974410580133,0.6788974410580133,"[0.9562223020721045, 0.67538213998391, 0.9940642923836202, 0.7742667597765364, 0.7978293791014639, 0.7991598319663933, 0.08917197452229299, 0.15647921760391198]",200990,54600,106496,1.473075730000346,1.470116235000205,397.8900513559993,398.96732091903687,0.0,1601.5859375,380.529296875,30,0.6784083351170563,"[""DDoS"", ""DoS"", ""Mirai"", ""Recon"", ""Spoofing"", ""Benign"", ""Web"", ""BruteForce""]","[351012, 113199, 105024, 40159, 55508, 35004, 2810, 1446]",,,,,,,
490252721c7b,ciciot2023,grouped,centralised,1,,main,0.6699295561427345,0.8789286975904154,0.6478196534613384,0.8749305422970827,0.1164962018701357,0.6699295561427345,0.6699295561427345,"[0.946545305747677, 0.7060188766826551, 0.9937301984325496, 0.6205029689137268, 0.8818072821354199, 0.8009601920384077, 0.04961832061068702, 0.18337408312958436]",200989,54600,106496,1.3089734400000452,1.5904769700000543,388.16976816500073,389.26865124702454,0.0,1601.31640625,380.52880859375,30,0.6737249180669436,"[""DDoS"", ""DoS"", ""Mirai"", ""Recon"", ""Spoofing"", ""Benign"", ""Web"", ""BruteForce""]","[351006, 113205, 105032, 40163, 55513, 35005, 2810, 1446]",,,,,,,
0a15298e719a,ciciot2023,grouped,centralised,2,,main,0.6793399032372258,0.8828484148938287,0.6561208171737967,0.8785756893427529,0.12376638611649039,0.6793399032372258,0.6793399032372258,"[0.9589687799425104, 0.6788897140735239, 0.9939975990396158, 0.7673505019642077, 0.8004668180671208, 0.8017603520704141, 0.06505102040816327, 0.18248175182481752]",200996,54600,106496,1.6620103700006439,1.6832977749982092,388.65118682399907,389.83766198158264,0.0,1602.1953125,380.529296875,25,0.6711790916321658,"[""DDoS"", ""DoS"", ""Mirai"", ""Recon"", ""Spoofing"", ""Benign"", ""Web"", ""BruteForce""]","[351006, 113204, 105025, 40160, 55502, 35004, 2811, 1443]",,,,,,,
83ae49371e44,ciciot2023,grouped,centralised,3,,main,0.680793114793518,0.8830199004975124,0.6515353703786402,0.8772992550451875,0.13280611613222731,0.680793114793518,0.680793114793518,"[0.9701191640551707, 0.648451279512331, 0.9926296481574121, 0.6600593782745372, 0.8731310327424138, 0.8022802280228023, 0.08756345177664974, 0.17804878048780487]",201000,54600,106496,1.6541512100002365,1.4829694950003613,388.59155187900024,389.74707078933716,0.0,1602.96484375,380.529296875,30,0.6751870289051661,"[""DDoS"", ""DoS"", ""Mirai"", ""Recon"", ""Spoofing"", ""Benign"", ""Web"", ""BruteForce""]","[351008, 113205, 105031, 40163, 55504, 35003, 2805, 1444]",,,,,,,
f75c2cf6e9c8,ciciot2023,grouped,centralised,4,,main,0.6644097157825,0.881703258160326,0.6445483058524962,0.8770371238741232,0.0915963399177718,0.6644097157825,0.6644097157825,"[0.9581524396938033, 0.678826696370556, 0.9953646580184746, 0.7185890159783462, 0.836403785488959, 0.7858571714342869, 0.03929024081115336, 0.14390243902439023]",201003,54600,106496,1.4381047300003047,1.2586065549999148,393.5230723150007,394.57653522491455,0.0,1601.53515625,380.529296875,30,0.6652866472560681,"[""DDoS"", ""DoS"", ""Mirai"", ""Recon"", ""Spoofing"", ""Benign"", ""Web"", ""BruteForce""]","[351004, 113198, 105029, 40163, 55508, 35004, 2803, 1444]",,,,,,,
b6db148a5cc3,ciciot2023,grouped,fedavg,0,,ablation;main,0.5477695707469352,0.7758395940096522,0.5574511891390778,0.7633162941602798,0.003667481662591687,0.443975544915615,0.6378181876967851,"[0.8700143729787999, 0.39977721393650595, 0.9791583299986661, 0.6990223463687151, 0.5875189298334175, 0.9167833566713343, 0.0, 0.007334963325183374]",200990,54600,106496,1.5339787149991935,1.5505989999996928,335.08134840299954,336.9160351753235,109.2,1508.35546875,286.15234375,50,0.5478652962349624,"[""DDoS"", ""DoS"", ""Mirai"", ""Recon"", ""Spoofing"", ""Benign"", ""Web"", ""BruteForce""]","[351012, 113199, 105024, 40159, 55508, 35004, 2810, 1446]",,,,,,,
54065e1cb704,ciciot2023,grouped,fedavg,1,,ablation;main,0.5131473371437745,0.7916851170959605,0.4885260882745937,0.7573914819729342,0.05428743848647169,0.43538581987908287,0.5946019459072159,"[0.993652504566005, 0.2959306823456599, 0.9832582958145739, 0.5439224589591338, 0.7528238783365937, 0.23004600920184037, 0.02544529262086514, 0.08312958435207823]",200989,54600,106496,1.2252203050002208,1.780503590000535,337.7662926039998,339.6214671134949,109.2,1508.53515625,289.52197265625,35,0.5170310163059102,"[""DDoS"", ""DoS"", ""Mirai"", ""Recon"", ""Spoofing"", ""Benign"", ""Web"", ""BruteForce""]","[351006, 113205, 105032, 40163, 55513, 35005, 2810, 1446]",,,,,,,
1a3343303c8d,ciciot2023,grouped,fedavg,2,,ablation;main,0.51206990059609,0.8164888853509522,0.5220756440436513,0.8076550433092939,0.004464285714285714,0.4306272012034711,0.6660717399078442,"[0.9225187639731716, 0.6860069315509345, 0.953514739229025, 0.8544740288083806, 0.617335352006056, 0.13382676535307061, 0.008928571428571428, 0.0]",200996,54600,106496,1.4583373599998595,1.1714440450009533,330.19098029299994,331.94275283813477,109.2,1501.6328125,284.38720703125,45,0.5146316636220218,"[""DDoS"", ""DoS"", ""Mirai"", ""Recon"", ""Spoofing"", ""Benign"", ""Web"", ""BruteForce""]","[351006, 113204, 105025, 40160, 55502, 35004, 2811, 1443]",,,,,,,
1d46e164ed33,ciciot2023,grouped,fedavg,3,,ablation;main,0.5592567542593198,0.7432885572139304,0.5604411225518935,0.7379585745511081,0.1782994923857868,0.3461463460986626,0.63856438270867,"[0.825246012894469, 0.4613670823405638, 0.9863931965982992, 0.5213936430317848, 0.45284209198157843, 0.8796879687968797, 0.3565989847715736, 0.0]",201000,54600,106496,1.0938875199985887,1.4213873400012744,328.4080303739979,330.09987330436707,109.2,1503.12109375,283.93115234375,50,0.5589322315291043,"[""DDoS"", ""DoS"", ""Mirai"", ""Recon"", ""Spoofing"", ""Benign"", ""Web"", ""BruteForce""]","[351008, 113205, 105031, 40163, 55504, 35003, 2805, 1444]",,,,,,,
d4ecb486e1fa,ciciot2023,grouped,fedavg,4,,ablation;main,0.5531750360530471,0.8136545225693149,0.5573590840115384,0.8120654399844648,0.0012195121951219512,0.41023481590554367,0.6833598411238274,"[0.8521313013363674, 0.7589653145208701, 0.9582485743822323, 0.6114555138391687, 0.8790536277602524, 0.39657931586317263, 0.0, 0.0024390243902439024]",201003,54600,106496,1.5347825399999238,1.561088529999779,339.70557764499836,341.574481010437,109.2,1515.3515625,280.92138671875,40,0.5515734420594082,"[""DDoS"", ""DoS"", ""Mirai"", ""Recon"", ""Spoofing"", ""Benign"", ""Web"", ""BruteForce""]","[351004, 113198, 105029, 40163, 55508, 35004, 2803, 1444]",,,,,,,
64e69d78be31,ciciot2023,grouped,fedprox,0,,main,0.5693172363548922,0.7823125528633266,0.5617594920467525,0.7716369080120826,0.06968215158924206,0.502953097801423,0.6690715176753859,"[0.8470475506048628, 0.5147595767064793, 0.9867613712151527, 0.8050803072625698, 0.8303886925795053, 0.3706741348269654, 0.0, 0.1393643031784841]",200990,54600,106496,1.4934342850006033,1.5358098749993587,541.7708565650005,543.6865224838257,109.2,1563.04296875,286.15234375,50,0.5713540568519047,"[""DDoS"", ""DoS"", ""Mirai"", ""Recon"", ""Spoofing"", ""Benign"", ""Web"", ""BruteForce""]","[351012, 113199, 105024, 40159, 55508, 35004, 2810, 1446]",,,,,,,
fbb61c8b2c6b,ciciot2023,grouped,fedprox,1,,main,0.5450407186812807,0.7958893272766171,0.5318150098124851,0.7781724707376099,0.1377374219999129,0.4680130482919752,0.6290648236409385,"[0.906055071509127, 0.5676930218164938, 0.9686176421544105, 0.537809989521481, 0.9393576071180665, 0.059511902380476094, 0.10432569974554708, 0.17114914425427874]",200989,54600,106496,1.605211490000329,1.3926983800001835,543.5797661280003,545.4098327159882,109.2,1563.2421875,289.52197265625,45,0.5443585195048204,"[""DDoS"", ""DoS"", ""Mirai"", ""Recon"", ""Spoofing"", ""Benign"", ""Web"", ""BruteForce""]","[351006, 113205, 105032, 40163, 55513, 35005, 2810, 1446]",,,,,,,
8c86505cd918,ciciot2023,grouped,fedprox,2,,main,0.5569634412877522,0.8260860912654978,0.5566698894664086,0.8234864705809175,0.0834171259744774,0.489675017002722,0.6900421866040422,"[0.9125678696901949, 0.7750030944423815, 0.9752234227024142, 0.8208642514185945, 0.4730002523340903, 0.32986597319463895, 0.13520408163265307, 0.031630170316301706]",200996,54600,106496,1.1696376200006853,1.3703019950003181,542.9348022459994,544.6151068210602,109.2,1554.19921875,284.38720703125,40,0.5526786801415204,"[""DDoS"", ""DoS"", ""Mirai"", ""Recon"", ""Spoofing"", ""Benign"", ""Web"", ""BruteForce""]","[351006, 113204, 105025, 40160, 55502, 35004, 2811, 1443]",,,,,,,
8ebd93823ae8,ciciot2023,grouped,fedprox,3,,main,0.5534545252269913,0.7691442786069652,0.5640810181230081,0.7573241984911454,0.18781725888324874,0.3728653951417874,0.6476205426209011,"[0.8892193456955229, 0.44586440573072994, 0.9885942971485743, 0.5438351379671673, 0.3811116017916851, 0.8883888388838884, 0.3756345177664975, 0.0]",201000,54600,106496,1.2141946099995948,1.1734563849995538,540.8029793260012,542.5103721618652,109.2,1557.62109375,283.93115234375,50,0.555531890591909,"[""DDoS"", ""DoS"", ""Mirai"", ""Recon"", ""Spoofing"", ""Benign"", ""Web"", ""BruteForce""]","[351008, 113205, 105031, 40163, 55504, 35003, 2805, 1444]",,,,,,,
97b942a3de16,ciciot2023,grouped,fedprox,4,,main,0.5537007099297463,0.7867046760496113,0.5452864770710916,0.7766188067043442,0.03916813502735787,0.4507356140500463,0.6522697443413211,"[0.8646067247522381, 0.5215198490052291, 0.9710874712375362, 0.5449227276696063, 0.9283280757097792, 0.45349069813962795, 0.0076045627376425855, 0.07073170731707316]",201003,54600,106496,1.6270310749996497,1.547929190001014,545.1837983189998,547.0813558101654,109.2,1569.66796875,280.92138671875,50,0.5494017578809923,"[""DDoS"", ""DoS"", ""Mirai"", ""Recon"", ""Spoofing"", ""Benign"", ""Web"", ""BruteForce""]","[351004, 113198, 105029, 40163, 55508, 35004, 2803, 1444]",,,,,,,
0c05882c4d7e,ciciot2023,grouped,scaffold,0,,main;plugin,0.6300576940933722,0.8395542066769491,0.6023178754132563,0.827006616861539,0.20244343045800695,0.5348455575644457,0.7194561183367125,"[0.982981993851559, 0.5105823380159663, 0.9269707883153261, 0.8604224860335196, 0.7725265017667845, 0.3601720344068814, 0.2484076433121019, 0.15647921760391198]",200990,54600,106496,1.2267948099997739,1.194151250001596,343.0683919950061,345.02503633499146,218.4,1505.83984375,290.55126953125,50,0.6342635755683494,"[""DDoS"", ""DoS"", ""Mirai"", ""Recon"", ""Spoofing"", ""Benign"", ""Web"", ""BruteForce""]","[351012, 113199, 105024, 40159, 55508, 35004, 2810, 1446]",,,,,,,
4f0467999e67,ciciot2023,grouped,scaffold,1,,main;plugin,0.6730657765948932,0.8695450994830562,0.6595765472554848,0.8681853938361301,0.25987482658006555,0.507650918439274,0.7143284984446325,"[0.924738265616735, 0.8233328175769766, 0.9875937968984492, 0.8454418442193503, 0.7031614816684546, 0.47259451890378074, 0.3486005089058524, 0.17114914425427874]",200989,54600,106496,1.1591351049992227,1.182361065002624,344.5524327449966,346.46298265457153,218.4,1505.76171875,293.9208984375,40,0.6753236898490375,"[""DDoS"", ""DoS"", ""Mirai"", ""Recon"", ""Spoofing"", ""Benign"", ""Web"", ""BruteForce""]","[351006, 113205, 105032, 40163, 55513, 35005, 2810, 1446]",,,,,,,
f4c805caaaec,ciciot2023,grouped,scaffold,2,,main;plugin,0.6484596498324904,0.8667187406714562,0.6351403681759384,0.865755539942847,0.11993985550424549,0.5452110511792029,0.7200199125320957,"[0.9288865378473331, 0.7874118083921278, 0.986327864479125, 0.8722828459188128, 0.5710951299520565, 0.6952390478095619, 0.05739795918367347, 0.18248175182481752]",200996,54600,106496,1.3372199749937863,1.5180884950041218,337.5803688720007,339.66616702079773,218.4,1498.1875,288.7861328125,50,0.6421719958554989,"[""DDoS"", ""DoS"", ""Mirai"", ""Recon"", ""Spoofing"", ""Benign"", ""Web"", ""BruteForce""]","[351006, 113204, 105025, 40160, 55502, 35004, 2811, 1443]",,,,,,,
2e7d23d33633,ciciot2023,grouped,scaffold,3,,main;plugin,0.6763762176332977,0.8247611940298507,0.6502751351509972,0.8243809481843017,0.2521945029094961,0.5152530525387095,0.7301155912553384,"[0.8758258647877203, 0.6433765510412477, 0.9899616474904118, 0.6556933286762138, 0.7477761655416062, 0.7851785178517852, 0.33121827411167515, 0.17317073170731706]",201000,54600,106496,1.468628880002143,1.29294773500078,340.30858608099516,342.35734605789185,218.4,1499.86328125,288.330078125,35,0.6749617918707473,"[""DDoS"", ""DoS"", ""Mirai"", ""Recon"", ""Spoofing"", ""Benign"", ""Web"", ""BruteForce""]","[351008, 113205, 105031, 40163, 55504, 35003, 2805, 1444]",,,,,,,
e053d8533ef8,ciciot2023,grouped,scaffold,4,,main;plugin,0.6245174627222052,0.841002373098909,0.6180666294475179,0.8367935431447189,0.14955176357847227,0.4842751394398342,0.7217811590466677,"[0.8585187181252931, 0.8536774033850058, 0.9832260646280054, 0.7916703047236532, 0.8738801261829653, 0.2844568913782757, 0.16983523447401774, 0.12926829268292683]",201003,54600,106496,1.3395695599956525,1.2312975150052807,338.1320784420004,340.1137626171112,218.4,1506.703125,285.3203125,50,0.6260959841642684,"[""DDoS"", ""DoS"", ""Mirai"", ""Recon"", ""Spoofing"", ""Benign"", ""Web"", ""BruteForce""]","[351004, 113198, 105029, 40163, 55508, 35004, 2803, 1444]",,,,,,,
5b67eb0a1093,ciciot2023,grouped,fedbn,0,,main,0.764984299138809,0.9427235185830141,0.7527554596087971,0.9423589791995359,0.15875134318595924,0.5835224277525874,0.7734730652426567,"[0.9270271888848964, 0.9856736184169812, 0.9931639322395625, 0.8815467877094972, 0.9404341241797072, 0.9766953390678136, 0.1732484076433121, 0.14425427872860636]",200990,54600,106496,1.558776439999292,1.5936874800013356,345.6225354320004,348.10899591445923,107.408,1496.58203125,286.5234375,45,0.7681358299420841,"[""DDoS"", ""DoS"", ""Mirai"", ""Recon"", ""Spoofing"", ""Benign"", ""Web"", ""BruteForce""]","[351012, 113199, 105024, 40159, 55508, 35004, 2810, 1446]",,,,,,,
c9316654f89c,ciciot2023,grouped,fedbn,1,,main,0.7788369175973224,0.9504550000248769,0.7506465150151307,0.9489835444846293,0.2267959461729409,0.6058319822094355,0.7751023833860833,"[0.9834625787199217, 0.8997060188766827, 0.9931965982991495, 0.7821341250436605, 0.933488988452073, 0.9595919183836767, 0.2824427480916031, 0.17114914425427874]",200989,54600,106496,1.4802915049995136,1.4920617799998581,341.01194548200056,343.45083951950073,107.408,1496.74609375,289.89306640625,45,0.7832727560283463,"[""DDoS"", ""DoS"", ""Mirai"", ""Recon"", ""Spoofing"", ""Benign"", ""Web"", ""BruteForce""]","[351006, 113205, 105032, 40163, 55513, 35005, 2810, 1446]",,,,,,,
c4104c214e13,ciciot2023,grouped,fedbn,2,,main,0.7234477967951648,0.9411182312085813,0.7154105140772947,0.9385659749647606,0.08986450419583891,0.6053456340178063,0.7857415604912477,"[0.9914863462152667, 0.806318851342988, 0.9895958383353342, 0.8930597992143169, 0.8697956093868282, 0.9932986597319464, 0.17729591836734693, 0.0024330900243309003]",200996,54600,106496,1.5286102250001932,1.2403400099992723,336.0559301530011,338.3640525341034,107.408,1487.015625,284.75830078125,40,0.7206426305263094,"[""DDoS"", ""DoS"", ""Mirai"", ""Recon"", ""Spoofing"", ""Benign"", ""Web"", ""BruteForce""]","[351006, 113204, 105025, 40160, 55502, 35004, 2811, 1443]",,,,,,,
ba9712a3839a,ciciot2023,grouped,fedbn,3,,main,0.7569086097692261,0.952592039800995,0.7566087020790992,0.9512086143116784,0.2569796954314721,0.5360932248950817,0.824325357970489,"[0.9836723287889978, 0.9270971934276078, 0.9946306486576622, 0.7622249388753056, 0.9020881963283074, 0.9691969196919692, 0.5139593908629442, 0.0]",201000,54600,106496,1.6203330950020245,1.4786266600003728,334.5850854350051,336.98994994163513,107.408,1491.453125,284.30224609375,45,0.7583305487273351,"[""DDoS"", ""DoS"", ""Mirai"", ""Recon"", ""Spoofing"", ""Benign"", ""Web"", ""BruteForce""]","[351008, 113205, 105031, 40163, 55504, 35003, 2805, 1444]",,,,,,,
ac8b860a9b21,ciciot2023,grouped,fedbn,4,,main,0.696564733727565,0.9440704865101516,0.6920442784180909,0.9412306482514211,0.028671674549445116,0.5640861824240608,0.7901135394631726,"[0.9760571673802609, 0.9112596305578762, 0.9974989161970187, 0.7337815419540732, 0.9500315457413249, 0.910382076415283, 0.032953105196451206, 0.024390243902439025]",201003,54600,106496,1.5114243149992035,1.1742997200008176,338.52600093900037,340.8286564350128,107.408,1503.94140625,281.29248046875,50,0.6971583837065347,"[""DDoS"", ""DoS"", ""Mirai"", ""Recon"", ""Spoofing"", ""Benign"", ""Web"", ""BruteForce""]","[351004, 113198, 105029, 40163, 55508, 35004, 2803, 1444]",,,,,,,
6c9c2ec9b64a,ciciot2023,grouped,fedlc,0,,main,0.5391422799452825,0.6826110751778696,0.5506537620288422,0.697536435542075,0.1864793733356174,0.3627763725117264,0.597178176366018,"[0.7041561863696251, 0.7035088805000309, 0.6266173135921035, 0.4064245810055866, 0.7347930338213023, 0.8567713542708542, 0.2751592356687898, 0.097799511002445]",200990,54600,106496,1.5408691050015477,1.7057369350004592,348.5352297669956,350.45362401008606,109.2,1561.52734375,286.15234375,45,0.5404292528286019,"[""DDoS"", ""DoS"", ""Mirai"", ""Recon"", ""Spoofing"", ""Benign"", ""Web"", ""BruteForce""]","[351012, 113199, 105024, 40159, 55508, 35004, 2810, 1446]",,,,,,,
0658d9726b26,ciciot2023,grouped,fedlc,1,,main,0.5772494917425388,0.7709476638024967,0.5729816010949413,0.7760687264173107,0.1351928927378264,0.46829378458034765,0.6401308208607273,"[0.8142758765232492, 0.6862447779668884, 0.9806569951642488, 0.460880195599022, 0.4523253612671168, 0.9190838167633527, 0.09923664122137404, 0.17114914425427874]",200989,54600,106496,1.3929878150020159,1.5540036899983534,347.9199551810011,349.76711106300354,109.2,1561.34375,289.52197265625,45,0.5776822797442045,"[""DDoS"", ""DoS"", ""Mirai"", ""Recon"", ""Spoofing"", ""Benign"", ""Web"", ""BruteForce""]","[351006, 113205, 105032, 40163, 55513, 35005, 2810, 1446]",,,,,,,
0289d3f2b7f3,ciciot2023,grouped,fedlc,2,,main,0.6136550604568745,0.8320314832135963,0.619973223077643,0.8306010257642195,0.22476755300660411,0.5838769826720952,0.7126875160849598,"[0.909214308527627, 0.7686285431365268, 0.9709550486861411, 0.6735050196420777, 0.3933888468332072, 0.7945589117823565, 0.2767857142857143, 0.17274939172749393]",200996,54600,106496,1.5963730699968437,1.6008599250017141,345.798914756002,347.71918177604675,109.2,1552.42578125,284.38720703125,40,0.6073087643438424,"[""DDoS"", ""DoS"", ""Mirai"", ""Recon"", ""Spoofing"", ""Benign"", ""Web"", ""BruteForce""]","[351006, 113204, 105025, 40160, 55502, 35004, 2811, 1443]",,,,,,,
e66a64a82b67,ciciot2023,grouped,fedlc,3,,main,0.5251185005848469,0.7598507462686567,0.5350431444501025,0.7482272687033236,0.1148477157360406,0.43289408105111865,0.6570142773534712,"[0.8969540310185832, 0.365442336850574, 0.983324995831249, 0.3380195599022005, 0.4857106807141505, 0.9811981198119812, 0.2296954314720812, 0.0]",201000,54600,106496,1.2769723349993,1.282763234999038,350.02007673900425,351.7886641025543,109.2,1556.62890625,283.93115234375,45,0.5229396149724141,"[""DDoS"", ""DoS"", ""Mirai"", ""Recon"", ""Spoofing"", ""Benign"", ""Web"", ""BruteForce""]","[351008, 113205, 105031, 40163, 55504, 35003, 2805, 1444]",,,,,,,
f371d8f97a06,ciciot2023,grouped,fedlc,4,,main,0.5781799992807499,0.7930080645562504,0.5942542043522863,0.7978193519541735,0.039849763516646576,0.4698260509326329,0.6575225693141583,"[0.7502719642304659, 0.9095578452303599, 0.9539467102411044, 0.4477429494455601, 0.8424605678233439, 0.7703540708141629, 0.011406844106463879, 0.06829268292682927]",201003,54600,106496,1.1817980800014993,1.1321323749962175,342.7407948050013,344.4030792713165,109.2,1569.3984375,280.92138671875,45,0.5752907254440196,"[""DDoS"", ""DoS"", ""Mirai"", ""Recon"", ""Spoofing"", ""Benign"", ""Web"", ""BruteForce""]","[351004, 113198, 105029, 40163, 55508, 35004, 2803, 1444]",,,,,,,
a4a5918c4f0d,ciciot2023,grouped,fedrs,0,,main,0.5790303543155942,0.8061047813324046,0.5834564651994708,0.7984195019885124,0.004889975550122249,0.49346970006513413,0.6643090915011298,"[0.8911147043558111, 0.47499845287455905, 0.9761904761904762, 0.7584671787709497, 0.6588213023725391, 0.8982796559311862, 0.0, 0.009779951100244499]",200990,54600,106496,1.5381323699966742,1.4704323700016175,358.90633552500003,360.75599241256714,109.2,1529.734375,286.15234375,50,0.5795582829920056,"[""DDoS"", ""DoS"", ""Mirai"", ""Recon"", ""Spoofing"", ""Benign"", ""Web"", ""BruteForce""]","[351012, 113199, 105024, 40159, 55508, 35004, 2810, 1446]",,,,,,,
74c055a65772,ciciot2023,grouped,fedrs,1,,main,0.5407233195614286,0.7944315360542119,0.5138994537420666,0.7610956911703316,0.08856703808084013,0.4298796699507656,0.5933479919326674,"[0.9890216273940338, 0.27105059569859197, 0.9859929964982491, 0.5813831645127489, 0.7601438758124566, 0.34646929385877173, 0.027989821882951654, 0.1491442542787286]",200989,54600,106496,1.7359622800040597,1.558016049998514,350.01190670900087,351.985714673996,109.2,1529.92578125,289.52197265625,35,0.5416890360999488,"[""DDoS"", ""DoS"", ""Mirai"", ""Recon"", ""Spoofing"", ""Benign"", ""Web"", ""BruteForce""]","[351006, 113205, 105032, 40163, 55513, 35005, 2810, 1446]",,,,,,,
0c9558567a6e,ciciot2023,grouped,fedrs,2,,main,0.5059877526696127,0.8029164759497701,0.5181488988174432,0.7952904338888336,0.00510204081632653,0.4093722038677607,0.653201072288816,"[0.8974868252954328, 0.6848619878697859, 0.9498799519807923, 0.8635530336097774, 0.607178904870048, 0.13202640528105622, 0.01020408163265306, 0.0]",200996,54600,106496,1.2488044349993288,1.200767239997731,342.6163004839973,344.28234100341797,109.2,1521.5078125,284.38720703125,45,0.5080879371331363,"[""DDoS"", ""DoS"", ""Mirai"", ""Recon"", ""Spoofing"", ""Benign"", ""Web"", ""BruteForce""]","[351006, 113204, 105025, 40160, 55502, 35004, 2811, 1443]",,,,,,,
75fe6cf5df73,ciciot2023,grouped,fedrs,3,,main,0.5539055230259083,0.7452537313432835,0.5618927741305346,0.7383863623783761,0.19416243654822335,0.3468952766535806,0.6321362161206194,"[0.8360146909119942, 0.445554971067859, 0.9866266466566617, 0.49476074048201185, 0.45057094189641034, 0.8932893289328933, 0.3883248730964467, 0.0]",201000,54600,106496,1.4133408299994699,1.621556724999209,347.5139830089993,349.3810155391693,109.2,1523.734375,283.93115234375,50,0.5536701135492035,"[""DDoS"", ""DoS"", ""Mirai"", ""Recon"", ""Spoofing"", ""Benign"", ""Web"", ""BruteForce""]","[351008, 113205, 105031, 40163, 55504, 35003, 2805, 1444]",,,,,,,
44d79744af94,ciciot2023,grouped,fedrs,4,,main,0.5551742248304705,0.8174256105630264,0.5573435308661244,0.8151038348679668,0.0012195121951219512,0.43409427048716803,0.6866506376919967,"[0.8664231464015889, 0.7419474612457069, 0.951478974222163, 0.5995808958351524, 0.8794952681388013, 0.4173834766953391, 0.0, 0.0024390243902439024]",201003,54600,106496,1.4444014499986224,1.3839498799961802,344.7216590349981,346.5099289417267,109.2,1536.62890625,280.92138671875,40,0.5530453385201435,"[""DDoS"", ""DoS"", ""Mirai"", ""Recon"", ""Spoofing"", ""Benign"", ""Web"", ""BruteForce""]","[351004, 113198, 105029, 40163, 55508, 35004, 2803, 1444]",,,,,,,
aa7d72044d1f,ciciot2023,grouped,statavg,0,,ablation;main,0.5912049751242602,0.779476590875168,0.580979250468563,0.7780492366001859,0.07823960880195599,0.48640613105915603,0.6665018884503502,"[0.8225236555276081, 0.5341295872269324, 0.9944311057756436, 0.7253840782122905, 0.7960625946491671, 0.6188237647529506, 0.0, 0.15647921760391198]",200990,54600,106496,1.1938662849979664,1.3606677250027133,340.57354034199943,342.3146605491638,109.20744,1509.16796875,286.15234375,40,0.5947126005861958,"[""DDoS"", ""DoS"", ""Mirai"", ""Recon"", ""Spoofing"", ""Benign"", ""Web"", ""BruteForce""]","[351012, 113199, 105024, 40159, 55508, 35004, 2810, 1446]",,,,,,,
d514d0bd8d90,ciciot2023,grouped,statavg,1,,ablation;main,0.5614550918997231,0.8008448223534621,0.551922565383375,0.7655601077417666,0.08748296907370426,0.42450718362627393,0.610867686581803,"[0.9954988672315538, 0.21773170354324617, 0.9927296981824245, 0.6451274886482711, 0.523253612671168, 0.8660732146429286, 0.003816793893129771, 0.17114914425427874]",200989,54600,106496,1.4401197850020253,1.2936746349987516,336.4050340210015,338.15821075439453,109.20744,1509.00390625,289.52197265625,35,0.5619270169073813,"[""DDoS"", ""DoS"", ""Mirai"", ""Recon"", ""Spoofing"", ""Benign"", ""Web"", ""BruteForce""]","[351006, 113205, 105032, 40163, 55513, 35005, 2810, 1446]",,,,,,,
38b395db522a,ciciot2023,grouped,statavg,2,,ablation;main,0.5713096490197749,0.7740402794085455,0.5653706528954174,0.7789283275189092,0.0969806718307761,0.4453728372241874,0.6544986097468032,"[0.7938458160332162, 0.7158064116846145, 0.9927637721755369, 0.8681798341335661, 0.6026368912440071, 0.35577115423084615, 0.011479591836734694, 0.18248175182481752]",200996,54600,106496,1.708721734999017,1.1374360149966378,335.918510812,337.7691502571106,109.20744,1499.14453125,284.38720703125,45,0.5638666726726542,"[""DDoS"", ""DoS"", ""Mirai"", ""Recon"", ""Spoofing"", ""Benign"", ""Web"", ""BruteForce""]","[351006, 113204, 105025, 40160, 55502, 35004, 2811, 1443]",,,,,,,
9277f045e280,ciciot2023,grouped,statavg,3,,ablation;main,0.5796277932515511,0.8099353233830846,0.591923207707731,0.808034002394187,0.10532994923857868,0.4985046336200222,0.6918698818768804,"[0.8933811054112857, 0.563047312559953, 0.9943971985992996, 0.5618232623122599, 0.6065863352469876, 0.9054905490549054, 0.21065989847715735, 0.0]",201000,54600,106496,1.4765737050038297,2.1853109750009025,330.03171576300247,331.9717140197754,109.20744,1504.0390625,283.93115234375,50,0.5859545647152071,"[""DDoS"", ""DoS"", ""Mirai"", ""Recon"", ""Spoofing"", ""Benign"", ""Web"", ""BruteForce""]","[351008, 113205, 105031, 40163, 55504, 35003, 2805, 1444]",,,,,,,
b4c8e536df96,ciciot2023,grouped,statavg,4,,ablation;main,0.6146215425078654,0.8265697526902583,0.6030969290868501,0.8253014269872001,0.07073170731707316,0.4535339126170132,0.7002783233291969,"[0.8713135123806102, 0.6679043287230422, 0.9928302264314536, 0.6936173928228412, 0.8384227129337539, 0.6192238447689538, 0.0, 0.14146341463414633]",201003,54600,106496,1.6551610450005683,1.449993109999923,336.47316538700215,338.3483006954193,109.20744,1516.2421875,280.92138671875,40,0.6172940437585086,"[""DDoS"", ""DoS"", ""Mirai"", ""Recon"", ""Spoofing"", ""Benign"", ""Web"", ""BruteForce""]","[351004, 113198, 105029, 40163, 55508, 35004, 2803, 1444]",,,,,,,
efe254b6b56f,ciciot2023,grouped,fedstap,0,,ablation;main,0.623361973376144,0.7844270859246729,0.6799834036321821,0.7996690145368779,0.4053711865198636,0.4961155048718106,0.7158953634377416,"[0.7482433025911287, 0.8431214802896219, 0.9958983593437375, 0.5803072625698324, 0.6410903584048461, 0.8204640928185637, 0.6420382165605095, 0.1687041564792176]",200990,54600,106496,1.1749287650036422,1.2760068750048958,354.32092517199817,356.02398133277893,109.20744,1529.4375,286.15234375,50,0.6262086675564245,"[""DDoS"", ""DoS"", ""Mirai"", ""Recon"", ""Spoofing"", ""Benign"", ""Web"", ""BruteForce""]","[351012, 113199, 105024, 40159, 55508, 35004, 2810, 1446]",,,,,,,
ffd6019c45f4,ciciot2023,grouped,fedstap,1,,ablation;main,0.6228158176818821,0.7738383692639895,0.6640236909150197,0.7894130047631231,0.30758475024418774,0.47184471735153205,0.6874609883586097,"[0.6964479974450333, 0.9492186291196039, 0.9948974487243621, 0.6462626615438352, 0.568624976336215, 0.8415683136627325, 0.4440203562340967, 0.17114914425427874]",200989,54600,106496,1.24867753500439,1.4235442450080882,345.12078769800064,346.8668761253357,109.20744,1530.37109375,289.52197265625,20,0.6261553113526767,"[""DDoS"", ""DoS"", ""Mirai"", ""Recon"", ""Spoofing"", ""Benign"", ""Web"", ""BruteForce""]","[351006, 113205, 105032, 40163, 55513, 35005, 2810, 1446]",,,,,,,
767889ac150c,ciciot2023,grouped,fedstap,2,,ablation;main,0.6369920985881278,0.7883539970944695,0.6746283095007443,0.8018795229714271,0.4043786310144496,0.44869125541934185,0.6875166767881336,"[0.7889552060044714, 0.72020051986632, 0.9937308256635988, 0.640506329113924, 0.6809235427706283, 0.7639527905581116, 0.6262755102040817, 0.18248175182481752]",200996,54600,106496,1.5460810750028031,1.6135279749960318,342.39295528599905,344.2735593318939,109.20744,1520.23046875,284.38720703125,35,0.6302458150363228,"[""DDoS"", ""DoS"", ""Mirai"", ""Recon"", ""Spoofing"", ""Benign"", ""Web"", ""BruteForce""]","[351006, 113204, 105025, 40160, 55502, 35004, 2811, 1443]",,,,,,,
fb7505e15676,ciciot2023,grouped,fedstap,3,,ablation;main,0.6342852900007562,0.7957462686567164,0.6858677404022321,0.810304829368995,0.4063327968305064,0.5355474115040864,0.7099802682439564,"[0.7669115151999042, 0.8548441996472445, 0.9952642988160747, 0.5584177436255676, 0.6283515235631821, 0.8704870487048705, 0.6370558375634517, 0.17560975609756097]",201000,54600,106496,1.1723944450022827,1.1346795999997994,340.37309799000104,342.0811574459076,109.20744,1523.9609375,283.93115234375,40,0.6317565223295067,"[""DDoS"", ""DoS"", ""Mirai"", ""Recon"", ""Spoofing"", ""Benign"", ""Web"", ""BruteForce""]","[351008, 113205, 105031, 40163, 55504, 35003, 2805, 1444]",,,,,,,
3badb872feb1,ciciot2023,grouped,fedstap,4,,ablation;main,0.6331574207624615,0.8154903160649344,0.6592860962027729,0.8218955204095794,0.3020371572537018,0.5232139766809601,0.6919161164928257,"[0.8366517959619549, 0.7344905473560445, 0.9971320905725815, 0.5430891469483978, 0.7208832807570978, 0.8379675935187038, 0.46261089987325726, 0.14146341463414633]",201003,54600,106496,1.125687294997988,1.3674473149967525,344.78629645200454,346.47774720191956,109.20744,1536.26171875,280.92138671875,30,0.63626539119628,"[""DDoS"", ""DoS"", ""Mirai"", ""Recon"", ""Spoofing"", ""Benign"", ""Web"", ""BruteForce""]","[351004, 113198, 105029, 40163, 55508, 35004, 2803, 1444]",,,,,,,
2bdfef690c4f,ciciot2023,grouped,fedprox_sfs,0,,main,0.5861914983786451,0.8093437484451963,0.5730066684506931,0.8033221032591972,0.07823960880195599,0.4974144384725367,0.6974380992014111,"[0.8929712141174592, 0.5549229531530416, 0.9930305455515539, 0.8200942737430168, 0.7469712266532055, 0.41958391678335666, 0.0, 0.15647921760391198]",200990,54600,106496,1.2051556599999458,1.2180977150001127,547.0148842380013,548.738523721695,109.20744,1562.97265625,286.15234375,50,0.5912098297663806,"[""DDoS"", ""DoS"", ""Mirai"", ""Recon"", ""Spoofing"", ""Benign"", ""Web"", ""BruteForce""]","[351012, 113199, 105024, 40159, 55508, 35004, 2810, 1446]",,,,,,,
c33d9c3230da,ciciot2023,grouped,fedprox_sfs,1,,main,0.6168281128585248,0.8203135494977337,0.5978447749473534,0.815209629626665,0.08684683675818262,0.48760811588968744,0.6677714537926767,"[0.8906154874896454, 0.5615039455361287, 0.9943304985826247, 0.5888054488298987, 0.876569697734587, 0.6972394478895779, 0.002544529262086514, 0.17114914425427874]",200989,54600,106496,1.6020038299984662,1.7006097900002715,549.1103925549978,551.0760395526886,109.20744,1563.03515625,289.52197265625,45,0.6195126323469997,"[""DDoS"", ""DoS"", ""Mirai"", ""Recon"", ""Spoofing"", ""Benign"", ""Web"", ""BruteForce""]","[351006, 113205, 105032, 40163, 55513, 35005, 2810, 1446]",,,,,,,
ce1850f24097,ciciot2023,grouped,fedprox_sfs,2,,main,0.5964312248067465,0.8162849011920635,0.5771290211440967,0.8018092930281369,0.17988883509608222,0.4901959238175278,0.6770119621021333,"[0.9772935962951134, 0.4023084540165862, 0.9934307056155796, 0.8270624181580096, 0.5301539237951047, 0.5270054010802161, 0.17729591836734693, 0.18248175182481752]",200996,54600,106496,1.4450616399972205,1.4423394449977422,546.2157002839995,547.9879655838013,109.20744,1554.20703125,284.38720703125,40,0.589436659654259,"[""DDoS"", ""DoS"", ""Mirai"", ""Recon"", ""Spoofing"", ""Benign"", ""Web"", ""BruteForce""]","[351006, 113204, 105025, 40160, 55502, 35004, 2811, 1443]",,,,,,,
8ecc2b70fc07,ciciot2023,grouped,fedprox_sfs,3,,main,0.5821418898376807,0.8071890547263681,0.6180276137190488,0.8070543214573568,0.22842639593908629,0.443265078334364,0.6989475069857628,"[0.8931315994331224, 0.5701643098059844, 0.9942304485576121, 0.614390499476074, 0.5071604315185162, 0.9082908290829083, 0.45685279187817257, 0.0]",201000,54600,106496,1.4764825200018095,1.2806514749991038,536.6605847440005,538.4362864494324,109.20744,1558.39453125,283.93115234375,50,0.5855873339712688,"[""DDoS"", ""DoS"", ""Mirai"", ""Recon"", ""Spoofing"", ""Benign"", ""Web"", ""BruteForce""]","[351008, 113205, 105031, 40163, 55504, 35003, 2805, 1444]",,,,,,,
a2d02e67e453,ciciot2023,grouped,fedprox_sfs,4,,main,0.6049039529972161,0.8430769690004627,0.5868227483340942,0.8367188685217596,0.07453398868589446,0.5373723021336891,0.7067628837648814,"[0.9199776440412387, 0.6610043627587487, 0.9947643979057592, 0.6014144765563608, 0.9323659305993691, 0.4359871974394879, 0.0076045627376425855, 0.14146341463414633]",201003,54600,106496,1.4889023949990587,1.7080533399985143,540.3513736669993,542.2820384502411,109.20744,1571.63671875,280.92138671875,50,0.6035351652697112,"[""DDoS"", ""DoS"", ""Mirai"", ""Recon"", ""Spoofing"", ""Benign"", ""Web"", ""BruteForce""]","[351004, 113198, 105029, 40163, 55508, 35004, 2803, 1444]",,,,,,,
2cc52e660391,ciciot2023,grouped,scaffold_sfs,0,,main;plugin,0.5777551388217746,0.7761132394646499,0.5707915718288628,0.780392052109818,0.1444816470185165,0.5346690602754778,0.6941830338290844,"[0.8035193835589093, 0.6922767497988737, 0.9938975590236094, 0.6523219273743017, 0.7380742049469965, 0.39727945589117825, 0.13248407643312102, 0.15647921760391198]",200990,54600,106496,1.3172147749992291,1.8557809999947494,345.1180826170021,347.24796438217163,218.40744,1505.73828125,290.55126953125,30,0.5837021212074942,"[""DDoS"", ""DoS"", ""Mirai"", ""Recon"", ""Spoofing"", ""Benign"", ""Web"", ""BruteForce""]","[351012, 113199, 105024, 40159, 55508, 35004, 2810, 1446]",,,,,,,
ce09687884eb,ciciot2023,grouped,scaffold_sfs,1,,main;plugin,0.5866125501648309,0.7649921139962883,0.596248110449818,0.7743212448141142,0.24079085711441672,0.405350627890288,0.654485579403556,"[0.7644041238759643, 0.7539223270926814, 0.9935300983825246, 0.6841599720572825, 0.6735028712059065, 0.41888377675535104, 0.3104325699745547, 0.17114914425427874]",200989,54600,106496,1.1495644849946984,1.4649298950007505,339.5127819810041,341.5108172893524,218.40744,1505.83203125,293.9208984375,40,0.5895287417120938,"[""DDoS"", ""DoS"", ""Mirai"", ""Recon"", ""Spoofing"", ""Benign"", ""Web"", ""BruteForce""]","[351006, 113205, 105032, 40163, 55513, 35005, 2810, 1446]",,,,,,,
1c3a3ecd7f43,ciciot2023,grouped,scaffold_sfs,2,,main;plugin,0.5610980813735669,0.766293856594161,0.558039937709377,0.7709390832550513,0.09379189632057203,0.4451727120406437,0.6478128316107538,"[0.7935463909294155, 0.7070491397450179, 0.991296518607443, 0.7729375818419904, 0.4935023971738582, 0.5184036807361472, 0.00510204081632653, 0.18248175182481752]",200996,54600,106496,1.5979639699980908,1.3817062299949612,335.2763073729966,337.33546471595764,218.40744,1497.8984375,288.7861328125,20,0.5551415605803924,"[""DDoS"", ""DoS"", ""Mirai"", ""Recon"", ""Spoofing"", ""Benign"", ""Web"", ""BruteForce""]","[351006, 113204, 105025, 40160, 55502, 35004, 2811, 1443]",,,,,,,
7fd53392a01c,ciciot2023,grouped,scaffold_sfs,3,,main;plugin,0.5827639785215645,0.7842437810945274,0.5773490885640498,0.7871584269331229,0.08780487804878048,0.4496501783769684,0.6675106540287963,"[0.7891674484520649, 0.7230869201968004, 0.9923628480907121, 0.6828501571777855, 0.8523752444640716, 0.40334033403340336, 0.0, 0.17560975609756097]",201000,54600,106496,1.7690975599998637,1.4144734550063731,341.15014050900754,343.3415296077728,218.40744,1499.8125,288.330078125,40,0.5807988593621676,"[""DDoS"", ""DoS"", ""Mirai"", ""Recon"", ""Spoofing"", ""Benign"", ""Web"", ""BruteForce""]","[351008, 113205, 105031, 40163, 55504, 35003, 2805, 1444]",,,,,,,
2e8707268fb5,ciciot2023,grouped,scaffold_sfs,4,,main;plugin,0.5642789232435442,0.7696004537245713,0.5685468373375768,0.7739692769605822,0.07073170731707316,0.4453998548136494,0.6585112982521674,"[0.7501022984720102, 0.7735387852346917, 0.9940974422249641, 0.7581419715358422, 0.7988643533123029, 0.33216643328665735, 0.0, 0.14146341463414633]",201003,54600,106496,1.2580204000005324,1.6860796499986463,344.3885715099914,346.51648235321045,218.40744,1506.73828125,285.3203125,50,0.5646239928743149,"[""DDoS"", ""DoS"", ""Mirai"", ""Recon"", ""Spoofing"", ""Benign"", ""Web"", ""BruteForce""]","[351004, 113198, 105029, 40163, 55508, 35004, 2803, 1444]",,,,,,,
705717788a99,ciciot2023,grouped,fedbn_sfs,0,,main,0.7596626326236766,0.94300711478183,0.7480029970403224,0.9424828413690817,0.13747527759176492,0.6227992088276068,0.7845259265670064,"[0.9255898910049107, 0.9896033170369454, 0.9951980792316927, 0.8764839385474861, 0.9504038364462393, 0.9717943588717743, 0.11847133757961784, 0.15647921760391198]",200990,54600,106496,1.573350579997168,1.4695843399977093,341.818185508002,344.30443596839905,107.41544,1497.1953125,286.5234375,45,0.7663723490542036,"[""DDoS"", ""DoS"", ""Mirai"", ""Recon"", ""Spoofing"", ""Benign"", ""Web"", ""BruteForce""]","[351012, 113199, 105024, 40159, 55508, 35004, 2810, 1446]",,,,,,,
0ce42a976194,ciciot2023,grouped,fedbn_sfs,1,,main,0.7792317305998477,0.9496788381453711,0.7548959979501483,0.9488732827235935,0.22361528459533275,0.6501305848471609,0.7894707471045059,"[0.9703484136251584, 0.945474237969983, 0.9950308487577122, 0.8983583653510304, 0.831135230643024, 0.9515903180636127, 0.27608142493638677, 0.17114914425427874]",200989,54600,106496,1.3412396049989184,1.1185931700038054,336.6471905430035,338.82892179489136,107.41544,1496.5390625,289.89306640625,50,0.7787424850345995,"[""DDoS"", ""DoS"", ""Mirai"", ""Recon"", ""Spoofing"", ""Benign"", ""Web"", ""BruteForce""]","[351006, 113205, 105032, 40163, 55513, 35005, 2810, 1446]",,,,,,,
76c33933befc,ciciot2023,grouped,fedbn_sfs,2,,main,0.770929261335951,0.9498397978069215,0.7487078429875025,0.9484140528604467,0.19909131535826008,0.6062818798102875,0.8189098240780346,"[0.9893604279782817, 0.8641230350290877, 0.9968654128317994, 0.8959406372762986, 0.854592480444108, 0.9905981196239247, 0.24489795918367346, 0.15328467153284672]",200996,54600,106496,1.558296524999605,1.5674477250013297,338.8826954229962,341.3772666454315,107.41544,1488.61328125,284.75830078125,40,0.7648612109639468,"[""DDoS"", ""DoS"", ""Mirai"", ""Recon"", ""Spoofing"", ""Benign"", ""Web"", ""BruteForce""]","[351006, 113204, 105025, 40160, 55502, 35004, 2811, 1443]",,,,,,,
5d9b6ffe0a85,ciciot2023,grouped,fedbn_sfs,3,,main,0.7430703922258501,0.9444228855721393,0.7404820450174556,0.9431621766939562,0.21890862944162437,0.6406736626184453,0.832450810047052,"[0.9695303299467055, 0.954667821889408, 0.9956311489077873, 0.7325358016067063, 0.8388745189577944, 0.9947994799479948, 0.43781725888324874, 0.0]",201000,54600,106496,1.2802119200023299,1.314677710001888,339.1757666820031,341.56781220436096,107.41544,1491.34375,284.30224609375,50,0.7462821243722236,"[""DDoS"", ""DoS"", ""Mirai"", ""Recon"", ""Spoofing"", ""Benign"", ""Web"", ""BruteForce""]","[351008, 113205, 105031, 40163, 55504, 35003, 2805, 1444]",,,,,,,
1a6f0a24c0c8,ciciot2023,grouped,fedbn_sfs,4,,main,0.7300872536375547,0.9487619587767346,0.7126683534140987,0.9461087147410128,0.09354539553000092,0.6136497590921249,0.8166340592762074,"[0.9853189217242033, 0.8964695689841888, 0.997732350685297, 0.7481009342530341, 0.9503470031545741, 0.9362872574514903, 0.045627376425855515, 0.14146341463414633]",201003,54600,106496,1.5710865700020804,1.5406600650021574,334.2295837019983,336.67004799842834,107.41544,1504.43359375,281.29248046875,50,0.7266104623210018,"[""DDoS"", ""DoS"", ""Mirai"", ""Recon"", ""Spoofing"", ""Benign"", ""Web"", ""BruteForce""]","[351004, 113198, 105029, 40163, 55508, 35004, 2803, 1444]",,,,,,,
fb8ae361a894,ciciot2023,grouped,fedlc_sfs,0,,main,0.589196913333189,0.7638787999402955,0.5782776931244263,0.7666065462670697,0.1406599909675611,0.4730659021398673,0.6637207479779759,"[0.7888070427596119, 0.5879695525713224, 0.9946978791516606, 0.44090432960893855, 0.8780918727915195, 0.6544308861772354, 0.12484076433121019, 0.15647921760391198]",200990,54600,106496,1.614593839999543,1.5455947400005243,351.67750756499936,353.57244396209717,109.20744,1563.13671875,286.15234375,30,0.5938991963463113,"[""DDoS"", ""DoS"", ""Mirai"", ""Recon"", ""Spoofing"", ""Benign"", ""Web"", ""BruteForce""]","[351012, 113199, 105024, 40159, 55508, 35004, 2810, 1446]",,,,,,,
d42934bcef68,ciciot2023,grouped,fedlc_sfs,1,,main,0.609416725840048,0.8395484329988209,0.5961095089651686,0.8236742195655873,0.08557457212713937,0.4994139667571884,0.6561104890895603,"[0.9852091379981437, 0.41995977100417764, 0.9945305986326497, 0.711054837582955, 0.607496687070108, 0.8794758951790358, 0.0, 0.17114914425427874]",200989,54600,106496,1.253224240003874,1.5269929899977797,345.82726288300273,347.60667634010315,109.20744,1562.4375,289.52197265625,50,0.6123764238221145,"[""DDoS"", ""DoS"", ""Mirai"", ""Recon"", ""Spoofing"", ""Benign"", ""Web"", ""BruteForce""]","[351006, 113205, 105032, 40163, 55513, 35005, 2810, 1446]",,,,,,,
4a14213c850c,ciciot2023,grouped,fedlc_sfs,2,,main,0.6186055629211714,0.7848613902764234,0.6238282948760778,0.7910446952699398,0.18881740652465367,0.4470377537288109,0.68007057960204,"[0.7941552219738103, 0.7118455254363164, 0.9921635320794985, 0.7250982103884767, 0.5125536209941963, 0.8771754350870175, 0.1951530612244898, 0.18248175182481752]",200996,54600,106496,1.1876993949999815,1.6079239200007578,347.45217607199356,349.1988031864166,109.20744,1554.2890625,284.38720703125,45,0.614798530309016,"[""DDoS"", ""DoS"", ""Mirai"", ""Recon"", ""Spoofing"", ""Benign"", ""Web"", ""BruteForce""]","[351006, 113204, 105025, 40160, 55502, 35004, 2811, 1443]",,,,,,,
b41b64ee79ad,ciciot2023,grouped,fedlc_sfs,3,,main,0.5811563999187341,0.8001194029850747,0.576597951034809,0.798754383604479,0.09224650241426272,0.4961932433808638,0.6909600076529939,"[0.8828220124154175, 0.5814277315344865, 0.9931965982991495, 0.41215508208173246, 0.5829916093621853, 0.9756975697569757, 0.008883248730964468, 0.17560975609756097]",201000,54600,106496,1.3668547199995373,1.1981895500002793,345.0142435790003,346.76313972473145,109.20744,1556.83203125,283.93115234375,45,0.5808899713817888,"[""DDoS"", ""DoS"", ""Mirai"", ""Recon"", ""Spoofing"", ""Benign"", ""Web"", ""BruteForce""]","[351008, 113205, 105031, 40163, 55504, 35003, 2805, 1444]",,,,,,,
9323fdd25feb,ciciot2023,grouped,fedlc_sfs,4,,main,0.6118428421298919,0.825619518116645,0.6092144154011633,0.8261045473017476,0.07833627005471575,0.4690447135998046,0.7017331168317793,"[0.8629000868289469, 0.7191435378569881, 0.9951312235301965, 0.5060682790535231, 0.7191167192429022, 0.9146829365873175, 0.015209125475285171, 0.14146341463414633]",201003,54600,106496,1.6348093749957116,1.691459895000662,340.84543107599984,342.7510528564453,109.20744,1568.71875,280.92138671875,40,0.6103042323291403,"[""DDoS"", ""DoS"", ""Mirai"", ""Recon"", ""Spoofing"", ""Benign"", ""Web"", ""BruteForce""]","[351004, 113198, 105029, 40163, 55508, 35004, 2803, 1444]",,,,,,,
2e68bde637d6,ciciot2023,grouped,fedrs_sfs,0,,main,0.5917462998797435,0.8040997064530574,0.5866157463070696,0.7976595512560344,0.07823960880195599,0.4881507778163112,0.6903435886311039,"[0.8956861101129876, 0.5066526393960022, 0.9931972789115646, 0.7426675977653632, 0.5417718324078749, 0.8564712942588518, 0.0, 0.15647921760391198]",200990,54600,106496,1.4022192700031155,1.4767291450016273,361.5647557379989,363.3772964477539,109.20744,1529.8359375,286.15234375,50,0.5969122357016519,"[""DDoS"", ""DoS"", ""Mirai"", ""Recon"", ""Spoofing"", ""Benign"", ""Web"", ""BruteForce""]","[351012, 113199, 105024, 40159, 55508, 35004, 2810, 1446]",,,,,,,
5a1fdbeb86f8,ciciot2023,grouped,fedrs_sfs,1,,main,0.5635866584019267,0.8034718317917896,0.5523137115613339,0.7677012277755341,0.08557457212713937,0.439753144379783,0.615109208704087,"[0.9985728115612243, 0.21370880396100883, 0.992429548107387, 0.5943066713237862, 0.5837697987000694, 0.8645729145829166, 0.0, 0.17114914425427874]",200989,54600,106496,1.439956815002006,1.2405739300038476,353.4804782750007,355.283784866333,109.20744,1530.171875,289.52197265625,35,0.5654130916281375,"[""DDoS"", ""DoS"", ""Mirai"", ""Recon"", ""Spoofing"", ""Benign"", ""Web"", ""BruteForce""]","[351006, 113205, 105032, 40163, 55513, 35005, 2810, 1446]",,,,,,,
004d848530af,ciciot2023,grouped,fedrs_sfs,2,,main,0.5671170952624607,0.7723238273398476,0.5619357796374621,0.7769980310619158,0.09761842693281692,0.4459757891416284,0.6528436220925772,"[0.7925682689236666, 0.718591409827949, 0.9927637721755369, 0.8702749890877346, 0.6011859702245773, 0.32486497299459893, 0.012755102040816327, 0.18248175182481752]",200996,54600,106496,1.2188299799981905,1.277099405001536,351.2816056649972,353.0024456977844,109.20744,1520.41015625,284.38720703125,45,0.5581910225096636,"[""DDoS"", ""DoS"", ""Mirai"", ""Recon"", ""Spoofing"", ""Benign"", ""Web"", ""BruteForce""]","[351006, 113204, 105025, 40160, 55502, 35004, 2811, 1443]",,,,,,,
9900a331a575,ciciot2023,grouped,fedrs_sfs,3,,main,0.5778888442384493,0.8056865671641791,0.6087222341100569,0.8053699542367216,0.20812182741116753,0.5002564131134154,0.7000710081948187,"[0.8939100580849917, 0.5664820373178203, 0.9940636985159246, 0.536500174641984, 0.5407860702794777, 0.9217921792179218, 0.41624365482233505, 0.0]",201000,54600,106496,1.51119888500034,1.507918479996988,347.66462369000146,349.5833125114441,109.20744,1523.640625,283.93115234375,50,0.5813222109749904,"[""DDoS"", ""DoS"", ""Mirai"", ""Recon"", ""Spoofing"", ""Benign"", ""Web"", ""BruteForce""]","[351008, 113205, 105031, 40163, 55504, 35003, 2805, 1444]",,,,,,,
e59c4d3f81e9,ciciot2023,grouped,fedrs_sfs,4,,main,0.6171843754314829,0.8279876419754929,0.606350219778616,0.8271402141683865,0.07073170731707316,0.45442742988754564,0.7013673447928396,"[0.8684790961805243, 0.6804047154924348, 0.9931970520558909, 0.7126517069763381, 0.8326813880126183, 0.6219243848769754, 0.0, 0.14146341463414633]",201003,54600,106496,1.277763115003836,1.5508000549971257,350.5368014270007,352.33192586898804,109.20744,1536.66015625,280.92138671875,40,0.6186912715105438,"[""DDoS"", ""DoS"", ""Mirai"", ""Recon"", ""Spoofing"", ""Benign"", ""Web"", ""BruteForce""]","[351004, 113198, 105029, 40163, 55508, 35004, 2803, 1444]",,,,,,,
a33031f2d92c,edgeiiot,fine,centralised,0,,main,0.8867277925987994,0.9359229215428516,0.8771641377076292,0.9351138514400159,0.7177341430350055,0.8867277925987994,0.8867277925987994,"[0.9998999699909973, 1.0, 0.9997791356843113, 1.0, 0.9289026275115919, 0.7033864934042134, 0.8796942505815886, 0.8957597173144877, 0.9314440508439258, 0.8814985475308024, 0.4702842377260982, 0.9997495617330328, 0.9461053894610539, 0.5209580838323353, 1.0]",124756,67599,132480,1.4672865300008198,1.1213058800012732,248.71604564299923,249.68194389343262,0.0,1804.96875,425.78125,25,0.8767837265978535,"[""Normal"", ""DDoS_UDP"", ""DDoS_ICMP"", ""DDoS_TCP"", ""DDoS_HTTP"", ""SQL_injection"", ""XSS"", ""Uploading"", ""Backdoor"", ""Password"", ""Ransomware"", ""Port_Scanning"", ""Vulnerability_scanner"", ""Fingerprinting"", ""MITM""]","[70011, 70013, 47567, 35050, 33989, 35592, 10555, 25772, 16831, 34962, 6788, 13988, 35028, 604, 257]",,,,,,,
b48bfe8c568a,edgeiiot,fine,centralised,1,,main,0.8887907060757022,0.9371949313520402,0.8815997267083239,0.9370344338962024,0.742170671287689,0.8887907060757022,0.8887907060757022,"[1.0, 1.0, 0.9997055142457484, 1.0, 0.9108706852138073, 0.7398149970478253, 0.9045877659574468, 0.8942359978249048, 0.8832223147377186, 0.8776041666666666, 0.537467700258398, 0.9997495617330328, 0.9501099780043991, 0.5266272189349113, 1.0]",124767,67599,132480,1.4499866849973841,1.5702963249987079,249.22973232999811,250.33087253570557,0.0,1805.8125,425.7763671875,15,0.8909149331759608,"[""Normal"", ""DDoS_UDP"", ""DDoS_ICMP"", ""DDoS_TCP"", ""DDoS_HTTP"", ""SQL_injection"", ""XSS"", ""Uploading"", ""Backdoor"", ""Password"", ""Ransomware"", ""Port_Scanning"", ""Vulnerability_scanner"", ""Fingerprinting"", ""MITM""]","[70010, 70008, 47566, 35054, 33988, 35585, 10555, 25776, 16821, 34960, 6790, 13989, 35025, 600, 254]",,,,,,,
c66b9bb6ae09,edgeiiot,fine,centralised,2,,main,0.8866845907477399,0.9371959380935969,0.8798011174729722,0.9366382082331995,0.7345316728590432,0.8866845907477399,0.8866845907477399,"[0.9999499874968742, 1.0, 0.9997055792727808, 1.0, 0.9054095826893354, 0.9054932073242764, 0.9093023255813953, 0.8939929328621908, 0.8958983968353113, 0.7112803045481867, 0.5317829457364341, 0.9997495617330328, 0.9474105178964207, 0.4970414201183432, 1.0]",124769,67599,132480,1.1297967500013328,1.1512208400017698,247.74824035400343,248.63477969169617,0.0,1804.51953125,425.77587890625,30,0.8802213935666495,"[""Normal"", ""DDoS_UDP"", ""DDoS_ICMP"", ""DDoS_TCP"", ""DDoS_HTTP"", ""SQL_injection"", ""XSS"", ""Uploading"", ""Backdoor"", ""Password"", ""Ransomware"", ""Port_Scanning"", ""Vulnerability_scanner"", ""Fingerprinting"", ""MITM""]","[70012, 70013, 47562, 35049, 33988, 35593, 10552, 25773, 16824, 34964, 6788, 13989, 35024, 600, 254]",,,,,,,
cc8f9195fee7,edgeiiot,fine,centralised,3,,main,0.8820979953964175,0.9350577522704137,0.8747719591398927,0.9347840719772343,0.7276568685056902,0.8820979953964175,0.8820979953964175,"[1.0, 1.0, 0.9995582063176497, 1.0, 0.9309563066776587, 0.7842094900570978, 0.8693484042553191, 0.8739975533505505, 0.8540191586838817, 0.8236001202043474, 0.5829457364341085, 1.0, 0.9446110777844431, 0.4583333333333333, 1.0]",124757,67599,132480,1.227752204999888,1.157353435000914,241.8546658540008,242.83781051635742,0.0,1805.44140625,425.78076171875,30,0.8829424627843727,"[""Normal"", ""DDoS_UDP"", ""DDoS_ICMP"", ""DDoS_TCP"", ""DDoS_HTTP"", ""SQL_injection"", ""XSS"", ""Uploading"", ""Backdoor"", ""Password"", ""Ransomware"", ""Port_Scanning"", ""Vulnerability_scanner"", ""Fingerprinting"", ""MITM""]","[70014, 70010, 47570, 35054, 33989, 35594, 10556, 25775, 16824, 34960, 6787, 13988, 35025, 602, 254]",,,,,,,
b7347e6a6c35,edgeiiot,fine,centralised,4,,main,0.8865550451234114,0.934371042464853,0.876455901028064,0.9339960894835411,0.7280254726789784,0.8865550451234114,0.8865550451234114,"[1.0, 1.0, 0.9997791519434629, 1.0, 0.9421947449768161, 0.692875418224759, 0.8441860465116279, 0.893284393692224, 0.8883798417326114, 0.8815104166666666, 0.5796277145811789, 1.0, 0.9367126574685063, 0.5029940119760479, 0.9852941176470589]",124762,67599,132480,1.6449526650012558,1.180129310000666,243.4403698850001,244.48381066322327,0.0,1804.515625,425.77880859375,30,0.8843251412664698,"[""Normal"", ""DDoS_UDP"", ""DDoS_ICMP"", ""DDoS_TCP"", ""DDoS_HTTP"", ""SQL_injection"", ""XSS"", ""Uploading"", ""Backdoor"", ""Password"", ""Ransomware"", ""Port_Scanning"", ""Vulnerability_scanner"", ""Fingerprinting"", ""MITM""]","[70012, 70011, 47566, 35050, 33989, 35586, 10552, 25775, 16826, 34959, 6791, 13995, 35025, 605, 256]",,,,,,,
f3db83a2a43f,edgeiiot,fine,fedavg,0,,ablation;main;sensitivity,0.7224230553485612,0.8784507358363526,0.7302452975565908,0.8807942652733994,0.3585917634692821,0.592297785171016,0.7654044039280634,"[0.9371311393418026, 0.9999499849954987, 1.0, 0.9999000899190729, 0.6939721792890263, 0.8047844063792085, 0.9840478564307079, 0.5150856210926882, 0.9399874973952906, 0.7376540118200942, 0.4062015503875969, 0.9927372902579514, 0.8981101889811018, 0.0, 0.04411764705882353]",124756,67599,132480,1.2215955100009523,1.166549024997039,205.62698374999854,207.21161699295044,135.198,1538.37890625,334.35498046875,45,0.7154462651992132,"[""Normal"", ""DDoS_UDP"", ""DDoS_ICMP"", ""DDoS_TCP"", ""DDoS_HTTP"", ""SQL_injection"", ""XSS"", ""Uploading"", ""Backdoor"", ""Password"", ""Ransomware"", ""Port_Scanning"", ""Vulnerability_scanner"", ""Fingerprinting"", ""MITM""]","[70011, 70013, 47567, 35050, 33989, 35592, 10555, 25772, 16831, 34962, 6788, 13988, 35028, 604, 257]",,,,,,,
cffbdd6e6ab9,edgeiiot,fine,fedavg,1,,ablation;main;sensitivity,0.7276647758337325,0.8406790257039121,0.7271546015786551,0.8304182794177185,0.41474408692126397,0.4456747976383734,0.7435430944038744,"[0.9572893223305826, 0.8939234808702176, 0.9997055142457484, 0.9999000699510343, 0.8869654817104585, 0.7578232631371777, 0.13863031914893617, 0.6699293094072866, 0.8830141548709409, 0.43770032051282054, 0.5638242894056847, 0.791885800150263, 0.9702059588082383, 0.0, 0.9565217391304348]",124767,67599,132480,1.51460378000138,1.5032866399997147,208.87323396599822,210.66217589378357,135.198,1538.640625,321.66064453125,45,0.7267924511406133,"[""Normal"", ""DDoS_UDP"", ""DDoS_ICMP"", ""DDoS_TCP"", ""DDoS_HTTP"", ""SQL_injection"", ""XSS"", ""Uploading"", ""Backdoor"", ""Password"", ""Ransomware"", ""Port_Scanning"", ""Vulnerability_scanner"", ""Fingerprinting"", ""MITM""]","[70010, 70008, 47566, 35054, 33988, 35585, 10555, 25776, 16821, 34960, 6790, 13989, 35025, 600, 254]",,,,,,,
15c1b587af7f,edgeiiot,fine,fedavg,2,,ablation;main;sensitivity,0.7211133152587915,0.7715458166692047,0.7119770268432557,0.7583033452944739,0.5356528534077729,0.45747926558541807,0.7033317910076153,"[0.9515378844711178, 0.977743322996899, 0.39533343147357575, 0.9898101898101898, 0.18104070066975786, 0.8813742862768261, 0.6920265780730896, 0.6792606686599619, 0.979596085779721, 0.5490883590462833, 0.4170542635658915, 0.9997495617330328, 0.9525094981003799, 0.3668639053254438, 0.6666666666666666]",124769,67599,132480,1.6227162199993472,1.5767781400018066,204.0851392489967,205.9264760017395,135.198,1533.140625,332.45166015625,45,0.7262765535962029,"[""Normal"", ""DDoS_UDP"", ""DDoS_ICMP"", ""DDoS_TCP"", ""DDoS_HTTP"", ""SQL_injection"", ""XSS"", ""Uploading"", ""Backdoor"", ""Password"", ""Ransomware"", ""Port_Scanning"", ""Vulnerability_scanner"", ""Fingerprinting"", ""MITM""]","[70012, 70013, 47562, 35049, 33988, 35593, 10552, 25773, 16824, 34964, 6788, 13989, 35024, 600, 254]",,,,,,,
85bb9b0ff51e,edgeiiot,fine,fedavg,3,,ablation;main,0.8196241232794107,0.9144496901977445,0.7977139493556088,0.9118224498934816,0.5164658894858813,0.562037440698833,0.7484385509597191,"[0.9998499474816186, 0.9791447861965491, 1.0, 0.9999000799360511, 0.8190436933223413, 0.8404213427840126, 0.7363696808510638, 0.5197770830501564, 0.9506455643481883, 0.8047681057798257, 0.9726098191214471, 0.9954932398597897, 0.9908018396320736, 0.125, 0.2318840579710145]",124757,67599,132480,1.5826678849998643,1.6370102799965025,207.66554245299358,209.51733684539795,135.198,1533.1875,331.98486328125,50,0.8208960519971732,"[""Normal"", ""DDoS_UDP"", ""DDoS_ICMP"", ""DDoS_TCP"", ""DDoS_HTTP"", ""SQL_injection"", ""XSS"", ""Uploading"", ""Backdoor"", ""Password"", ""Ransomware"", ""Port_Scanning"", ""Vulnerability_scanner"", ""Fingerprinting"", ""MITM""]","[70014, 70010, 47570, 35054, 33989, 35594, 10556, 25775, 16824, 34960, 6787, 13988, 35025, 602, 254]",,,,,,,
16b00ed9a006,edgeiiot,fine,fedavg,4,,ablation;main,0.689977535410668,0.7180712075792308,0.6663579609265724,0.7271328536489512,0.49952315622168114,0.37404226748830244,0.6358567577554128,"[0.8742122636791038, 0.6603150787696924, 0.7996908127208481, 0.7578179638325507, 0.23637300360638847, 0.97598897854753, 0.21196013289036544, 0.44766177270255575, 0.8721366097459392, 0.7196514423076923, 0.7487073422957601, 0.8553884711779448, 0.7980403919216157, 0.2874251497005988, 0.75]",124762,67599,132480,1.4904759650016786,1.5378041199983272,213.89982421399964,215.68388891220093,135.198,1533.015625,327.28076171875,40,0.6935624869240044,"[""Normal"", ""DDoS_UDP"", ""DDoS_ICMP"", ""DDoS_TCP"", ""DDoS_HTTP"", ""SQL_injection"", ""XSS"", ""Uploading"", ""Backdoor"", ""Password"", ""Ransomware"", ""Port_Scanning"", ""Vulnerability_scanner"", ""Fingerprinting"", ""MITM""]","[70012, 70011, 47566, 35050, 33989, 35586, 10552, 25775, 16826, 34959, 6791, 13995, 35025, 605, 256]",,,,,,,
829fa0bb63e2,edgeiiot,fine,fedprox,0,,main,0.7729287032161725,0.8619304883131873,0.7701891265480458,0.8619178757649876,0.4946867730142904,0.6152807148820113,0.7480813597302244,"[0.7277683304991498, 1.0, 0.9999263785614371, 0.9999000899190729, 0.8866563626996393, 0.9192754479228195, 0.7248255234297108, 0.6032889372111987, 0.8933111064805168, 0.6280677151156967, 0.5333333333333333, 0.9929877285249186, 0.9229077092290771, 0.0, 0.7205882352941176]",124756,67599,132480,1.691177595002955,1.535319609997714,334.55070151199743,336.43655371665955,135.198,1592.921875,334.35498046875,30,0.7784368325714668,"[""Normal"", ""DDoS_UDP"", ""DDoS_ICMP"", ""DDoS_TCP"", ""DDoS_HTTP"", ""SQL_injection"", ""XSS"", ""Uploading"", ""Backdoor"", ""Password"", ""Ransomware"", ""Port_Scanning"", ""Vulnerability_scanner"", ""Fingerprinting"", ""MITM""]","[70011, 70013, 47567, 35050, 33989, 35592, 10555, 25772, 16831, 34962, 6788, 13988, 35028, 604, 257]",,,,,,,
54ed9b37dad2,edgeiiot,fine,fedprox,1,,main,0.7489236244724892,0.8536471983777761,0.7440700334867835,0.8427936745374554,0.474961277369942,0.5549538406361908,0.7646487824327263,"[0.9952988247061766, 0.9289322330582646, 0.9997791356843113, 1.0, 0.9544564657393096, 0.7180673095847274, 0.13198138297872342, 0.6256117455138662, 0.8644879267277269, 0.46484375, 0.7462532299741602, 0.7538191835712497, 0.9559088182363528, 0.0650887573964497, 0.9565217391304348]",124767,67599,132480,1.4350798150007904,1.5032634699991831,330.45549209100227,332.21690678596497,135.198,1593.11328125,321.66064453125,45,0.7519855723416978,"[""Normal"", ""DDoS_UDP"", ""DDoS_ICMP"", ""DDoS_TCP"", ""DDoS_HTTP"", ""SQL_injection"", ""XSS"", ""Uploading"", ""Backdoor"", ""Password"", ""Ransomware"", ""Port_Scanning"", ""Vulnerability_scanner"", ""Fingerprinting"", ""MITM""]","[70010, 70008, 47566, 35054, 33988, 35585, 10555, 25776, 16821, 34960, 6790, 13989, 35025, 600, 254]",,,,,,,
a50dcc1f337f,edgeiiot,fine,fedprox,2,,main,0.6680262572349189,0.7487917671857592,0.6565214092653342,0.7370982466408195,0.37437291088609437,0.49782478140774544,0.7066515181796249,"[0.9489372343085771, 0.9993498049414824, 0.21389665832474605, 1.0, 0.5263266357547656, 0.7999606221697184, 0.26312292358803985, 0.26773579777113343, 0.9789714761607329, 0.6623923061510719, 0.33281653746770024, 0.9997495617330328, 0.9530093981203759, 0.14792899408284024, 0.7536231884057971]",124769,67599,132480,1.3649393750029049,1.1553910049997285,329.3497873999995,331.0150353908539,135.198,1588.359375,332.45166015625,45,0.67352435358782,"[""Normal"", ""DDoS_UDP"", ""DDoS_ICMP"", ""DDoS_TCP"", ""DDoS_HTTP"", ""SQL_injection"", ""XSS"", ""Uploading"", ""Backdoor"", ""Password"", ""Ransomware"", ""Port_Scanning"", ""Vulnerability_scanner"", ""Fingerprinting"", ""MITM""]","[70012, 70013, 47562, 35049, 33988, 35593, 10552, 25773, 16824, 34964, 6788, 13989, 35024, 600, 254]",,,,,,,
0091962ba737,edgeiiot,fine,fedprox,3,,main,0.832735886485741,0.9021858492910217,0.8332440623017309,0.9009636321720734,0.693881253182167,0.5751969559436972,0.7290910383354596,"[0.9975491421997699, 0.9980495123780945, 0.9998527354392166, 0.9149680255795364, 0.892724649629019, 0.9549123843276236, 0.9242021276595744, 0.6888677450047573, 0.9416909620991254, 0.44155063608133827, 0.9147286821705426, 0.9992488733099649, 0.8937212557488502, 0.125, 0.8115942028985508]",124757,67599,132480,1.3321791399994254,1.1402086299995062,330.0772586480025,331.76220989227295,135.198,1587.5078125,331.98486328125,40,0.8391271298742391,"[""Normal"", ""DDoS_UDP"", ""DDoS_ICMP"", ""DDoS_TCP"", ""DDoS_HTTP"", ""SQL_injection"", ""XSS"", ""Uploading"", ""Backdoor"", ""Password"", ""Ransomware"", ""Port_Scanning"", ""Vulnerability_scanner"", ""Fingerprinting"", ""MITM""]","[70014, 70010, 47570, 35054, 33989, 35594, 10556, 25775, 16824, 34960, 6787, 13988, 35025, 602, 254]",,,,,,,
f1157f7e7567,edgeiiot,fine,fedprox,4,,main,0.6968947391999757,0.7722623875859637,0.708312423353931,0.7501006827167421,0.6740014538678318,0.377444326762128,0.6331550484150827,"[0.9668400520156046, 0.9012253063265816, 0.9927856301531213, 0.9965031471675492, 0.1338485316846986, 0.9999015941743751, 0.8591362126245847, 0.19603045133224578, 0.6453561016243232, 0.37289663461538464, 0.921406411582213, 0.9769423558897243, 0.7463507298540292, 0.20958083832335328, 0.7058823529411765]",124762,67599,132480,1.2083630399956746,1.3569452599995202,335.846708047,337.4814658164978,135.198,1586.38671875,327.28076171875,30,0.6983996693574923,"[""Normal"", ""DDoS_UDP"", ""DDoS_ICMP"", ""DDoS_TCP"", ""DDoS_HTTP"", ""SQL_injection"", ""XSS"", ""Uploading"", ""Backdoor"", ""Password"", ""Ransomware"", ""Port_Scanning"", ""Vulnerability_scanner"", ""Fingerprinting"", ""MITM""]","[70012, 70011, 47566, 35050, 33989, 35586, 10552, 25775, 16826, 34959, 6791, 13995, 35025, 605, 256]",,,,,,,
595d1da69f05,edgeiiot,fine,scaffold,0,,main;plugin;sensitivity,0.9089162417279931,0.9535493282888198,0.9205937884659174,0.953858292116915,0.8428263143772045,0.7016448976868023,0.82633857157597,"[0.9956987096128839, 0.9999499849954987, 0.9978649782816756, 0.9998001798381456, 0.8418341061308604, 0.9156329986217759, 0.936856098371552, 0.8765969013318836, 0.9291519066472181, 0.9293799459080436, 0.6511627906976745, 0.9929877285249186, 0.9587041295870413, 0.8862275449101796, 0.8970588235294118]",124756,67599,132480,1.4425612300055946,1.2991832700026862,208.1426176040004,210.15899848937988,270.396,1537.18359375,339.7998046875,50,0.8987102283654502,"[""Normal"", ""DDoS_UDP"", ""DDoS_ICMP"", ""DDoS_TCP"", ""DDoS_HTTP"", ""SQL_injection"", ""XSS"", ""Uploading"", ""Backdoor"", ""Password"", ""Ransomware"", ""Port_Scanning"", ""Vulnerability_scanner"", ""Fingerprinting"", ""MITM""]","[70011, 70013, 47567, 35050, 33989, 35592, 10555, 25772, 16831, 34962, 6788, 13988, 35028, 604, 257]",,,,,,,
26da0084de4e,edgeiiot,fine,scaffold,1,,main;plugin;sensitivity,0.786567338359492,0.8471871568603878,0.7825819116839923,0.8438723486639917,0.5801557603386117,0.5760017980931813,0.775508973238569,"[0.9990497624406102, 0.71487871967992, 0.9994110284914968, 0.9984011192165484, 0.9131375579598145, 0.854359378075182, 0.679188829787234, 0.6042686242523111, 0.9810574521232306, 0.4894831730769231, 0.6816537467700259, 0.9649386426245931, 0.8991201759648071, 0.01775147928994083, 0.9420289855072463]",124767,67599,132480,1.5557689249999385,1.3306392800041067,210.53264585800025,212.54444336891174,270.396,1532.02734375,327.10546875,50,0.7847410057380002,"[""Normal"", ""DDoS_UDP"", ""DDoS_ICMP"", ""DDoS_TCP"", ""DDoS_HTTP"", ""SQL_injection"", ""XSS"", ""Uploading"", ""Backdoor"", ""Password"", ""Ransomware"", ""Port_Scanning"", ""Vulnerability_scanner"", ""Fingerprinting"", ""MITM""]","[70010, 70008, 47566, 35054, 33988, 35585, 10555, 25776, 16821, 34960, 6790, 13989, 35025, 600, 254]",,,,,,,
d180cc5ae475,edgeiiot,fine,scaffold,2,,main;plugin;sensitivity,0.8547575427365369,0.8929461645120182,0.8434417551099821,0.8896818643889977,0.7308972283927562,0.5177114615358273,0.7720261103115251,"[0.9798449612403101, 0.999849954986496, 0.9903577211835713, 0.9996003996003996, 0.9091190108191654, 0.8227997637330183, 0.2777408637873754, 0.4215819516172873, 0.9335831771809285, 0.7202965337607694, 0.965374677002584, 0.9969947407963937, 0.9540091981603679, 0.6804733727810651, 1.0]",124769,67599,132480,1.651154850005696,1.2897464649995527,210.10925875498833,212.25855040550232,270.396,1528.03515625,337.896484375,40,0.8546997298400453,"[""Normal"", ""DDoS_UDP"", ""DDoS_ICMP"", ""DDoS_TCP"", ""DDoS_HTTP"", ""SQL_injection"", ""XSS"", ""Uploading"", ""Backdoor"", ""Password"", ""Ransomware"", ""Port_Scanning"", ""Vulnerability_scanner"", ""Fingerprinting"", ""MITM""]","[70012, 70013, 47562, 35049, 33988, 35593, 10552, 25773, 16824, 34964, 6788, 13989, 35024, 600, 254]",,,,,,,
16fa684d68ec,edgeiiot,fine,scaffold,3,,main;plugin,0.8879240961463435,0.9200766289667113,0.8800516380284992,0.9210445297505883,0.7990643882244541,0.6030949130773557,0.7715142069625971,"[0.9874956234682138, 1.0, 1.0, 0.9990007993605116, 0.9259068425391591, 0.6912778105926364, 0.8899601063829787, 0.7664809025417969, 0.9847980008329863, 0.760993689271762, 0.9111111111111111, 0.9947421131697546, 0.8938212357528494, 0.48214285714285715, 0.9130434782608695]",124757,67599,132480,1.1263732349925704,1.1695955300001515,207.36640150699532,209.20281505584717,270.396,1527.77734375,337.4296875,45,0.8909331751332629,"[""Normal"", ""DDoS_UDP"", ""DDoS_ICMP"", ""DDoS_TCP"", ""DDoS_HTTP"", ""SQL_injection"", ""XSS"", ""Uploading"", ""Backdoor"", ""Password"", ""Ransomware"", ""Port_Scanning"", ""Vulnerability_scanner"", ""Fingerprinting"", ""MITM""]","[70014, 70010, 47570, 35054, 33989, 35594, 10556, 25775, 16824, 34960, 6787, 13988, 35025, 602, 254]",,,,,,,
434ad9172095,edgeiiot,fine,scaffold,4,,main;plugin,0.8586729975256692,0.8921706929994709,0.8647559994387316,0.8904172483821776,0.8420545879080774,0.5745142877739821,0.7596463356714219,"[0.9585875762728818, 0.950787696924231, 0.9892520612485277, 0.9415526026576082, 0.5872230808861412, 0.9450895493013186, 0.9877076411960133, 0.49782490483958675, 0.9681382757184507, 0.8344350961538461, 0.9472595656670114, 0.987719298245614, 0.9425114977004599, 0.5508982035928144, 0.8823529411764706]",124762,67599,132480,1.2117622200003098,1.4033010549974279,213.80416136400163,215.73776245117188,270.396,1525.796875,332.7255859375,35,0.8590098716658353,"[""Normal"", ""DDoS_UDP"", ""DDoS_ICMP"", ""DDoS_TCP"", ""DDoS_HTTP"", ""SQL_injection"", ""XSS"", ""Uploading"", ""Backdoor"", ""Password"", ""Ransomware"", ""Port_Scanning"", ""Vulnerability_scanner"", ""Fingerprinting"", ""MITM""]","[70012, 70011, 47566, 35050, 33989, 35586, 10552, 25775, 16826, 34959, 6791, 13995, 35025, 605, 256]",,,,,,,
2314401142c8,edgeiiot,fine,fedbn,0,,main,0.9061948032041945,0.9661980185321748,0.8864845009028137,0.9652430491164842,0.6621530700645899,0.7172404157973941,0.8541660140442827,"[0.9999499849954987, 1.0, 0.9999263785614371, 0.9998001798381456, 0.9826893353941267, 0.9596377239614097, 0.9787304752409438, 0.9570535471595543, 0.946238799749948, 0.8309125513372734, 0.5111111111111111, 0.9967443025294265, 0.9757024297570243, 0.49700598802395207, 0.6617647058823529]",124756,67599,132480,1.4448382349974054,1.4122717649979677,207.9839435570011,210.21764063835144,133.406,1525.14453125,334.72607421875,50,0.9005947445946305,"[""Normal"", ""DDoS_UDP"", ""DDoS_ICMP"", ""DDoS_TCP"", ""DDoS_HTTP"", ""SQL_injection"", ""XSS"", ""Uploading"", ""Backdoor"", ""Password"", ""Ransomware"", ""Port_Scanning"", ""Vulnerability_scanner"", ""Fingerprinting"", ""MITM""]","[70011, 70013, 47567, 35050, 33989, 35592, 10555, 25772, 16831, 34962, 6788, 13988, 35028, 604, 257]",,,,,,,
2da770caccf8,edgeiiot,fine,fedbn,1,,main,0.9388828892131138,0.9613760048730834,0.9318917565276229,0.9612950220180733,0.8708525778210567,0.7357271674455178,0.8822192090847981,"[1.0, 1.0, 0.999190164175808, 0.9997002098531028, 0.9755795981452859, 0.9066128714819918, 0.897938829787234, 0.8896139206090267, 0.9331806827643631, 0.8318309294871795, 0.9839793281653747, 0.9997495617330328, 0.9595080983803239, 0.6449704142011834, 0.9565217391304348]",124767,67599,132480,1.5009656700021878,1.4324255399969843,212.09089112499714,214.48502278327942,133.406,1526.8046875,322.03173828125,40,0.9436136927075065,"[""Normal"", ""DDoS_UDP"", ""DDoS_ICMP"", ""DDoS_TCP"", ""DDoS_HTTP"", ""SQL_injection"", ""XSS"", ""Uploading"", ""Backdoor"", ""Password"", ""Ransomware"", ""Port_Scanning"", ""Vulnerability_scanner"", ""Fingerprinting"", ""MITM""]","[70010, 70008, 47566, 35054, 33988, 35585, 10555, 25776, 16821, 34960, 6790, 13989, 35025, 600, 254]",,,,,,,
de799dae16da,edgeiiot,fine,fedbn,2,,main,0.9498494969209857,0.979594290248379,0.9352403604748424,0.9794853965658624,0.8188552641088225,0.6475953929742653,0.8318099150097028,"[0.9998499624906226, 1.0, 0.9997791844545856, 1.0, 0.9798042246264812, 0.9183894467414846, 0.9956810631229236, 0.964256591465072, 0.9893816364772018, 0.9270687237026648, 0.9421188630490956, 0.9997495617330328, 0.9749050189962007, 0.4970414201183432, 0.8405797101449275]",124769,67599,132480,1.7075105699950655,1.703422814998703,209.6789774889976,212.22511458396912,133.406,1521.15234375,332.82275390625,45,0.9448587350092116,"[""Normal"", ""DDoS_UDP"", ""DDoS_ICMP"", ""DDoS_TCP"", ""DDoS_HTTP"", ""SQL_injection"", ""XSS"", ""Uploading"", ""Backdoor"", ""Password"", ""Ransomware"", ""Port_Scanning"", ""Vulnerability_scanner"", ""Fingerprinting"", ""MITM""]","[70012, 70013, 47562, 35049, 33988, 35593, 10552, 25773, 16824, 34964, 6788, 13989, 35024, 600, 254]",,,,,,,
091ed3db1950,edgeiiot,fine,fedbn,3,,main,0.9467235934012269,0.9678895773383458,0.9397751597925101,0.9680542772463189,0.8847214864394868,0.6719906409192906,0.8466610728195496,"[0.9998999649877457, 1.0, 0.9999263677196083, 1.0, 0.9716611706512778, 0.9080527662925773, 0.9780585106382979, 0.8434144352317521, 0.9837567680133278, 0.9051387358509466, 0.993798449612403, 0.9884827240861291, 0.9574085182963408, 0.625, 0.9420289855072463]",124757,67599,132480,1.3399795299937978,1.3651406949975353,208.48087148499962,210.72963500022888,133.406,1520.99609375,332.35595703125,45,0.9531153956670003,"[""Normal"", ""DDoS_UDP"", ""DDoS_ICMP"", ""DDoS_TCP"", ""DDoS_HTTP"", ""SQL_injection"", ""XSS"", ""Uploading"", ""Backdoor"", ""Password"", ""Ransomware"", ""Port_Scanning"", ""Vulnerability_scanner"", ""Fingerprinting"", ""MITM""]","[70014, 70010, 47570, 35054, 33989, 35594, 10556, 25775, 16824, 34960, 6787, 13988, 35025, 602, 254]",,,,,,,
d1b1e93df4b4,edgeiiot,fine,fedbn,4,,main,0.9439544305646187,0.9750645228515092,0.9275009430210528,0.9750935603729232,0.7977207952462254,0.6778786364257449,0.8406742968908782,"[1.0, 1.0, 0.9999263839811543, 0.9967029673294036, 0.9984544049459042, 0.9360362133438299, 0.9006644518272425, 0.9139477977161501, 0.9937526030820492, 0.8900240384615384, 0.8841778697001034, 0.9944862155388471, 0.9983003399320136, 0.5089820359281437, 0.8970588235294118]",124762,67599,132480,1.5442033500039543,1.5560959049980738,211.74395183600245,214.17833614349365,133.406,1520.578125,327.65185546875,50,0.9456405749640012,"[""Normal"", ""DDoS_UDP"", ""DDoS_ICMP"", ""DDoS_TCP"", ""DDoS_HTTP"", ""SQL_injection"", ""XSS"", ""Uploading"", ""Backdoor"", ""Password"", ""Ransomware"", ""Port_Scanning"", ""Vulnerability_scanner"", ""Fingerprinting"", ""MITM""]","[70012, 70011, 47566, 35050, 33989, 35586, 10552, 25775, 16826, 34959, 6791, 13995, 35025, 605, 256]",,,,,,,
bcb13f3cbfb7,edgeiiot,fine,fedlc,0,,main;sensitivity,0.6302416170806461,0.6826445221071532,0.6747098938072803,0.6740958767777357,0.6342922782041472,0.6021685561868779,0.6775418153603111,"[0.47319195758727617, 0.7504251275382615, 0.9999263785614371, 0.939654311119992, 0.41947449768160744, 0.007974010632014175, 0.9770687936191426, 0.47485729817885297, 0.7191081475307356, 0.8980266452970049, 0.8248062015503876, 0.9897320310543452, 0.9111088891110889, 0.0, 0.7352941176470589]",124756,67599,132480,1.6189277050034434,1.6831497250041139,210.23313375600083,212.1391851902008,135.198,1591.08203125,334.35498046875,35,0.6357588366382452,"[""Normal"", ""DDoS_UDP"", ""DDoS_ICMP"", ""DDoS_TCP"", ""DDoS_HTTP"", ""SQL_injection"", ""XSS"", ""Uploading"", ""Backdoor"", ""Password"", ""Ransomware"", ""Port_Scanning"", ""Vulnerability_scanner"", ""Fingerprinting"", ""MITM""]","[70011, 70013, 47567, 35050, 33989, 35592, 10555, 25772, 16831, 34962, 6788, 13988, 35028, 604, 257]",,,,,,,
f3aa899ec300,edgeiiot,fine,fedlc,1,,main;sensitivity,0.6024474569785198,0.6611764328708714,0.6223287939469562,0.6578533111722301,0.38015772492691474,0.4644562481917489,0.6394077363205264,"[0.32138034508627156, 0.7234808702175544, 0.7828167562394169, 0.9997002098531028, 0.9336424523441526, 0.6920881716197599, 0.4867021276595745, 0.5051658510059815, 0.9144462947543713, 0.31580528846153844, 0.14987080103359174, 0.7435512146255948, 0.8822235552889423, 0.0, 0.8840579710144928]",124767,67599,132480,1.3080694749987742,1.5337624499989033,218.2331893049968,220.0522017478943,135.198,1592.2421875,321.66064453125,40,0.6006474634902836,"[""Normal"", ""DDoS_UDP"", ""DDoS_ICMP"", ""DDoS_TCP"", ""DDoS_HTTP"", ""SQL_injection"", ""XSS"", ""Uploading"", ""Backdoor"", ""Password"", ""Ransomware"", ""Port_Scanning"", ""Vulnerability_scanner"", ""Fingerprinting"", ""MITM""]","[70010, 70008, 47566, 35054, 33988, 35585, 10555, 25776, 16821, 34960, 6790, 13989, 35025, 600, 254]",,,,,,,
e3bf4c6a821d,edgeiiot,fine,fedlc,2,,main;sensitivity,0.565993332990714,0.5743734421210397,0.5690980500305968,0.578629228880964,0.5057068226684001,0.3927520054613359,0.5439063595289786,"[0.6220555138784696, 0.5623687106131839, 0.2104372147799205, 1.0, 0.08830499742400824, 0.26895058082299667, 0.43421926910299, 0.8123131285675456, 0.9042265250884863, 0.6834301743137647, 0.9364341085271318, 0.39944903581267216, 0.9621075784843032, 0.0, 0.6521739130434783]",124769,67599,132480,1.4365088249996916,1.1979151050036307,213.00302726800874,214.69597363471985,135.198,1586.51171875,332.45166015625,30,0.5698674103533069,"[""Normal"", ""DDoS_UDP"", ""DDoS_ICMP"", ""DDoS_TCP"", ""DDoS_HTTP"", ""SQL_injection"", ""XSS"", ""Uploading"", ""Backdoor"", ""Password"", ""Ransomware"", ""Port_Scanning"", ""Vulnerability_scanner"", ""Fingerprinting"", ""MITM""]","[70012, 70013, 47562, 35049, 33988, 35593, 10552, 25773, 16824, 34964, 6788, 13989, 35024, 600, 254]",,,,,,,
9c9afb2e8cca,edgeiiot,fine,fedlc,3,,main,0.7501199297446968,0.7721089798568417,0.7604961735027504,0.7565896321078329,0.6158932517657079,0.49276173637936105,0.6964211902410786,"[0.2744460561196419, 0.8674668667166792, 1.0, 0.9993005595523581, 0.9237427864798021, 0.9063792085056114, 0.8337765957446809, 0.512029359793394, 0.9612661391087047, 0.6032254833216468, 0.9111111111111111, 0.9954932398597897, 0.9005198960207959, 0.3273809523809524, 0.391304347826087]",124757,67599,132480,1.183925420000378,1.543973139996524,210.13175129699448,211.83185577392578,135.198,1586.30859375,331.98486328125,45,0.7622753517192514,"[""Normal"", ""DDoS_UDP"", ""DDoS_ICMP"", ""DDoS_TCP"", ""DDoS_HTTP"", ""SQL_injection"", ""XSS"", ""Uploading"", ""Backdoor"", ""Password"", ""Ransomware"", ""Port_Scanning"", ""Vulnerability_scanner"", ""Fingerprinting"", ""MITM""]","[70014, 70010, 47570, 35054, 33989, 35594, 10556, 25775, 16824, 34960, 6787, 13988, 35025, 602, 254]",,,,,,,
e8991b61b050,edgeiiot,fine,fedlc,4,,main,0.5267138520760279,0.579046504544653,0.5419705021925089,0.5720818748439019,0.2850388484317275,0.3058259066889777,0.573848201099816,"[0.30904271281384416, 0.6587646911727932, 0.9974970553592462, 0.570886202417824, 0.15734157650695518, 0.9999015941743751, 0.1511627906976744, 0.2607395323545405, 0.9685547688463141, 0.14693509615384615, 0.0, 0.9714285714285714, 0.9483103379324135, 0.20958083832335328, 0.7794117647058824]",124762,67599,132480,1.3314474149956368,1.2930077200053347,220.25245241999255,221.95462369918823,135.198,1586.99609375,327.28076171875,30,0.5246295946673386,"[""Normal"", ""DDoS_UDP"", ""DDoS_ICMP"", ""DDoS_TCP"", ""DDoS_HTTP"", ""SQL_injection"", ""XSS"", ""Uploading"", ""Backdoor"", ""Password"", ""Ransomware"", ""Port_Scanning"", ""Vulnerability_scanner"", ""Fingerprinting"", ""MITM""]","[70012, 70011, 47566, 35050, 33989, 35586, 10552, 25775, 16826, 34959, 6791, 13995, 35025, 605, 256]",,,,,,,
110992bf57c9,edgeiiot,fine,fedrs,0,,main,0.7338471423491665,0.8929350091378371,0.7399579185081004,0.8904782452163685,0.36097122070481064,0.5721493383162141,0.7513387789013676,"[0.9813944183254977, 1.0, 0.9999263785614371, 1.0, 0.8951056156620298, 0.511321126205946, 0.9823861748089067, 0.6084533840717586, 0.899562408835174, 0.8748873084243214, 0.46149870801033593, 0.9847232657150012, 0.9001099890010998, 0.0, 0.0]",124756,67599,132480,1.2918744750004407,1.4205444599974726,214.11255808099304,215.79716682434082,135.198,1559.31640625,334.35498046875,45,0.7343558284431135,"[""Normal"", ""DDoS_UDP"", ""DDoS_ICMP"", ""DDoS_TCP"", ""DDoS_HTTP"", ""SQL_injection"", ""XSS"", ""Uploading"", ""Backdoor"", ""Password"", ""Ransomware"", ""Port_Scanning"", ""Vulnerability_scanner"", ""Fingerprinting"", ""MITM""]","[70011, 70013, 47567, 35050, 33989, 35592, 10555, 25772, 16831, 34962, 6788, 13988, 35028, 604, 257]",,,,,,,
7d876bd42e98,edgeiiot,fine,fedrs,1,,main,0.7167399201900496,0.83328925116417,0.7171102390976909,0.8199353476945986,0.40469861330725454,0.47463279156710664,0.7153794259827448,"[0.9733933483370842, 0.8627656914228558, 0.9999263785614371, 0.9885080443689418, 0.9049974240082431, 0.9385947648100768, 0.05618351063829787, 0.5933931484502447, 0.8034970857618651, 0.28515625, 0.6785529715762274, 0.8382168795391935, 0.9494101179764047, 0.0, 0.8840579710144928]",124767,67599,132480,1.3684180199925322,1.4608123649941263,216.99170696400324,218.72023057937622,135.198,1559.265625,321.66064453125,40,0.7150789140492937,"[""Normal"", ""DDoS_UDP"", ""DDoS_ICMP"", ""DDoS_TCP"", ""DDoS_HTTP"", ""SQL_injection"", ""XSS"", ""Uploading"", ""Backdoor"", ""Password"", ""Ransomware"", ""Port_Scanning"", ""Vulnerability_scanner"", ""Fingerprinting"", ""MITM""]","[70010, 70008, 47566, 35054, 33988, 35585, 10555, 25776, 16821, 34960, 6790, 13989, 35025, 600, 254]",,,,,,,
467fb7690cbf,edgeiiot,fine,fedrs,2,,main,0.7281581001054196,0.8147857240179852,0.7130210884689313,0.8125494598228128,0.45550855123461487,0.5366423640520087,0.7333166927583161,"[0.9666916729182295, 0.9960488146443933, 0.9262476078315913, 1.0, 0.2369912416280268, 0.6884229178972239, 0.5009966777408638, 0.5736613210111443, 0.9762648344784509, 0.5529953917050692, 0.5023255813953489, 0.9997495617330328, 0.9562087582483503, 0.0650887573964497, 0.7536231884057971]",124769,67599,132480,1.3566765099949407,1.387987525004064,213.47942696399696,215.18752813339233,135.198,1554.25390625,332.45166015625,45,0.7288508511240597,"[""Normal"", ""DDoS_UDP"", ""DDoS_ICMP"", ""DDoS_TCP"", ""DDoS_HTTP"", ""SQL_injection"", ""XSS"", ""Uploading"", ""Backdoor"", ""Password"", ""Ransomware"", ""Port_Scanning"", ""Vulnerability_scanner"", ""Fingerprinting"", ""MITM""]","[70012, 70013, 47562, 35049, 33988, 35593, 10552, 25773, 16824, 34964, 6788, 13989, 35024, 600, 254]",,,,,,,
2e099323d8ce,edgeiiot,fine,fedrs,3,,main,0.8220384448158118,0.9119087506111881,0.7988944601646925,0.9116300907824524,0.5267245637507346,0.5434699667952936,0.7532192562885813,"[0.9997999299754914, 1.0, 1.0, 0.9999000799360511, 0.8721145919208574, 0.6597755463673951, 0.7393617021276596, 0.6073127633546282, 0.9560599750104123, 0.7998597615947111, 0.9731266149870801, 0.9954932398597897, 0.9862027594481104, 0.11904761904761904, 0.2753623188405797]",124757,67599,132480,1.5514563350006938,1.417476100004933,212.43846975099405,214.23400378227234,135.198,1553.7421875,331.98486328125,50,0.8183730587561139,"[""Normal"", ""DDoS_UDP"", ""DDoS_ICMP"", ""DDoS_TCP"", ""DDoS_HTTP"", ""SQL_injection"", ""XSS"", ""Uploading"", ""Backdoor"", ""Password"", ""Ransomware"", ""Port_Scanning"", ""Vulnerability_scanner"", ""Fingerprinting"", ""MITM""]","[70014, 70010, 47570, 35054, 33989, 35594, 10556, 25775, 16824, 34960, 6787, 13988, 35025, 602, 254]",,,,,,,
2e1ddf3f1799,edgeiiot,fine,fedrs,4,,main,0.6938917760819996,0.7097754123851814,0.6795041415717324,0.7195950073463986,0.5694154834178249,0.4209134543371422,0.659599139173318,"[0.9876963088926678, 0.6609652413103276, 0.4376472320376914, 0.674093316015586, 0.18083462132921174, 0.9662468018106672, 0.739202657807309, 0.5116911364872213, 0.9096209912536443, 0.7485977564102564, 0.5010341261633919, 0.9904761904761905, 0.8470305938812237, 0.2874251497005988, 0.75]",124762,67599,132480,1.441456599995945,1.5474965350040293,223.16905940900142,224.96911644935608,135.198,1552.84375,327.28076171875,40,0.6955380536693065,"[""Normal"", ""DDoS_UDP"", ""DDoS_ICMP"", ""DDoS_TCP"", ""DDoS_HTTP"", ""SQL_injection"", ""XSS"", ""Uploading"", ""Backdoor"", ""Password"", ""Ransomware"", ""Port_Scanning"", ""Vulnerability_scanner"", ""Fingerprinting"", ""MITM""]","[70012, 70011, 47566, 35050, 33989, 35586, 10552, 25775, 16826, 34959, 6791, 13995, 35025, 605, 256]",,,,,,,
e1fa0d54c3c1,edgeiiot,fine,statavg,0,,ablation;main;sensitivity,0.6341013485079724,0.7815495847895091,0.6853145235527466,0.7457403488539079,0.597444295021911,0.5998555130501785,0.7458787921967779,"[0.9998999699909973, 1.0, 0.9999263785614371, 1.0, 0.23544564657393097, 1.0, 0.9940179461615155, 0.0, 0.6493019379037299, 0.06541119903836522, 0.6604651162790698, 0.9997495617330328, 0.9402059794020597, 0.0, 0.7352941176470589]",124756,67599,132480,1.7110003249945294,1.6579973400075687,209.87030721700103,211.7479751110077,135.21328,1537.890625,334.35498046875,50,0.6425832248448633,"[""Normal"", ""DDoS_UDP"", ""DDoS_ICMP"", ""DDoS_TCP"", ""DDoS_HTTP"", ""SQL_injection"", ""XSS"", ""Uploading"", ""Backdoor"", ""Password"", ""Ransomware"", ""Port_Scanning"", ""Vulnerability_scanner"", ""Fingerprinting"", ""MITM""]","[70011, 70013, 47567, 35050, 33989, 35592, 10555, 25772, 16831, 34962, 6788, 13988, 35028, 604, 257]",,,,,,,
0c723b3c4389,edgeiiot,fine,statavg,1,,ablation;main;sensitivity,0.6883368358568599,0.8354693148027924,0.7160840145687352,0.8105311619299842,0.44149351308542906,0.5833675283787725,0.7552788840016366,"[0.9997999499874969, 1.0, 0.9999263785614371, 1.0, 0.8956208140133951, 0.9820901397362723, 0.7257313829787234, 0.2490483958673192, 0.9111157368859284, 0.06820913461538461, 0.08372093023255814, 0.9997495617330328, 0.8697260547890422, 0.0, 0.9565217391304348]",124767,67599,132480,1.396111859994562,1.5021076899938635,207.68477135000285,209.47715544700623,135.21328,1538.47265625,321.66064453125,30,0.6856259864006328,"[""Normal"", ""DDoS_UDP"", ""DDoS_ICMP"", ""DDoS_TCP"", ""DDoS_HTTP"", ""SQL_injection"", ""XSS"", ""Uploading"", ""Backdoor"", ""Password"", ""Ransomware"", ""Port_Scanning"", ""Vulnerability_scanner"", ""Fingerprinting"", ""MITM""]","[70010, 70008, 47566, 35054, 33988, 35585, 10555, 25776, 16821, 34960, 6790, 13989, 35025, 600, 254]",,,,,,,
4217c2ab7094,edgeiiot,fine,statavg,2,,ablation;main;sensitivity,0.6314350175450231,0.7993331676938983,0.6816226150103197,0.7652627160096851,0.376143531224421,0.46146100863255757,0.7214305905083453,"[0.9999499874968742, 1.0, 0.9997791844545856, 1.0, 0.0, 0.8240795432171687, 0.6495016611295681, 0.8237292742593096, 0.9641890485113471, 0.15507914245642157, 0.0, 0.9997495617330328, 0.9532093581283744, 0.0, 0.855072463768116]",124769,67599,132480,1.4364769450003223,1.346890289996736,206.68061866399876,208.41451716423035,135.21328,1533.0390625,332.45166015625,45,0.6337652914142408,"[""Normal"", ""DDoS_UDP"", ""DDoS_ICMP"", ""DDoS_TCP"", ""DDoS_HTTP"", ""SQL_injection"", ""XSS"", ""Uploading"", ""Backdoor"", ""Password"", ""Ransomware"", ""Port_Scanning"", ""Vulnerability_scanner"", ""Fingerprinting"", ""MITM""]","[70012, 70013, 47562, 35049, 33988, 35593, 10552, 25773, 16824, 34964, 6788, 13989, 35024, 600, 254]",,,,,,,
6c9a9e07e878,edgeiiot,fine,statavg,3,,ablation;main,0.6851032623787137,0.8528499402839119,0.7087263600634933,0.8270237028016394,0.26191105820945293,0.5863829918508368,0.7547560023094215,"[0.9994998249387286, 1.0, 1.0, 1.0, 0.9300288540807914, 0.7043709391612523, 0.07413563829787234, 0.9068913959494359, 0.9312786339025406, 0.15987178202945007, 0.06046511627906977, 1.0, 0.9513097380523895, 0.0, 0.9130434782608695]",124757,67599,132480,1.6231208350018278,1.6059976949964039,211.41482743700362,213.23484659194946,135.21328,1532.83984375,331.98486328125,30,0.6885452027784474,"[""Normal"", ""DDoS_UDP"", ""DDoS_ICMP"", ""DDoS_TCP"", ""DDoS_HTTP"", ""SQL_injection"", ""XSS"", ""Uploading"", ""Backdoor"", ""Password"", ""Ransomware"", ""Port_Scanning"", ""Vulnerability_scanner"", ""Fingerprinting"", ""MITM""]","[70014, 70010, 47570, 35054, 33989, 35594, 10556, 25775, 16824, 34960, 6787, 13988, 35025, 602, 254]",,,,,,,
5007fb56cfa7,edgeiiot,fine,statavg,4,,ablation;main,0.6981129059188879,0.8164425065324378,0.7084119291424945,0.7889426449866908,0.4047254426070665,0.5934721792798937,0.7475334934550786,"[1.0, 1.0, 0.9981595995288575, 1.0, 0.36218444100978875, 0.1279275733123401, 0.2335548172757475, 0.5633496465470365, 0.9685547688463141, 0.999198717948718, 0.0, 1.0, 0.9879024195160968, 0.5029940119760479, 0.8823529411764706]",124762,67599,132480,1.4640459899965208,1.4959074899979896,211.32246268899507,213.11267161369324,135.21328,1533.30078125,327.28076171875,45,0.6981735863166967,"[""Normal"", ""DDoS_UDP"", ""DDoS_ICMP"", ""DDoS_TCP"", ""DDoS_HTTP"", ""SQL_injection"", ""XSS"", ""Uploading"", ""Backdoor"", ""Password"", ""Ransomware"", ""Port_Scanning"", ""Vulnerability_scanner"", ""Fingerprinting"", ""MITM""]","[70012, 70011, 47566, 35050, 33989, 35586, 10552, 25775, 16826, 34959, 6791, 13995, 35025, 605, 256]",,,,,,,
d3501dff0c54,edgeiiot,fine,fedstap,0,,ablation;main;sensitivity,0.7489709495231072,0.8625476930969252,0.769778912572037,0.8494159005253015,0.5840911696435243,0.6624143724191799,0.7984087790634462,"[0.9997999399819946, 1.0, 0.9999263785614371, 1.0, 0.8856259659969088, 0.7372514274463478, 0.7550681289464939, 0.8765969013318836, 0.6272140029172745, 0.14624862265851948, 0.6842377260981912, 0.9997495617330328, 0.9379062093790621, 0.0, 0.8970588235294118]",124756,67599,132480,1.6710238849918824,1.3001708699994197,215.60855572699802,217.3985424041748,135.21328,1558.94921875,334.35498046875,30,0.7497737453466193,"[""Normal"", ""DDoS_UDP"", ""DDoS_ICMP"", ""DDoS_TCP"", ""DDoS_HTTP"", ""SQL_injection"", ""XSS"", ""Uploading"", ""Backdoor"", ""Password"", ""Ransomware"", ""Port_Scanning"", ""Vulnerability_scanner"", ""Fingerprinting"", ""MITM""]","[70011, 70013, 47567, 35050, 33989, 35592, 10555, 25772, 16831, 34962, 6788, 13988, 35028, 604, 257]",,,,,,,
95dc95567fa1,edgeiiot,fine,fedstap,1,,ablation;main;sensitivity,0.6819511979671699,0.8293298708793191,0.717791474863375,0.8149645739296498,0.6999948737979476,0.5162982450356549,0.7806147020132892,"[1.0, 1.0, 0.9999263785614371, 1.0, 0.891705306543019, 0.8258216886439678, 0.9039228723404256, 0.47525829255029906, 0.003746877601998335, 0.3467548076923077, 0.9395348837209302, 0.49436513899323814, 0.9293141371725655, 0.0, 0.9565217391304348]",124767,67599,132480,1.430862489996798,1.520278980005969,216.08451858099943,217.87754845619202,135.21328,1559.48828125,321.66064453125,35,0.6794930722817056,"[""Normal"", ""DDoS_UDP"", ""DDoS_ICMP"", ""DDoS_TCP"", ""DDoS_HTTP"", ""SQL_injection"", ""XSS"", ""Uploading"", ""Backdoor"", ""Password"", ""Ransomware"", ""Port_Scanning"", ""Vulnerability_scanner"", ""Fingerprinting"", ""MITM""]","[70010, 70008, 47566, 35054, 33988, 35585, 10555, 25776, 16821, 34960, 6790, 13989, 35025, 600, 254]",,,,,,,
5fa5ba97ba1e,edgeiiot,fine,fedstap,2,,ablation;main;sensitivity,0.775961309828124,0.9002957465396052,0.7847359378402676,0.8930372801174181,0.4587670727205611,0.5878245872160086,0.8080593349785063,"[0.9999499874968742, 1.0, 0.9997791844545856, 1.0, 0.8975785677485832, 0.8775349478243749, 0.7368770764119601, 0.8432998097309051, 0.9092234020403914, 0.46854337808054497, 0.09819121447028424, 0.9997495617330328, 0.9403119376124776, 0.0, 1.0]",124769,67599,132480,1.5550694150078925,1.1650905900023645,213.2069865760168,214.8916563987732,135.21328,1554.42578125,332.45166015625,50,0.7761104713905537,"[""Normal"", ""DDoS_UDP"", ""DDoS_ICMP"", ""DDoS_TCP"", ""DDoS_HTTP"", ""SQL_injection"", ""XSS"", ""Uploading"", ""Backdoor"", ""Password"", ""Ransomware"", ""Port_Scanning"", ""Vulnerability_scanner"", ""Fingerprinting"", ""MITM""]","[70012, 70013, 47562, 35049, 33988, 35593, 10552, 25773, 16824, 34964, 6788, 13989, 35024, 600, 254]",,,,,,,
58096caa4c36,edgeiiot,fine,fedstap,3,,ablation;main,0.7882596569821004,0.8839824619059452,0.8009710258007222,0.8751922470122192,0.566090150213647,0.6847839318867016,0.8268212068256411,"[1.0, 1.0, 0.9997791031588248, 1.0, 0.8608821104699094, 0.6772986808426855, 0.898936170212766, 0.9397852385483213, 0.9656393169512703, 0.41500550936592207, 0.0, 0.9959939909864797, 0.8958208358328335, 0.4523809523809524, 0.9130434782608695]",124757,67599,132480,1.2060753449986805,1.5065639949898468,213.95808231600313,215.71533799171448,135.21328,1555.109375,331.98486328125,25,0.7912359692498829,"[""Normal"", ""DDoS_UDP"", ""DDoS_ICMP"", ""DDoS_TCP"", ""DDoS_HTTP"", ""SQL_injection"", ""XSS"", ""Uploading"", ""Backdoor"", ""Password"", ""Ransomware"", ""Port_Scanning"", ""Vulnerability_scanner"", ""Fingerprinting"", ""MITM""]","[70014, 70010, 47570, 35054, 33989, 35594, 10556, 25775, 16824, 34960, 6787, 13988, 35025, 602, 254]",,,,,,,
850539e86393,edgeiiot,fine,fedstap,4,,ablation;main,0.7827354084031987,0.8870810022282426,0.7812184795055671,0.879124744627509,0.4517713117712108,0.6204789444050073,0.7966147126937551,"[0.9999499849954987, 1.0, 0.9973498233215548, 1.0, 0.9006697578567748, 0.6710293249360362, 0.3581395348837209, 0.8866231647634584, 0.9304456476468138, 0.5718149038461539, 0.06359875904860393, 1.0, 0.9533093381323735, 0.5029940119760479, 0.8823529411764706]",124762,67599,132480,1.5027815049870696,1.3328953000018373,214.11479687301835,215.85026454925537,135.21328,1554.5390625,327.28076171875,45,0.7839164565386431,"[""Normal"", ""DDoS_UDP"", ""DDoS_ICMP"", ""DDoS_TCP"", ""DDoS_HTTP"", ""SQL_injection"", ""XSS"", ""Uploading"", ""Backdoor"", ""Password"", ""Ransomware"", ""Port_Scanning"", ""Vulnerability_scanner"", ""Fingerprinting"", ""MITM""]","[70012, 70011, 47566, 35050, 33989, 35586, 10552, 25775, 16826, 34959, 6791, 13995, 35025, 605, 256]",,,,,,,
27b0b4eceffc,edgeiiot,fine,fedprox_sfs,0,,main,0.6823977344880279,0.8113196960466831,0.691918018933794,0.7895757259011513,0.4418616566321707,0.5855339143211442,0.7502815882033922,"[0.9999499849954987, 1.0, 0.9999263785614371, 1.0, 0.6057702215352911, 0.10070880094506793, 0.31173147224991693, 0.23824408806740963, 0.719524901021046, 0.9691475508364219, 0.5586563307493541, 0.9997495617330328, 0.9783021697830216, 0.0, 0.8970588235294118]",124756,67599,132480,1.4256281450070674,1.5535824050039082,331.2286313839995,333.0096960067749,135.21328,1593.31640625,334.35498046875,25,0.6835736577227886,"[""Normal"", ""DDoS_UDP"", ""DDoS_ICMP"", ""DDoS_TCP"", ""DDoS_HTTP"", ""SQL_injection"", ""XSS"", ""Uploading"", ""Backdoor"", ""Password"", ""Ransomware"", ""Port_Scanning"", ""Vulnerability_scanner"", ""Fingerprinting"", ""MITM""]","[70011, 70013, 47567, 35050, 33989, 35592, 10555, 25772, 16831, 34962, 6788, 13988, 35028, 604, 257]",,,,,,,
0896c919ac94,edgeiiot,fine,fedprox_sfs,1,,main,0.6914989901550866,0.8366314810807345,0.7021668723239204,0.8246311893611648,0.4656549224537286,0.5977718029952375,0.751364979664322,"[0.9998999749937484, 1.0, 0.9999263785614371, 1.0, 0.8732612055641422, 0.9019877976776225, 0.8440824468085106, 0.2750135943447526, 0.9236053288925895, 0.33994391025641024, 0.06201550387596899, 0.49561733032807415, 0.860627874425115, 0.0, 0.9565217391304348]",124767,67599,132480,1.1587071899975854,1.4480640750025486,340.20359014700443,341.92124366760254,135.21328,1592.64453125,321.66064453125,15,0.6886721228677132,"[""Normal"", ""DDoS_UDP"", ""DDoS_ICMP"", ""DDoS_TCP"", ""DDoS_HTTP"", ""SQL_injection"", ""XSS"", ""Uploading"", ""Backdoor"", ""Password"", ""Ransomware"", ""Port_Scanning"", ""Vulnerability_scanner"", ""Fingerprinting"", ""MITM""]","[70010, 70008, 47566, 35054, 33988, 35585, 10555, 25776, 16821, 34960, 6790, 13989, 35025, 600, 254]",,,,,,,
b7a17404c1a9,edgeiiot,fine,fedprox_sfs,2,,main,0.6400205422991329,0.8019860702578365,0.6738186044372462,0.7740651558906567,0.38270499301844096,0.5006091578070284,0.7515036905012176,"[0.9998999749937484, 1.0, 0.999631974090976, 1.0, 0.33003606388459555, 0.9991139988186651, 0.6757475083056479, 0.15330252786083176, 0.9671038933999584, 0.17331196153075537, 0.0, 0.9997495617330328, 0.9543091381723655, 0.0, 0.855072463768116]",124769,67599,132480,1.4198596150072262,1.253415054998186,324.3781085759947,326.10182428359985,135.21328,1587.625,332.45166015625,40,0.641748798214339,"[""Normal"", ""DDoS_UDP"", ""DDoS_ICMP"", ""DDoS_TCP"", ""DDoS_HTTP"", ""SQL_injection"", ""XSS"", ""Uploading"", ""Backdoor"", ""Password"", ""Ransomware"", ""Port_Scanning"", ""Vulnerability_scanner"", ""Fingerprinting"", ""MITM""]","[70012, 70013, 47562, 35049, 33988, 35593, 10552, 25773, 16824, 34964, 6788, 13989, 35024, 600, 254]",,,,,,,
69071656378a,edgeiiot,fine,fedprox_sfs,3,,main,0.6599664343479906,0.8338930881633896,0.6775713126714078,0.8039544602950089,0.2810086240459475,0.5600320121948247,0.731257331939659,"[0.9998499474816186, 1.0, 1.0, 1.0, 0.9529060181368508, 0.6662728883638511, 0.15259308510638298, 0.9411444882424902, 0.9337775926697209, 0.09416007212260843, 0.05839793281653747, 0.5085127691537306, 0.9429114177164567, 0.0, 0.9130434782608695]",124757,67599,132480,1.5159466249951947,1.5460819399959291,329.0710609770049,330.8865604400635,135.21328,1587.0625,331.98486328125,30,0.6637049828243778,"[""Normal"", ""DDoS_UDP"", ""DDoS_ICMP"", ""DDoS_TCP"", ""DDoS_HTTP"", ""SQL_injection"", ""XSS"", ""Uploading"", ""Backdoor"", ""Password"", ""Ransomware"", ""Port_Scanning"", ""Vulnerability_scanner"", ""Fingerprinting"", ""MITM""]","[70014, 70010, 47570, 35054, 33989, 35594, 10556, 25775, 16824, 34960, 6787, 13988, 35025, 602, 254]",,,,,,,
c92162deac3d,edgeiiot,fine,fedprox_sfs,4,,main,0.7450795567552533,0.8591398021833571,0.7528711882570293,0.8382188271292224,0.4495759409459369,0.6237698900154911,0.7768051459729353,"[0.9995998799639892, 1.0, 0.9987485276796231, 1.0, 0.895208655332303, 0.14003148986419997, 0.41295681063122924, 0.5371125611745514, 0.9685547688463141, 0.9995993589743589, 0.0, 1.0, 0.9559088182363528, 0.5029940119760479, 0.8823529411764706]",124762,67599,132480,1.4463679199980106,1.4747581749998062,334.6745167999943,336.4227616786957,135.21328,1587.31640625,327.28076171875,45,0.744450060557276,"[""Normal"", ""DDoS_UDP"", ""DDoS_ICMP"", ""DDoS_TCP"", ""DDoS_HTTP"", ""SQL_injection"", ""XSS"", ""Uploading"", ""Backdoor"", ""Password"", ""Ransomware"", ""Port_Scanning"", ""Vulnerability_scanner"", ""Fingerprinting"", ""MITM""]","[70012, 70011, 47566, 35050, 33989, 35586, 10552, 25775, 16826, 34959, 6791, 13995, 35025, 605, 256]",,,,,,,
f4bd3cfe61fa,edgeiiot,fine,scaffold_sfs,0,,main;plugin,0.6502558420389999,0.7634262079579339,0.7186703642189454,0.7265670018241509,0.7839404543568076,0.6331285307108455,0.7509918449477146,"[0.9994498349504851, 1.0, 0.9946992564234706, 1.0, 0.0009273570324574962, 0.9997046662728883, 0.9963443004320373, 0.0009513454743136721, 0.6178370493852886, 0.15426224581789041, 0.5896640826873385, 0.9997495617330328, 0.8767123287671232, 0.6526946107784432, 0.8970588235294118]",124756,67599,132480,1.4251217000037286,1.227476365002076,212.7230509570054,214.76908159255981,270.41128,1536.8203125,339.7998046875,35,0.6440447771818903,"[""Normal"", ""DDoS_UDP"", ""DDoS_ICMP"", ""DDoS_TCP"", ""DDoS_HTTP"", ""SQL_injection"", ""XSS"", ""Uploading"", ""Backdoor"", ""Password"", ""Ransomware"", ""Port_Scanning"", ""Vulnerability_scanner"", ""Fingerprinting"", ""MITM""]","[70011, 70013, 47567, 35050, 33989, 35592, 10555, 25772, 16831, 34962, 6788, 13988, 35028, 604, 257]",,,,,,,
0a85a4259bba,edgeiiot,fine,scaffold_sfs,1,,main;plugin,0.6629381375033742,0.8277188679698959,0.6527942625214563,0.8117798251674664,0.2589073297705015,0.5398352360479634,0.724052034047114,"[0.999299824956239, 1.0, 0.9999263785614371, 1.0, 0.9456980937660999, 0.18716788033851603, 0.3371010638297872, 0.5154975530179445, 0.8855120732722731, 0.8394431089743589, 0.14780361757105942, 0.49561733032807415, 0.888122375524895, 0.0, 0.5507246376811594]",124767,67599,132480,1.6590043349970074,1.4486262100035674,212.08178085200598,214.26260232925415,270.41128,1531.73828125,327.10546875,30,0.6679242570306932,"[""Normal"", ""DDoS_UDP"", ""DDoS_ICMP"", ""DDoS_TCP"", ""DDoS_HTTP"", ""SQL_injection"", ""XSS"", ""Uploading"", ""Backdoor"", ""Password"", ""Ransomware"", ""Port_Scanning"", ""Vulnerability_scanner"", ""Fingerprinting"", ""MITM""]","[70010, 70008, 47566, 35054, 33988, 35585, 10555, 25776, 16821, 34960, 6790, 13989, 35025, 600, 254]",,,,,,,
adbabfaac385,edgeiiot,fine,scaffold_sfs,2,,main;plugin,0.6019520008771927,0.7512282698426692,0.6418413807289205,0.726850383717203,0.6445039014203671,0.4727742167278911,0.737825620075492,"[0.9996499124781195, 1.0, 0.997791844545856, 1.0, 0.33075734157650694, 1.0, 0.3026578073089701, 0.1530307148681707, 0.0, 0.11150070126227209, 0.9989664082687338, 0.49536689206110696, 0.9615076984603079, 0.47928994082840237, 0.7971014492753623]",124769,67599,132480,1.2537954699928378,1.1327330550011538,209.44851829300387,211.37455821037292,270.41128,1527.96875,337.896484375,40,0.5972706495823246,"[""Normal"", ""DDoS_UDP"", ""DDoS_ICMP"", ""DDoS_TCP"", ""DDoS_HTTP"", ""SQL_injection"", ""XSS"", ""Uploading"", ""Backdoor"", ""Password"", ""Ransomware"", ""Port_Scanning"", ""Vulnerability_scanner"", ""Fingerprinting"", ""MITM""]","[70012, 70013, 47562, 35049, 33988, 35593, 10552, 25773, 16824, 34964, 6788, 13989, 35024, 600, 254]",,,,,,,
831c23584db8,edgeiiot,fine,scaffold_sfs,3,,main;plugin,0.7372694282772634,0.8434155999262567,0.7560307584692992,0.8300859561006212,0.5482211342562002,0.638335685183354,0.7768692968716991,"[0.9989496323713299, 1.0, 0.9997054708784331, 1.0, 0.8720115416323165, 0.17877534947824375, 0.8274601063829787, 0.4462416745956232, 0.9656393169512703, 0.8374236201542622, 0.0, 1.0, 0.8488302339532093, 0.4523809523809524, 0.9130434782608695]",124757,67599,132480,1.5095807150009932,1.4892956249968847,206.9309111729999,208.97207379341125,270.41128,1526.95703125,337.4296875,25,0.7486479915517797,"[""Normal"", ""DDoS_UDP"", ""DDoS_ICMP"", ""DDoS_TCP"", ""DDoS_HTTP"", ""SQL_injection"", ""XSS"", ""Uploading"", ""Backdoor"", ""Password"", ""Ransomware"", ""Port_Scanning"", ""Vulnerability_scanner"", ""Fingerprinting"", ""MITM""]","[70014, 70010, 47570, 35054, 33989, 35594, 10556, 25775, 16824, 34960, 6787, 13988, 35025, 602, 254]",,,,,,,
584d62db7b2c,edgeiiot,fine,scaffold_sfs,4,,main;plugin,0.6676568370842375,0.7917955787820009,0.7323769161278624,0.762554339092958,0.8067846763917278,0.5097857814806633,0.7600092545410855,"[0.9991997599279784, 1.0, 0.9980859835100118, 1.0, 0.5937145801133437, 0.0, 0.9033222591362127, 0.3196030451332246, 0.0, 0.9895833333333334, 0.93846949327818, 1.0, 0.8583283343331334, 0.5029940119760479, 0.8823529411764706]",124762,67599,132480,1.5592560699951719,1.3973799599989434,212.92774324099082,215.03321051597595,270.41128,1525.37890625,332.7255859375,45,0.6699042553897522,"[""Normal"", ""DDoS_UDP"", ""DDoS_ICMP"", ""DDoS_TCP"", ""DDoS_HTTP"", ""SQL_injection"", ""XSS"", ""Uploading"", ""Backdoor"", ""Password"", ""Ransomware"", ""Port_Scanning"", ""Vulnerability_scanner"", ""Fingerprinting"", ""MITM""]","[70012, 70011, 47566, 35050, 33989, 35586, 10552, 25775, 16826, 34959, 6791, 13995, 35025, 605, 256]",,,,,,,
1d15c7219afd,edgeiiot,fine,fedbn_sfs,0,,main,0.9161856045697816,0.9600099394017121,0.9099736649530816,0.9593096888957362,0.7884382970709096,0.737306593885612,0.8605539990756054,"[1.0, 1.0, 0.9999263785614371, 1.0, 0.9848531684698609, 0.9635755069895648, 0.9953472914589565, 0.9843707529219897, 0.8966451344030006, 0.7262345988179906, 0.7643410852713178, 0.994740796393689, 0.9455054494550545, 0.49700598802395207, 0.8970588235294118]",124756,67599,132480,1.1220593800044298,1.2634781149972696,209.7861436220046,212.01809334754944,133.42128,1525.85546875,334.72607421875,50,0.910222247244139,"[""Normal"", ""DDoS_UDP"", ""DDoS_ICMP"", ""DDoS_TCP"", ""DDoS_HTTP"", ""SQL_injection"", ""XSS"", ""Uploading"", ""Backdoor"", ""Password"", ""Ransomware"", ""Port_Scanning"", ""Vulnerability_scanner"", ""Fingerprinting"", ""MITM""]","[70011, 70013, 47567, 35050, 33989, 35592, 10555, 25772, 16831, 34962, 6788, 13988, 35028, 604, 257]",,,,,,,
bd0d3aa0588e,edgeiiot,fine,fedbn_sfs,1,,main,0.9323183712768597,0.9545633060023885,0.925254531886734,0.9543938829079361,0.8634142557188271,0.7538720564551697,0.8982593691365514,"[1.0, 1.0, 0.999116542737245, 1.0, 0.9904173106646059, 0.8078134225546152, 0.8743351063829787, 0.9297172376291463, 0.9348459616985845, 0.8157051282051282, 0.9896640826873385, 0.992236413724017, 0.9553089382123575, 0.6331360946745562, 0.9565217391304348]",124767,67599,132480,1.6619115800040163,1.5782029049933044,211.45379263799805,214.00606751441956,133.42128,1526.60546875,322.03173828125,45,0.9362531413946965,"[""Normal"", ""DDoS_UDP"", ""DDoS_ICMP"", ""DDoS_TCP"", ""DDoS_HTTP"", ""SQL_injection"", ""XSS"", ""Uploading"", ""Backdoor"", ""Password"", ""Ransomware"", ""Port_Scanning"", ""Vulnerability_scanner"", ""Fingerprinting"", ""MITM""]","[70010, 70008, 47566, 35054, 33988, 35585, 10555, 25776, 16821, 34960, 6790, 13989, 35025, 600, 254]",,,,,,,
f9f60f833e95,edgeiiot,fine,fedbn_sfs,2,,main,0.9505829021402487,0.9758273289038143,0.9392728033953567,0.9756441922128871,0.8457402850534996,0.6956449629911473,0.8700284204349179,"[0.9999499874968742, 1.0, 0.9997791844545856, 1.0, 0.9863987635239567, 0.9311872415829888, 0.9893687707641196, 0.9793422125577602, 0.9843847595252967, 0.8521338409136445, 0.9545219638242894, 0.9997495617330328, 0.9732053589282144, 0.4970414201183432, 0.9420289855072463]",124769,67599,132480,1.7049016599958122,1.457934549998754,204.66287516700504,207.0419478416443,133.42128,1521.66796875,332.82275390625,50,0.9452314386903325,"[""Normal"", ""DDoS_UDP"", ""DDoS_ICMP"", ""DDoS_TCP"", ""DDoS_HTTP"", ""SQL_injection"", ""XSS"", ""Uploading"", ""Backdoor"", ""Password"", ""Ransomware"", ""Port_Scanning"", ""Vulnerability_scanner"", ""Fingerprinting"", ""MITM""]","[70012, 70013, 47562, 35049, 33988, 35593, 10552, 25773, 16824, 34964, 6788, 13989, 35024, 600, 254]",,,,,,,
bac9661cea48,edgeiiot,fine,fedbn_sfs,3,,main,0.9444589634810012,0.9706309064822014,0.9362512976713745,0.9707824969680953,0.852361839637396,0.721066290902595,0.8744895944376883,"[1.0, 1.0, 0.9999263677196083, 1.0, 0.9851607584501236, 0.9062807639299074, 0.9767287234042553, 0.9676498572787822, 0.9847980008329863, 0.8233997796253631, 0.9958656330749354, 1.0, 0.9671065786842632, 0.5238095238095238, 0.9130434782608695]",124757,67599,132480,1.3338623200070288,1.3719749499978207,205.5093930639996,207.7960765361786,133.42128,1520.42578125,332.35595703125,50,0.9518711062947401,"[""Normal"", ""DDoS_UDP"", ""DDoS_ICMP"", ""DDoS_TCP"", ""DDoS_HTTP"", ""SQL_injection"", ""XSS"", ""Uploading"", ""Backdoor"", ""Password"", ""Ransomware"", ""Port_Scanning"", ""Vulnerability_scanner"", ""Fingerprinting"", ""MITM""]","[70014, 70010, 47570, 35054, 33989, 35594, 10556, 25775, 16824, 34960, 6787, 13988, 35025, 602, 254]",,,,,,,
8f2cf0b7a15f,edgeiiot,fine,fedbn_sfs,4,,main,0.9472575562522846,0.9705118545711033,0.9389549411438822,0.9708384408328843,0.8616852812054558,0.6869666593249839,0.8585714922013512,"[1.0, 1.0, 0.9997055359246172, 0.999400539514437, 0.998145285935085, 0.9281637472938398, 0.9933554817275747, 0.9157150625339858, 0.9968763015410246, 0.8062900641025641, 0.8764219234746639, 0.9944862155388471, 0.9988002399520096, 0.6946107784431138, 0.8823529411764706]",124762,67599,132480,1.600797644996419,1.5664665900021646,211.20433764199333,213.68657326698303,133.42128,1521.0234375,327.65185546875,50,0.9507194089200135,"[""Normal"", ""DDoS_UDP"", ""DDoS_ICMP"", ""DDoS_TCP"", ""DDoS_HTTP"", ""SQL_injection"", ""XSS"", ""Uploading"", ""Backdoor"", ""Password"", ""Ransomware"", ""Port_Scanning"", ""Vulnerability_scanner"", ""Fingerprinting"", ""MITM""]","[70012, 70011, 47566, 35050, 33989, 35586, 10552, 25775, 16826, 34959, 6791, 13995, 35025, 605, 256]",,,,,,,
522b948ca801,edgeiiot,fine,fedlc_sfs,0,,main,0.6460718315484582,0.799456539164449,0.7057056998703378,0.7660658694639159,0.4798751355751866,0.5701766031679478,0.739915564709613,"[1.0, 1.0, 0.9999263785614371, 1.0, 0.25564142194744977, 0.0016735577869659382, 0.9940179461615155, 0.969421038325632, 0.9537403625755365, 0.5451267154162076, 0.028423772609819122, 0.9997495617330328, 0.9408059194080592, 0.0, 0.8970588235294118]",124756,67599,132480,1.4801659800014022,1.5787006100072176,212.4285387690088,214.2293803691864,135.21328,1591.92578125,334.35498046875,50,0.6478604471920731,"[""Normal"", ""DDoS_UDP"", ""DDoS_ICMP"", ""DDoS_TCP"", ""DDoS_HTTP"", ""SQL_injection"", ""XSS"", ""Uploading"", ""Backdoor"", ""Password"", ""Ransomware"", ""Port_Scanning"", ""Vulnerability_scanner"", ""Fingerprinting"", ""MITM""]","[70011, 70013, 47567, 35050, 33989, 35592, 10555, 25772, 16831, 34962, 6788, 13988, 35028, 604, 257]",,,,,,,
03e3e3df65ae,edgeiiot,fine,fedlc_sfs,1,,main,0.6995890081844425,0.8334495499611275,0.7079950601470867,0.8215655125529374,0.5505041531013728,0.5475960112209907,0.7631451864822502,"[0.9998999749937484, 1.0, 0.9999263785614371, 1.0, 0.8725399278722308, 0.9809092698287739, 0.9142287234042553, 0.22974442631865144, 0.6817235636969192, 0.2666266025641026, 0.33126614987080105, 0.49561733032807415, 0.8909218156368727, 0.0, 0.9565217391304348]",124767,67599,132480,1.5655264150063886,1.719340089994148,217.4073746350041,219.27406287193298,135.21328,1592.4921875,321.66064453125,35,0.6985646509285436,"[""Normal"", ""DDoS_UDP"", ""DDoS_ICMP"", ""DDoS_TCP"", ""DDoS_HTTP"", ""SQL_injection"", ""XSS"", ""Uploading"", ""Backdoor"", ""Password"", ""Ransomware"", ""Port_Scanning"", ""Vulnerability_scanner"", ""Fingerprinting"", ""MITM""]","[70010, 70008, 47566, 35054, 33988, 35585, 10555, 25776, 16821, 34960, 6790, 13989, 35025, 600, 254]",,,,,,,
24b593b31757,edgeiiot,fine,fedlc_sfs,2,,main,0.6033683979991077,0.7827425081550705,0.6598914075485085,0.7412718302167243,0.5039213090021988,0.5254340572282621,0.72907165035767,"[0.9999499874968742, 1.0, 0.9997791844545856, 1.0, 0.002575991756826378, 0.8341208899389644, 0.21694352159468439, 0.8621908127208481, 0.00020820320632937748, 0.3404127429372871, 0.9436692506459948, 0.8547458051590283, 0.9887022595480904, 0.0, 0.855072463768116]",124769,67599,132480,1.5221640950039728,1.5214576249945821,206.95191686900034,208.74524784088135,135.21328,1586.53515625,332.45166015625,45,0.6048567372922271,"[""Normal"", ""DDoS_UDP"", ""DDoS_ICMP"", ""DDoS_TCP"", ""DDoS_HTTP"", ""SQL_injection"", ""XSS"", ""Uploading"", ""Backdoor"", ""Password"", ""Ransomware"", ""Port_Scanning"", ""Vulnerability_scanner"", ""Fingerprinting"", ""MITM""]","[70012, 70013, 47562, 35049, 33988, 35593, 10552, 25773, 16824, 34964, 6788, 13989, 35024, 600, 254]",,,,,,,
346cc01c55cf,edgeiiot,fine,fedlc_sfs,3,,main,0.6953365027968205,0.8284184454579703,0.7224591709532177,0.827745293532916,0.4776420632124767,0.6208439350028208,0.7704008785149367,"[1.0, 1.0, 1.0, 1.0, 0.3586150041220115, 0.4976373301831069, 0.9970079787234043, 0.563952698110643, 0.9654310703873387, 0.6796554142041471, 0.0005167958656330749, 1.0, 0.8610277944411118, 0.0, 0.9130434782608695]",124757,67599,132480,1.4426166449993616,1.5893304099972738,210.9169171229987,212.7515046596527,135.21328,1587.57421875,331.98486328125,45,0.6965463581473537,"[""Normal"", ""DDoS_UDP"", ""DDoS_ICMP"", ""DDoS_TCP"", ""DDoS_HTTP"", ""SQL_injection"", ""XSS"", ""Uploading"", ""Backdoor"", ""Password"", ""Ransomware"", ""Port_Scanning"", ""Vulnerability_scanner"", ""Fingerprinting"", ""MITM""]","[70014, 70010, 47570, 35054, 33989, 35594, 10556, 25775, 16824, 34960, 6787, 13988, 35025, 602, 254]",,,,,,,
2b03f5806b5f,edgeiiot,fine,fedlc_sfs,4,,main,0.684152170638347,0.842059280870778,0.7061756698334773,0.8123595672149755,0.3463367382881296,0.48315027960122947,0.7348383546148564,"[0.9994498349504851, 1.0, 0.9999263839811543, 1.0, 0.8849046883049975, 0.7922653021058846, 0.0, 0.9053833605220228, 1.0, 0.1560496794871795, 0.0, 0.5010025062656641, 0.9683063387322536, 0.5029940119760479, 0.8823529411764706]",124762,67599,132480,1.3894656249976833,1.4697347950004769,215.5723999969905,217.37032103538513,135.21328,1586.7734375,327.28076171875,50,0.6824017511133931,"[""Normal"", ""DDoS_UDP"", ""DDoS_ICMP"", ""DDoS_TCP"", ""DDoS_HTTP"", ""SQL_injection"", ""XSS"", ""Uploading"", ""Backdoor"", ""Password"", ""Ransomware"", ""Port_Scanning"", ""Vulnerability_scanner"", ""Fingerprinting"", ""MITM""]","[70012, 70011, 47566, 35050, 33989, 35586, 10552, 25775, 16826, 34959, 6791, 13995, 35025, 605, 256]",,,,,,,
ef7ee327a739,edgeiiot,fine,fedrs_sfs,0,,main,0.6510201713617055,0.7910801885280067,0.6981145377460499,0.7617509300681313,0.6139464036830078,0.6011359281002853,0.7557569323366053,"[0.9999499849954987, 1.0, 0.9999263785614371, 1.0, 0.34034003091190107, 0.9998031108485922, 0.9800598205383848, 0.0, 0.6470097937070223, 0.0869478112791746, 0.6521963824289405, 0.9997495617330328, 0.9422057794220577, 0.0, 0.8235294117647058]",124756,67599,132480,1.1267289049919782,1.134473314996285,215.3571069219979,216.96829867362976,135.21328,1559.3828125,334.35498046875,50,0.6572740174881496,"[""Normal"", ""DDoS_UDP"", ""DDoS_ICMP"", ""DDoS_TCP"", ""DDoS_HTTP"", ""SQL_injection"", ""XSS"", ""Uploading"", ""Backdoor"", ""Password"", ""Ransomware"", ""Port_Scanning"", ""Vulnerability_scanner"", ""Fingerprinting"", ""MITM""]","[70011, 70013, 47567, 35050, 33989, 35592, 10555, 25772, 16831, 34962, 6788, 13988, 35028, 604, 257]",,,,,,,
2c049aae08c3,edgeiiot,fine,fedrs_sfs,1,,main,0.6857405206286564,0.8355895389005106,0.702532596842502,0.8116964107421182,0.3676086148493374,0.5353881081193954,0.7491695067585643,"[1.0, 1.0, 0.9999263785614371, 1.0, 0.9407521895929933, 0.9820901397362723, 0.42220744680851063, 0.24891245241979337, 0.9088259783513739, 0.1084735576923077, 0.08578811369509044, 0.9997495617330328, 0.8788242351529694, 0.005917159763313609, 0.9565217391304348]",124767,67599,132480,1.4450641100029316,1.4906948299994838,216.41637891300343,218.1626923084259,135.21328,1558.76171875,321.66064453125,30,0.6849449989609068,"[""Normal"", ""DDoS_UDP"", ""DDoS_ICMP"", ""DDoS_TCP"", ""DDoS_HTTP"", ""SQL_injection"", ""XSS"", ""Uploading"", ""Backdoor"", ""Password"", ""Ransomware"", ""Port_Scanning"", ""Vulnerability_scanner"", ""Fingerprinting"", ""MITM""]","[70010, 70008, 47566, 35054, 33988, 35585, 10555, 25776, 16821, 34960, 6790, 13989, 35025, 600, 254]",,,,,,,
9f310d6fc438,edgeiiot,fine,fedrs_sfs,2,,main,0.6381678405383735,0.7823177231523856,0.6708597503036509,0.7543899172909652,0.4515864991092493,0.5121905441043565,0.7327660607206006,"[0.9998999749937484, 1.0, 0.9997791844545856, 1.0, 0.0006182380216383308, 0.916420555227407, 0.5760797342192691, 0.4599075835824952, 0.7661877992921091, 0.15507914245642157, 0.3751937984496124, 0.9997495617330328, 0.9589082183563288, 0.0, 0.855072463768116]",124769,67599,132480,1.2892436599940993,1.2437095649966068,217.2458200889978,218.90764737129211,135.21328,1554.60546875,332.45166015625,45,0.6403182844945436,"[""Normal"", ""DDoS_UDP"", ""DDoS_ICMP"", ""DDoS_TCP"", ""DDoS_HTTP"", ""SQL_injection"", ""XSS"", ""Uploading"", ""Backdoor"", ""Password"", ""Ransomware"", ""Port_Scanning"", ""Vulnerability_scanner"", ""Fingerprinting"", ""MITM""]","[70012, 70013, 47562, 35049, 33988, 35593, 10552, 25773, 16824, 34964, 6788, 13989, 35024, 600, 254]",,,,,,,
69350e28e2ad,edgeiiot,fine,fedrs_sfs,3,,main,0.6810685502985606,0.8441610490794104,0.7036101258257935,0.8218517794489151,0.2666914199665589,0.5926911329290998,0.7518046553371571,"[0.9992497374080929, 1.0, 1.0, 1.0, 0.9818631492168178, 0.53248670998228, 0.07413563829787234, 0.9668343074622808, 0.9233652644731362, 0.15987178202945007, 0.07958656330749354, 1.0, 0.9237152569486102, 0.0, 0.9130434782608695]",124757,67599,132480,1.3204995799969765,1.1898051900061546,213.7759016229993,215.4302577972412,135.21328,1554.17578125,331.98486328125,30,0.6823169705525426,"[""Normal"", ""DDoS_UDP"", ""DDoS_ICMP"", ""DDoS_TCP"", ""DDoS_HTTP"", ""SQL_injection"", ""XSS"", ""Uploading"", ""Backdoor"", ""Password"", ""Ransomware"", ""Port_Scanning"", ""Vulnerability_scanner"", ""Fingerprinting"", ""MITM""]","[70014, 70010, 47570, 35054, 33989, 35594, 10556, 25775, 16824, 34960, 6787, 13988, 35025, 602, 254]",,,,,,,
28f09a2b0277,edgeiiot,fine,fedrs_sfs,4,,main,0.7039424475859234,0.8479825587919398,0.7266859146746084,0.8142622180485628,0.3532304259957708,0.5567343379371432,0.7493166361459278,"[1.0, 1.0, 0.9971289752650176, 1.0, 0.8942812982998455, 0.06799842550679, 0.027574750830564786, 0.5918977705274606, 0.9685547688463141, 0.9995993589743589, 0.0, 1.0, 0.9679064187162567, 0.5029940119760479, 0.8823529411764706]",124762,67599,132480,1.4791673249965243,1.4877221449933131,219.57589446500606,221.35317635536194,135.21328,1553.421875,327.28076171875,45,0.7047679570345975,"[""Normal"", ""DDoS_UDP"", ""DDoS_ICMP"", ""DDoS_TCP"", ""DDoS_HTTP"", ""SQL_injection"", ""XSS"", ""Uploading"", ""Backdoor"", ""Password"", ""Ransomware"", ""Port_Scanning"", ""Vulnerability_scanner"", ""Fingerprinting"", ""MITM""]","[70012, 70011, 47566, 35050, 33989, 35586, 10552, 25775, 16826, 34959, 6791, 13995, 35025, 605, 256]",,,,,,,
c2218434ea2d,edgeiiot,grouped,centralised,0,,main,0.9574697941810154,0.9600420019878804,0.9540073685156396,0.9597194062383205,0.9781088906150696,0.9574697941810154,0.9574697941810154,"[0.9999499849954987, 0.9894916590043347, 0.9739342265529841, 0.8044505593108812, 0.9562177812301391, 1.0]",124756,67014,131328,1.507833240002583,1.6397579450040212,247.49450477799292,248.58637714385986,0.0,1809.84375,425.771484375,30,0.9573454716716334,"[""Normal"", ""DDoS"", ""Injection"", ""Malware"", ""InformationGathering"", ""MITM""]","[70011, 186619, 71919, 58581, 49620, 257]",,,,,,,
c1cc151420fa,edgeiiot,grouped,centralised,1,,main,0.9552168285490702,0.9583944472496734,0.9533794307685824,0.9581885394976282,0.9806551821519345,0.9552168285490702,0.9552168285490702,"[1.0, 0.9848189153687371, 0.984994640943194, 0.7891526639956945, 0.961310364303869, 1.0]",124767,67014,131328,1.627925894999862,1.593650830000115,243.15160267899955,244.2514352798462,0.0,1810.03515625,425.7666015625,15,0.9544572023089976,"[""Normal"", ""DDoS"", ""Injection"", ""Malware"", ""InformationGathering"", ""MITM""]","[70010, 186616, 71916, 58571, 49614, 254]",,,,,,,
ddd202127046,edgeiiot,grouped,centralised,2,,main,0.9516591719439479,0.954700286128766,0.9492594048882236,0.9544652223690565,0.9769133013273087,0.9516591719439479,0.9516591719439479,"[0.9998999749937484, 0.9829252275072708, 0.9855792653220306, 0.7733253588516746, 0.9538266026546174, 1.0]",124769,67014,131328,1.36860653500662,1.6720172750046913,244.62102406600206,245.67231464385986,0.0,1809.6171875,425.76611328125,10,0.9507240832014836,"[""Normal"", ""DDoS"", ""Injection"", ""Malware"", ""InformationGathering"", ""MITM""]","[70012, 186612, 71918, 58576, 49613, 254]",,,,,,,
2aac902387e4,edgeiiot,grouped,centralised,3,,main,0.9568748556015977,0.9593850445265596,0.9541986904070642,0.9593031807649693,0.9747952555775204,0.9568748556015977,0.9568748556015977,"[1.0, 0.9854939198318571, 0.9814354626516592, 0.8086722488038277, 0.9495905111550409, 1.0]",124757,67014,131328,1.4266744399992604,1.5714008899976761,242.80339857599756,243.85258078575134,0.0,1808.7578125,425.77099609375,10,0.9558661088396164,"[""Normal"", ""DDoS"", ""Injection"", ""Malware"", ""InformationGathering"", ""MITM""]","[70014, 186623, 71925, 58571, 49615, 254]",,,,,,,
3b5da4eeeb76,edgeiiot,grouped,centralised,4,,main,0.95328919498357,0.9575591927029063,0.9492045939189078,0.9571956539304143,0.9724125789873828,0.95328919498357,0.95328919498357,"[1.0, 0.9881785600360272, 0.9696999220576773, 0.7925239234449761, 0.9595310403277068, 0.9852941176470589]",124762,67014,131328,1.2856385099985346,1.141258999996353,246.2122976840019,247.10905241966248,0.0,1809.01171875,425.76904296875,25,0.9553037793125204,"[""Normal"", ""DDoS"", ""Injection"", ""Malware"", ""InformationGathering"", ""MITM""]","[70012, 186616, 71913, 58576, 49625, 256]",,,,,,,
b71303631e78,edgeiiot,grouped,fedavg,0,,ablation;main,0.6877169012249453,0.8181490269005098,0.6876853734116913,0.8291383084695523,0.47954770143351455,0.559774582136207,0.8131177383335023,"[0.8994698409522857, 0.8042258542718282, 0.9991230207064555, 0.4641981216725489, 0.9149777558082056, 0.04411764705882353]",124756,67014,131328,1.1980319949998375,1.2163205449996894,207.03399435100073,208.67211413383484,134.028,1542.78125,334.34521484375,50,0.673870072073815,"[""Normal"", ""DDoS"", ""Injection"", ""Malware"", ""InformationGathering"", ""MITM""]","[70011, 186619, 71919, 58581, 49620, 257]",,,,,,,
366484018279,edgeiiot,grouped,fedavg,1,,ablation;main,0.8471142903577356,0.8615178693083908,0.8248438923178473,0.8560390254043613,0.7979798754957454,0.5739703332441334,0.7668021958441595,"[0.9448362090522631, 0.9941077125164196, 0.7491474227808633, 0.6650122585660467, 0.6394380118610562, 0.9565217391304348]",124767,67014,131328,1.5222280799935106,1.6355796750031004,209.17202590699708,210.99902510643005,134.028,1543.83203125,321.65087890625,45,0.8466098434538223,"[""Normal"", ""DDoS"", ""Injection"", ""Malware"", ""InformationGathering"", ""MITM""]","[70010, 186616, 71916, 58571, 49614, 254]",,,,,,,
e1a1653cfc83,edgeiiot,grouped,fedavg,2,,ablation;main,0.8452429573458256,0.8528801224663177,0.8336307012238363,0.8574274845685294,0.8321561296448641,0.5549923339312746,0.8342117481121386,"[0.9220305076269067, 0.8435875785720987, 0.9946409431939979, 0.5772129186602871, 0.9106890708839311, 0.7536231884057971]",124769,67014,131328,1.3017893100004585,1.5590890650037181,208.68019904799985,210.4729504585266,134.028,1538.35546875,332.44189453125,40,0.8497232376412994,"[""Normal"", ""DDoS"", ""Injection"", ""Malware"", ""InformationGathering"", ""MITM""]","[70012, 186612, 71918, 58576, 49613, 254]",,,,,,,
1fd449fb2936,edgeiiot,grouped,fedavg,3,,ablation;main,0.7690899807750563,0.8821468935610828,0.7507611414751136,0.8799201884199608,0.5579940367291644,0.5777844283649014,0.7695365919337368,"[0.8873105586955434, 0.925011259570635, 0.9781708327242605, 0.5980861244019139, 0.913089522733691, 0.2028985507246377]",124757,67014,131328,1.482448304996069,1.4965318400027172,209.17515539300075,210.97889947891235,134.028,1537.734375,331.97509765625,40,0.7620548785867465,"[""Normal"", ""DDoS"", ""Injection"", ""Malware"", ""InformationGathering"", ""MITM""]","[70014, 186623, 71925, 58571, 49615, 254]",,,,,,,
2b58b4e2c0cd,edgeiiot,grouped,fedavg,4,,ablation;main,0.735582528002439,0.7861047434314936,0.6931713039802924,0.7708558818437186,0.4398278168531343,0.4395709945328754,0.7558014999181611,"[0.6744023206962089, 0.9280205655526992, 0.8238990646921278, 0.8530502392344498, 0.2767144572356805, 0.6029411764705882]",124762,67014,131328,1.3944075050039828,1.2752204050048022,210.73790681100218,212.42719674110413,134.028,1537.01171875,327.27099609375,40,0.7507017034318104,"[""Normal"", ""DDoS"", ""Injection"", ""Malware"", ""InformationGathering"", ""MITM""]","[70012, 186616, 71913, 58576, 49625, 256]",,,,,,,
dc88b16c032f,edgeiiot,grouped,fedprox,0,,main,0.7702593608857664,0.7935650389560422,0.7507629280995909,0.8109859203351719,0.7539103876844855,0.6008326822069397,0.8131144104551463,"[0.7160648194458338, 0.8176052241466664, 0.9980511571254568, 0.46503559251061793, 0.9048795988983829, 0.6029411764705882]",124756,67014,131328,1.235838265001803,1.4825707049931225,335.9955697029982,337.69588327407837,134.028,1596.7890625,334.34521484375,50,0.7788444767938514,"[""Normal"", ""DDoS"", ""Injection"", ""Malware"", ""InformationGathering"", ""MITM""]","[70011, 186619, 71919, 58581, 49620, 257]",,,,,,,
1793d8568b02,edgeiiot,grouped,fedprox,1,,main,0.8608082164244744,0.8841761042583376,0.848715062318426,0.8792070558380226,0.892043105812245,0.5756648774581636,0.8213384696279071,"[0.9619404851212803, 0.9864327265903546, 0.7797914839715483, 0.5800394666028823, 0.9000282406099972, 0.8840579710144928]",124767,67014,131328,1.6020257449963538,1.5480179649966885,338.2319322739986,340.0981707572937,134.028,1598.0859375,321.65087890625,50,0.8621553708849339,"[""Normal"", ""DDoS"", ""Injection"", ""Malware"", ""InformationGathering"", ""MITM""]","[70010, 186616, 71916, 58571, 49614, 254]",,,,,,,
b373cc57de20,edgeiiot,grouped,fedprox,2,,main,0.8580959319777518,0.8965929036860117,0.8452511759068582,0.8913266163764826,0.8579962877922801,0.5953212503404746,0.8586001731451607,"[0.9335833958489622, 0.9650623885918004, 0.9787586475689369, 0.47811004784688993, 0.9623693871787631, 0.7536231884057971]",124769,67014,131328,1.5317877050074458,1.3707945100031793,327.19301007000104,328.94315361976624,134.028,1592.5390625,332.44189453125,50,0.8646059820577636,"[""Normal"", ""DDoS"", ""Injection"", ""Malware"", ""InformationGathering"", ""MITM""]","[70012, 186612, 71918, 58576, 49613, 254]",,,,,,,
1545b884ee58,edgeiiot,grouped,fedprox,3,,main,0.7355499901724188,0.7732872704537621,0.7264980998364535,0.7447119314718262,0.8357092281309217,0.4789801980007554,0.7589736084815484,"[0.26934427049467313, 0.9603475454136016, 0.9758807191931004, 0.48199760765550237, 0.8308387461169161, 0.8405797101449275]",124757,67014,131328,1.2308275299983507,1.3894245699975727,335.17048532599983,336.84688425064087,134.028,1592.625,331.97509765625,20,0.7467995545108974,"[""Normal"", ""DDoS"", ""Injection"", ""Malware"", ""InformationGathering"", ""MITM""]","[70014, 186623, 71925, 58571, 49615, 254]",,,,,,,
274139d28c42,edgeiiot,grouped,fedprox,4,,main,0.8121254034728475,0.8138696077331239,0.7935142692045175,0.8214986333654154,0.7273200791016314,0.5501148177139451,0.7814799517759732,"[0.910073021906572, 0.8085489651548984, 0.9657540919719407, 0.6220693779904306, 0.704640158203263, 0.75]",124762,67014,131328,1.6221184149981127,1.4856831650013191,343.1146619679985,344.92137694358826,134.028,1591.58984375,327.27099609375,30,0.8307940001771003,"[""Normal"", ""DDoS"", ""Injection"", ""Malware"", ""InformationGathering"", ""MITM""]","[70012, 186616, 71913, 58576, 49625, 256]",,,,,,,
3fe1a6bb47e5,edgeiiot,grouped,scaffold,0,,main;plugin,0.8781292550253732,0.8969829106415723,0.8864322031781895,0.8984510550985506,0.9386077960596003,0.7392180442332227,0.8714708808878024,"[0.9980494148244473, 0.9146009645155843, 0.9748599269183922, 0.5538673206915117, 0.9801567685897888, 0.8970588235294118]",124756,67014,131328,1.5490271749968088,1.4643320000050153,207.89115271800438,209.9623532295227,268.056,1541.86328125,339.73876953125,40,0.8759765266441844,"[""Normal"", ""DDoS"", ""Injection"", ""Malware"", ""InformationGathering"", ""MITM""]","[70011, 186619, 71919, 58581, 49620, 257]",,,,,,,
ef6ae5598fab,edgeiiot,grouped,scaffold,1,,main;plugin,0.8547379153914392,0.8430193881394921,0.8624948270650404,0.8443554604382659,0.9126976331094548,0.6620166672384766,0.8327505089216697,"[0.999299824956239, 0.8175830362169263, 0.9000292312189418, 0.6326616037792262, 0.8833662807116633, 0.9420289855072463]",124767,67014,131328,1.1238008700001956,1.377966384998217,213.61457693599732,215.51146388053894,268.056,1536.52734375,327.04443359375,45,0.8548874472206197,"[""Normal"", ""DDoS"", ""Injection"", ""Malware"", ""InformationGathering"", ""MITM""]","[70010, 186616, 71916, 58571, 49614, 254]",,,,,,,
b709b964bfc6,edgeiiot,grouped,scaffold,2,,main;plugin,0.818362755190638,0.7960470950316184,0.8647994666888664,0.80195547185461,0.9767720982773228,0.7111142244500008,0.8421984197953696,"[0.9895473868467117, 0.6753166338305657, 0.9755919321835721, 0.5947966507177034, 0.9535441965546456, 1.0]",124769,67014,131328,1.4554178999969736,1.4451038900006097,206.6187843650041,208.60906863212585,268.056,1532.73046875,337.83544921875,50,0.825918867278272,"[""Normal"", ""DDoS"", ""Injection"", ""Malware"", ""InformationGathering"", ""MITM""]","[70012, 186612, 71918, 58576, 49613, 254]",,,,,,,
39c10069a38d,edgeiiot,grouped,scaffold,3,,main;plugin,0.9028897393510792,0.9258478482169337,0.8946837443588325,0.92318405699047,0.9258806772834989,0.6837495776519753,0.8622444848520455,"[0.9569349272245286, 0.9980108091878096, 0.9798762364176777, 0.5815191387559808, 0.9387178763061282, 0.9130434782608695]",124757,67014,131328,1.4568247250008426,1.3240413400035322,212.2041822310075,214.22571873664856,268.056,1531.59375,337.36865234375,50,0.9128955190569901,"[""Normal"", ""DDoS"", ""Injection"", ""Malware"", ""InformationGathering"", ""MITM""]","[70014, 186623, 71925, 58571, 49615, 254]",,,,,,,
c52827ddef70,edgeiiot,grouped,scaffold,4,,main;plugin,0.8942741308702833,0.9023981661082702,0.9086972643454972,0.9050823824145953,0.9090061195747456,0.6096145634366625,0.8457640126675529,"[0.9367310193057917, 0.8813727881710544, 0.8435795011691348, 0.972488038277512, 0.9356592979730207, 0.8823529411764706]",124762,67014,131328,1.6440214700014621,1.4821434399982536,217.84334214599585,219.97311997413635,268.056,1531.27734375,332.66455078125,40,0.8954385600680365,"[""Normal"", ""DDoS"", ""Injection"", ""Malware"", ""InformationGathering"", ""MITM""]","[70012, 186616, 71913, 58576, 49625, 256]",,,,,,,
1251904504c5,edgeiiot,grouped,fedbn,0,,main,0.9669457382703691,0.9798727115329122,0.9596273480557035,0.9799399434375355,0.9275563166443048,0.7869563775823281,0.9119660621508124,"[0.9999499849954987, 0.9966598487549493, 0.957904993909866, 0.9481366273852964, 0.9580538097591978, 0.8970588235294118]",124756,67014,131328,1.4487396250024176,1.5290691449990845,209.08680774800268,211.4860668182373,132.236,1529.85546875,334.71630859375,45,0.9671975450450688,"[""Normal"", ""DDoS"", ""Injection"", ""Malware"", ""InformationGathering"", ""MITM""]","[70011, 186619, 71919, 58581, 49620, 257]",,,,,,,
1b0cdeb7b794,edgeiiot,grouped,fedbn,1,,main,0.949112656037623,0.9564868915658788,0.944101499747619,0.9564496385075615,0.9577864273172649,0.8069336755708325,0.9317357618782258,"[0.9999499874968742, 0.9916869956839932, 0.9092857838838546, 0.8481133767864618, 0.9590511155040949, 0.9565217391304348]",124767,67014,131328,1.156077314999493,1.1510243700013234,209.13524316300573,211.2878611087799,132.236,1530.8515625,322.02197265625,50,0.9540389389250624,"[""Normal"", ""DDoS"", ""Injection"", ""Malware"", ""InformationGathering"", ""MITM""]","[70010, 186616, 71916, 58571, 49614, 254]",,,,,,,
30f7d4fd54a8,edgeiiot,grouped,fedbn,2,,main,0.9662931456720428,0.9813655635614615,0.954174271787212,0.9813297167731675,0.9163105894101806,0.8395785030371621,0.9343424260636042,"[0.9997999499874969, 0.9964912280701754, 0.9817792068595927, 0.9143540669856459, 0.9775487150522452, 0.855072463768116]",124769,67014,131328,1.5222757299943623,1.2501892749969556,205.91373279699837,208.21349382400513,132.236,1525.8515625,332.81298828125,50,0.9669784601729495,"[""Normal"", ""DDoS"", ""Injection"", ""Malware"", ""InformationGathering"", ""MITM""]","[70012, 186612, 71918, 58576, 49613, 254]",,,,,,,
e54467e8ff26,edgeiiot,grouped,fedbn,3,,main,0.966607017178608,0.975360100034467,0.9630969595560734,0.9753777575964834,0.9570706915675176,0.7806831090202094,0.9169910052394232,"[0.9998499474816186, 0.996997447830656, 0.9216001559226233, 0.9459928229665072, 0.9721123976277888, 0.9420289855072463]",124757,67014,131328,1.4765316600005463,1.4205745349954668,209.11167854899395,211.41239714622498,132.236,1525.4140625,332.34619140625,45,0.9710891634504789,"[""Normal"", ""DDoS"", ""Injection"", ""Malware"", ""InformationGathering"", ""MITM""]","[70014, 186623, 71925, 58571, 49615, 254]",,,,,,,
de6e0437d47f,edgeiiot,grouped,fedbn,4,,main,0.9683835243412435,0.9812603196486109,0.9602154640081689,0.9812800087842155,0.9356676069679231,0.7498922794961705,0.9106302301872107,"[0.9999499849954987, 0.9970727862946354, 0.9404228371005456, 0.9525119617224881, 0.9889822727593757, 0.8823529411764706]",124762,67014,131328,1.5644318150043546,1.5740812800049753,214.75041143300405,217.2045624256134,132.236,1525.6796875,327.64208984375,40,0.973771315317841,"[""Normal"", ""DDoS"", ""Injection"", ""Malware"", ""InformationGathering"", ""MITM""]","[70012, 186616, 71913, 58576, 49625, 256]",,,,,,,
7b76d5c9c7de,edgeiiot,grouped,fedlc,0,,main,0.7268346447085633,0.7505130013786913,0.7310302283153071,0.7631591106139903,0.7911694089400466,0.6244717084314195,0.7569243459736746,"[0.5023507052115634, 0.8187123529301383, 0.6027771010962241, 0.8800023927738231, 0.9058682296447991, 0.6764705882352942]",124756,67014,131328,1.4831283049988997,1.3846946000012395,216.32410191599956,218.1728231906891,134.028,1596.5,334.34521484375,45,0.7342891574716551,"[""Normal"", ""DDoS"", ""Injection"", ""Malware"", ""InformationGathering"", ""MITM""]","[70011, 186619, 71919, 58581, 49620, 257]",,,,,,,
4182048688a7,edgeiiot,grouped,fedlc,1,,main,0.7209174875787716,0.7569068744139075,0.7213473771454205,0.7415327848130443,0.8338357296923411,0.576497405314697,0.7490749512365329,"[0.30627656914228557, 0.9635766560330268, 0.8852674656533177, 0.5052921126592118, 0.7256424738774357, 0.9420289855072463]",124767,67014,131328,1.4461148349982977,1.5106910000031348,213.10672483198869,214.8152415752411,134.028,1596.87109375,321.65087890625,35,0.7254822715936217,"[""Normal"", ""DDoS"", ""Injection"", ""Malware"", ""InformationGathering"", ""MITM""]","[70010, 186616, 71916, 58571, 49614, 254]",,,,,,,
f89ee2997b45,edgeiiot,grouped,fedlc,2,,main,0.7221113456601613,0.6953570197725396,0.7468446181897058,0.7069079409780641,0.802256383810354,0.4573883996897636,0.7234281918654697,"[0.6193048262065516, 0.5676517496950934, 0.9902562603527234, 0.6993421052631579, 0.850889579214911, 0.7536231884057971]",124769,67014,131328,1.5964678499949514,1.4562139050030964,208.60818071900212,210.44562911987305,134.028,1592.44140625,332.44189453125,35,0.7262994150876544,"[""Normal"", ""DDoS"", ""Injection"", ""Malware"", ""InformationGathering"", ""MITM""]","[70012, 186612, 71918, 58576, 49613, 254]",,,,,,,
698d329aa7d8,edgeiiot,grouped,fedlc,3,,main,0.69794404498225,0.7499218480726533,0.7225471354902183,0.7196654099223405,0.8891254210511237,0.659403010822735,0.7975744694737215,"[0.178262391837143, 0.9186496021618376, 0.7036008380841008, 0.7565191387559809, 0.9811493928268851, 0.7971014492753623]",124757,67014,131328,1.565341140003511,1.6296925050028221,208.19508883099843,210.04507303237915,134.028,1591.19140625,331.97509765625,50,0.706319608289764,"[""Normal"", ""DDoS"", ""Injection"", ""Malware"", ""InformationGathering"", ""MITM""]","[70014, 186623, 71925, 58571, 49615, 254]",,,,,,,
2c8ae4c00b39,edgeiiot,grouped,fedlc,4,,main,0.6662236120065823,0.5982510700373511,0.6671124525811667,0.6184492352967351,0.7948192378158976,0.44601866212331337,0.7004586254488776,"[0.3086926077823347, 0.49683823391439774, 0.9418355416991426, 0.6656698564593302, 0.8102267109259128, 0.7794117647058824]",124762,67014,131328,1.629017274999569,1.572875700003351,214.706326325002,216.4947714805603,134.028,1590.4375,327.27099609375,30,0.6793044171738707,"[""Normal"", ""DDoS"", ""Injection"", ""Malware"", ""InformationGathering"", ""MITM""]","[70012, 186616, 71913, 58576, 49625, 256]",,,,,,,
4b86d9cf52dc,edgeiiot,grouped,fedrs,0,,main,0.7170554835616897,0.8654092789124371,0.711962797187809,0.871590766459015,0.46054304074571006,0.6248717266520508,0.8079799864675798,"[0.7989396819045713, 0.9105665121690342, 0.8932034104750305, 0.7479810970867978, 0.8916743167855378, 0.029411764705882353]",124756,67014,131328,1.6959094850062684,1.482079759998669,218.46712522601047,220.24182987213135,134.028,1563.671875,334.34521484375,45,0.7087364601110253,"[""Normal"", ""DDoS"", ""Injection"", ""Malware"", ""InformationGathering"", ""MITM""]","[70011, 186619, 71919, 58581, 49620, 257]",,,,,,,
49d7c72af9d0,edgeiiot,grouped,fedrs,1,,main,0.832704323994849,0.8511224923256951,0.8213319475996389,0.849258674272915,0.8658535212766393,0.629013238931965,0.7902635527625507,"[0.8155038759689922, 0.970369675361231, 0.8779109422196238, 0.5325001494947079, 0.7896780570460322, 0.9420289855072463]",124767,67014,131328,1.4918171299996175,1.2397651800074527,222.52417359200808,224.24641633033752,134.028,1563.6796875,321.65087890625,40,0.8246341165230783,"[""Normal"", ""DDoS"", ""Injection"", ""Malware"", ""InformationGathering"", ""MITM""]","[70010, 186616, 71916, 58571, 49614, 254]",,,,,,,
fb3f9de0fc49,edgeiiot,grouped,fedrs,2,,main,0.8591666122139291,0.8761391050661622,0.8484308928070817,0.8800811535872166,0.8292614671201536,0.6495422590872959,0.8457684140919612,"[0.9577894473618405, 0.8787503518153673, 0.9944460684010523, 0.6010765550239234, 0.90489974583451, 0.7536231884057971]",124769,67014,131328,1.339157005004381,1.457114514996647,211.81733058499776,213.522531747818,134.028,1559.37109375,332.44189453125,40,0.8634271353515305,"[""Normal"", ""DDoS"", ""Injection"", ""Malware"", ""InformationGathering"", ""MITM""]","[70012, 186612, 71918, 58576, 49613, 254]",,,,,,,
6d6d0416ffd4,edgeiiot,grouped,fedrs,3,,main,0.8009413987115533,0.9252867574564955,0.7783972232053628,0.9229683758348216,0.5535717209172878,0.5772602528544017,0.777522668993721,"[0.9994498074326014, 0.9795638792974027, 0.9836281245431955, 0.6005980861244019, 0.9187376447331262, 0.18840579710144928]",124757,67014,131328,1.4444632600043406,1.4886209199994482,212.49558319700373,214.22949194908142,134.028,1558.37109375,331.97509765625,40,0.7979584458384842,"[""Normal"", ""DDoS"", ""Injection"", ""Malware"", ""InformationGathering"", ""MITM""]","[70014, 186623, 71925, 58571, 49615, 254]",,,,,,,
1376b7d1ca82,edgeiiot,grouped,fedrs,4,,main,0.7094559780697481,0.7641910197015117,0.6790688841718682,0.7509345902552549,0.4085719745910936,0.42557635211825884,0.7249990994673495,"[0.7969890967290187, 0.8494549002683279, 0.8125, 0.7983253588516747, 0.28773218447630483, 0.5294117647058824]",124762,67014,131328,1.5287186549994658,1.6012427700025,216.94255519900253,218.75022649765015,134.028,1558.30078125,327.27099609375,40,0.7245675319332804,"[""Normal"", ""DDoS"", ""Injection"", ""Malware"", ""InformationGathering"", ""MITM""]","[70012, 186616, 71913, 58576, 49625, 256]",,,,,,,
eb89d5855216,edgeiiot,grouped,statavg,0,,ablation;main,0.8734597921397781,0.874042130238225,0.8706193113743078,0.8791910667320225,0.9180583998305205,0.7547459889924863,0.8575902387159993,"[1.0, 0.8807866243831041, 0.9352984165651644, 0.5715140276365377, 0.9390579761316291, 0.8970588235294118]",124756,67014,131328,1.4998821200060775,1.682891340005881,209.43789340501098,211.2364661693573,134.04328,1543.69140625,334.34521484375,45,0.8744329123491913,"[""Normal"", ""DDoS"", ""Injection"", ""Malware"", ""InformationGathering"", ""MITM""]","[70011, 186619, 71919, 58581, 49620, 257]",,,,,,,
35c9ddfa2520,edgeiiot,grouped,statavg,1,,ablation;main,0.8745745173384218,0.8842482387169684,0.8725542598139401,0.8840584486526565,0.9243566052331078,0.6925730091984711,0.842184368225942,"[1.0, 0.929742916119347, 0.9775893988112637, 0.4792800334868146, 0.8921914713357808, 0.9565217391304348]",124767,67014,131328,1.5913101200021629,1.5591393649992824,210.89686363200053,212.69523787498474,134.04328,1542.828125,321.65087890625,40,0.8703831887929985,"[""Normal"", ""DDoS"", ""Injection"", ""Malware"", ""InformationGathering"", ""MITM""]","[70010, 186616, 71916, 58571, 49614, 254]",,,,,,,
b46411ddaac3,edgeiiot,grouped,statavg,2,,ablation;main,0.8471868422975269,0.8459953994982728,0.8429888731605121,0.8522167914798172,0.8857401290882376,0.6223619287711283,0.8395830922895708,"[0.9998999749937484, 0.8335491134252744, 0.9994153756211634, 0.4535885167464115, 0.9164077944083592, 0.855072463768116]",124769,67014,131328,1.4550272399992537,1.621336855005211,205.22940883199772,206.9623851776123,134.04328,1538.16015625,332.44189453125,40,0.8553761402221732,"[""Normal"", ""DDoS"", ""Injection"", ""Malware"", ""InformationGathering"", ""MITM""]","[70012, 186612, 71918, 58576, 49613, 254]",,,,,,,
1b6001e15e78,edgeiiot,grouped,statavg,3,,ablation;main,0.8369657886133958,0.8593425619404121,0.8497156331788528,0.8631148134290593,0.880660400525521,0.561418987059006,0.8166424909303072,"[0.9991497023958386, 0.8823562528148926, 0.9993665643424451, 0.4561004784688995, 0.8482773227901723, 0.9130434782608695]",124757,67014,131328,1.2849654299952817,1.4518607650006743,204.74729014599325,206.49461603164673,134.04328,1539.04296875,331.97509765625,45,0.8522826239807241,"[""Normal"", ""DDoS"", ""Injection"", ""Malware"", ""InformationGathering"", ""MITM""]","[70014, 186623, 71925, 58571, 49615, 254]",,,,,,,
c9484002beac,edgeiiot,grouped,statavg,4,,ablation;main,0.8509365982389685,0.879530626312499,0.8302732796829364,0.8734591776327588,0.8163795216511635,0.4291394170226273,0.7971893331432406,"[1.0, 0.995590415251534, 0.8844505066250974, 0.4688397129186603, 0.7504061021258563, 0.8823529411764706]",124762,67014,131328,1.4784442349991878,1.5226400199935597,211.9023408109988,213.66978216171265,134.04328,1537.734375,327.27099609375,50,0.8542318845169742,"[""Normal"", ""DDoS"", ""Injection"", ""Malware"", ""InformationGathering"", ""MITM""]","[70012, 186616, 71913, 58576, 49625, 256]",,,,,,,
d1245b0920e6,edgeiiot,grouped,fedstap,0,,ablation;main,0.8390099485533713,0.8421398570008657,0.8515906895558242,0.8486634388445834,0.920529976696561,0.6538075422944143,0.8399359522959318,"[0.9996999099729919, 0.817867932671558, 0.9992204628501827, 0.4516958784470898, 0.9440011298637102, 0.8970588235294118]",124756,67014,131328,1.1260977600068145,1.2892326650035102,212.56871299699196,214.15141916275024,134.04328,1563.875,334.34521484375,25,0.8348319545200789,"[""Normal"", ""DDoS"", ""Injection"", ""Malware"", ""InformationGathering"", ""MITM""]","[70011, 186619, 71919, 58581, 49620, 257]",,,,,,,
f1b4ca4d2f46,edgeiiot,grouped,fedstap,1,,ablation;main,0.8933976784829264,0.9085575512755777,0.8930501232863106,0.9083560967511831,0.9535856365801849,0.6802326590499213,0.8628834576050242,"[0.9998999749937484, 0.9762994933383374, 0.8261229659943486, 0.6488070322310591, 0.950649534029935, 0.9565217391304348]",124767,67014,131328,1.408957695002755,1.4168913449975662,213.73045477901178,215.4418830871582,134.04328,1565.0859375,321.65087890625,40,0.8915814029183179,"[""Normal"", ""DDoS"", ""Injection"", ""Malware"", ""InformationGathering"", ""MITM""]","[70010, 186616, 71916, 58571, 49614, 254]",,,,,,,
a145261bc217,edgeiiot,grouped,fedstap,2,,ablation;main,0.8822139694948349,0.899422132100121,0.8811734504352672,0.8939046264769311,0.9728086923779002,0.6773743874403382,0.8717353825367905,"[0.9999499874968742, 0.9881977671451355, 0.8581798694338887, 0.4950956937799043, 0.960110138378989, 0.9855072463768116]",124769,67014,131328,1.4406336250067397,1.1592964000010397,212.25522336301583,213.92034578323364,134.04328,1559.1484375,332.44189453125,50,0.8777548739455189,"[""Normal"", ""DDoS"", ""Injection"", ""Malware"", ""InformationGathering"", ""MITM""]","[70012, 186612, 71918, 58576, 49613, 254]",,,,,,,
e00652b63f51,edgeiiot,grouped,fedstap,3,,ablation;main,0.8666457249977751,0.8699471773126959,0.8639879721729095,0.8739862152357888,0.9032528885232616,0.612923990935172,0.8257651792339473,"[0.9999499824938729, 0.8833696141720463, 0.9906933684159236, 0.5034090909090909, 0.8934622987856538, 0.9130434782608695]",124757,67014,131328,1.2469993000013346,1.4122491399939463,210.10451456599912,211.751305103302,134.04328,1559.96875,331.97509765625,35,0.8721854259314923,"[""Normal"", ""DDoS"", ""Injection"", ""Malware"", ""InformationGathering"", ""MITM""]","[70014, 186623, 71925, 58571, 49615, 254]",,,,,,,
b63ed09997e6,edgeiiot,grouped,fedstap,4,,ablation;main,0.8489405036284587,0.8639649893397028,0.8528777788806172,0.8668703723002711,0.8980237055624567,0.5798876734024878,0.8334739441284802,"[0.9995998799639892, 0.8812039104572833, 0.9877240841777085, 0.4526913875598086, 0.9136944699484427, 0.8823529411764706]",124762,67014,131328,1.439079709998623,1.1406171949965938,216.97455838300084,218.6796259880066,134.04328,1558.87109375,327.27099609375,40,0.8529660001786584,"[""Normal"", ""DDoS"", ""Injection"", ""Malware"", ""InformationGathering"", ""MITM""]","[70012, 186616, 71913, 58576, 49625, 256]",,,,,,,
de4cc171aae1,edgeiiot,grouped,fedprox_sfs,0,,main,0.8706325810729504,0.8734730193337394,0.8669775673610448,0.877312771364385,0.9112086010874938,0.7324985139692883,0.8609452681639229,"[0.9999499849954987, 0.8813308063275225, 0.9981973203410475, 0.49997009032721185, 0.9253583786455759, 0.8970588235294118]",124756,67014,131328,1.5837408499919547,1.1875881850028236,328.51776174500446,330.2795877456665,134.04328,1598.26953125,334.34521484375,45,0.8716038659964567,"[""Normal"", ""DDoS"", ""Injection"", ""Malware"", ""InformationGathering"", ""MITM""]","[70011, 186619, 71919, 58581, 49620, 257]",,,,,,,
61f141cd68ed,edgeiiot,grouped,fedprox_sfs,1,,main,0.8647226310987338,0.8820521451986503,0.8496105337814966,0.8752235877731551,0.8774418918752993,0.6321538269473406,0.8162590101972331,"[1.0, 0.9879527115781572, 0.8880444314527915, 0.4667822759074329, 0.7983620446201638, 0.9565217391304348]",124767,67014,131328,1.4149795999946946,1.1369430699960503,336.23757611400106,337.90548515319824,134.04328,1597.37890625,321.65087890625,45,0.8608468937506052,"[""Normal"", ""DDoS"", ""Injection"", ""Malware"", ""InformationGathering"", ""MITM""]","[70010, 186616, 71916, 58571, 49614, 254]",,,,,,,
574b552e7ebf,edgeiiot,grouped,fedprox_sfs,2,,main,0.8511502367461796,0.8469651916742139,0.8498457803506582,0.8532054497217694,0.9014842691616631,0.5952233771896153,0.8377412388598143,"[0.9996499124781195, 0.8206023079088095, 0.9962486602357985, 0.47960526315789476, 0.9478960745552104, 0.855072463768116]",124769,67014,131328,1.450013530002252,1.6315464800027257,330.48346548198606,332.3148295879364,134.04328,1592.59765625,332.44189453125,45,0.8590227748707151,"[""Normal"", ""DDoS"", ""Injection"", ""Malware"", ""InformationGathering"", ""MITM""]","[70012, 186612, 71918, 58576, 49613, 254]",,,,,,,
8a52bb383a52,edgeiiot,grouped,fedprox_sfs,3,,main,0.8525443434870407,0.8870925078352316,0.8471857015053373,0.8785790469650552,0.8960515329739818,0.5637713078741242,0.81696107077853,"[0.9994998249387286, 1.0, 0.8656141889587292, 0.4258971291866029, 0.879059587687094, 0.9130434782608695]",124757,67014,131328,1.703345010000703,1.457455250001658,330.14717481501066,331.95390939712524,134.04328,1592.1640625,331.97509765625,30,0.8623125022796324,"[""Normal"", ""DDoS"", ""Injection"", ""Malware"", ""InformationGathering"", ""MITM""]","[70014, 186623, 71925, 58571, 49615, 254]",,,,,,,
ee43e6bbc07f,edgeiiot,grouped,fedprox_sfs,4,,main,0.8544870024856225,0.8821275708949841,0.8341859376618341,0.8761244130451091,0.8290216573952132,0.4287763844832397,0.799141930200715,"[1.0, 0.995421537537763, 0.8850837879968823, 0.466566985645933, 0.7756903736139558, 0.8823529411764706]",124762,67014,131328,1.4002364899988606,1.4967861350032763,339.25788247799574,340.95937299728394,134.04328,1591.33203125,327.27099609375,50,0.8574102606425013,"[""Normal"", ""DDoS"", ""Injection"", ""Malware"", ""InformationGathering"", ""MITM""]","[70012, 186616, 71913, 58576, 49625, 256]",,,,,,,
3367cc7bc1fd,edgeiiot,grouped,scaffold_sfs,0,,main;plugin,0.8641901367225263,0.8680544422713136,0.8641553658501361,0.8746929383543547,0.9022049996469176,0.7470385852906245,0.8512209823587646,"[0.9997999399819946, 0.8767334071419189, 0.92721071863581, 0.5767781300472573, 0.9073511757644234, 0.8970588235294118]",124756,67014,131328,1.3995296450048045,1.2405775749994064,210.21701366499292,212.18387246131897,268.07128,1541.48046875,339.73876953125,40,0.8619534071263892,"[""Normal"", ""DDoS"", ""Injection"", ""Malware"", ""InformationGathering"", ""MITM""]","[70011, 186619, 71919, 58581, 49620, 257]",,,,,,,
3d9117594623,edgeiiot,grouped,scaffold_sfs,1,,main;plugin,0.85002344632383,0.8778923914176024,0.8454807655167871,0.876990587430916,0.859598123841214,0.6680739792950932,0.8337932256054433,"[0.9985496374093523, 0.9210921373616063, 0.9972230342005262, 0.43682353644680977, 0.893109291160689, 0.8260869565217391]",124767,67014,131328,1.4907965499969578,1.1462546099937754,202.59497165600442,204.49389672279358,268.07128,1536.8515625,327.04443359375,30,0.851090770811933,"[""Normal"", ""DDoS"", ""Injection"", ""Malware"", ""InformationGathering"", ""MITM""]","[70010, 186616, 71916, 58571, 49614, 254]",,,,,,,
c9f830bff6c7,edgeiiot,grouped,scaffold_sfs,2,,main;plugin,0.826050520295608,0.8397598762513124,0.8395223790626279,0.8422709081114312,0.9112625803731853,0.5768102408359224,0.8404611081755743,"[0.9996999249812453, 0.8327422835162773, 0.9285783883854624, 0.4535885167464115, 0.9674526969782548, 0.855072463768116]",124769,67014,131328,1.243760930001372,1.135973295004078,198.802647849996,200.60164785385132,268.07128,1533.21484375,337.83544921875,45,0.8343880179282662,"[""Normal"", ""DDoS"", ""Injection"", ""Malware"", ""InformationGathering"", ""MITM""]","[70012, 186612, 71918, 58576, 49613, 254]",,,,,,,
de70535de93d,edgeiiot,grouped,scaffold_sfs,3,,main;plugin,0.8272260127631724,0.859703263143551,0.8459009105056693,0.8632904998379707,0.8367462519799123,0.5830756046593042,0.8198174777885061,"[0.9988996148652028, 0.8915891007356253, 0.964235248258052, 0.5471889952153111, 0.7604490256989551, 0.9130434782608695]",124757,67014,131328,1.1161659749996033,1.124271035005222,197.90436172300724,199.68809247016907,268.07128,1532.06640625,337.36865234375,25,0.8424801207400314,"[""Normal"", ""DDoS"", ""Injection"", ""Malware"", ""InformationGathering"", ""MITM""]","[70014, 186623, 71925, 58571, 49615, 254]",,,,,,,
906ab07f6c09,edgeiiot,grouped,scaffold_sfs,4,,main;plugin,0.8180849458880415,0.8379875282537952,0.8080386794719642,0.8363837984432995,0.8084340452757133,0.4917499860060087,0.7874454025941804,"[0.999849954986496, 0.9148293396881392, 0.8742205767731879, 0.4424641148325359, 0.7345151493749559, 0.8823529411764706]",124762,67014,131328,1.2687760099925072,1.0951838199980557,199.25154768900393,200.99286103248596,268.07128,1531.44140625,332.66455078125,50,0.8257793236308517,"[""Normal"", ""DDoS"", ""Injection"", ""Malware"", ""InformationGathering"", ""MITM""]","[70012, 186616, 71913, 58576, 49625, 256]",,,,,,,
2e44bc6fc8bb,edgeiiot,grouped,fedbn_sfs,0,,main,0.9704732890479915,0.9821411395043124,0.9624557808779981,0.9821206463572113,0.9424210860814914,0.8089678313126205,0.9202653349944757,"[1.0, 0.9981610403257586, 0.9632155907429963, 0.9285158820362506, 0.9877833486335711, 0.8970588235294118]",124756,67014,131328,1.453093070003888,1.2902919000043767,204.95313757600343,207.14190125465393,132.25128,1530.56640625,334.71630859375,40,0.9712307638709737,"[""Normal"", ""DDoS"", ""Injection"", ""Malware"", ""InformationGathering"", ""MITM""]","[70011, 186619, 71919, 58581, 49620, 257]",,,,,,,
2b7fedc971bd,edgeiiot,grouped,fedbn_sfs,1,,main,0.9437086779095045,0.9533770949049027,0.9370127547064121,0.9525813067502303,0.9589866532421448,0.8589646818553454,0.9466832959380888,"[1.0, 0.9930756239444549, 0.9825099873331384, 0.7285176104765891, 0.9614515673538548, 0.9565217391304348]",124767,67014,131328,1.4555323199965642,1.4601178500015521,209.2007015179861,211.4846682548523,132.25128,1531.390625,322.02197265625,50,0.9472409318307493,"[""Normal"", ""DDoS"", ""Injection"", ""Malware"", ""InformationGathering"", ""MITM""]","[70010, 186616, 71916, 58571, 49614, 254]",,,,,,,
5ceb8e8ee999,edgeiiot,grouped,fedbn_sfs,2,,main,0.9634987875602121,0.9789210460931802,0.9512564654305874,0.9788867319237968,0.9153574688227759,0.8685796024416659,0.9484229288475925,"[0.9999499874968742, 0.9967539168777559, 0.9746175582188444, 0.9055023923444976, 0.9756424738774357, 0.855072463768116]",124769,67014,131328,1.2384515649955574,1.1561246850033058,206.20502918500097,208.3803632259369,132.25128,1526.30078125,332.81298828125,45,0.9699509265165897,"[""Normal"", ""DDoS"", ""Injection"", ""Malware"", ""InformationGathering"", ""MITM""]","[70012, 186612, 71918, 58576, 49613, 254]",,,,,,,
1bf4e1a68674,edgeiiot,grouped,fedbn_sfs,3,,main,0.9705059779316144,0.980265636397156,0.9629473565063295,0.9802944943726113,0.943319253956755,0.7925744083307497,0.9263157110112068,"[1.0, 0.9981421708452184, 0.9494225990352287, 0.9434808612440191, 0.9735950296526404, 0.9130434782608695]",124757,67014,131328,1.5266015999986848,1.4186926549973577,214.82505241700892,217.17393946647644,132.25128,1525.37890625,332.34619140625,45,0.9760583114735395,"[""Normal"", ""DDoS"", ""Injection"", ""Malware"", ""InformationGathering"", ""MITM""]","[70014, 186623, 71925, 58571, 49615, 254]",,,,,,,
0b4e077558c9,edgeiiot,grouped,fedbn_sfs,4,,main,0.9687693209595042,0.981572914829836,0.9594394355509964,0.9815941492424065,0.9331956809844497,0.7238575365118325,0.9195453313055907,"[0.9999499849954987, 0.9984050438143847, 0.9549883086515978, 0.9369019138755981, 0.9840384207924289, 0.8823529411764706]",124762,67014,131328,1.6816597699926206,1.5741501599950425,212.0093946660072,214.3540642261505,132.25128,1525.14453125,327.64208984375,40,0.9739260450843528,"[""Normal"", ""DDoS"", ""Injection"", ""Malware"", ""InformationGathering"", ""MITM""]","[70012, 186616, 71913, 58576, 49625, 256]",,,,,,,
c46cb7cb341b,edgeiiot,grouped,fedlc_sfs,0,,main,0.8733740527784488,0.8725432043348617,0.8716528029580087,0.8786331491651744,0.9213420662382601,0.7639493534010776,0.8549585025544516,"[1.0, 0.8802987371225911, 0.8680633373934227, 0.6388706107555183, 0.9456253089471083, 0.8970588235294118]",124756,67014,131328,1.4736223900035839,1.621606825001436,211.3248381930025,213.12084031105042,134.04328,1596.71484375,334.34521484375,45,0.8740439909694037,"[""Normal"", ""DDoS"", ""Injection"", ""Malware"", ""InformationGathering"", ""MITM""]","[70011, 186619, 71919, 58581, 49620, 257]",,,,,,,
a5fdf2263c1e,edgeiiot,grouped,fedlc_sfs,1,,main,0.8812339442476659,0.8992121314129538,0.8787820535715724,0.8957446279312297,0.9330758935697359,0.6829411278892448,0.8564094028025092,"[1.0, 0.9651341715143554, 0.9756406508818084, 0.46576571189379895, 0.909630048009037, 0.9565217391304348]",124767,67014,131328,1.4086739100002887,1.210183989996949,212.82501352699728,214.51545405387878,134.04328,1598.01171875,321.65087890625,40,0.8774074525206247,"[""Normal"", ""DDoS"", ""Injection"", ""Malware"", ""InformationGathering"", ""MITM""]","[70010, 186616, 71916, 58571, 49614, 254]",,,,,,,
6f28850887e9,edgeiiot,grouped,fedlc_sfs,2,,main,0.8361386212346066,0.8367382923642892,0.8426074181447363,0.8415312916523047,0.9126393101105477,0.587925124934855,0.837330491339553,"[0.9998999749937484, 0.8132094943240454, 0.9375913475591933, 0.4796650717703349, 0.9702061564529794, 0.855072463768116]",124769,67014,131328,1.4388971900007164,1.6478949599968473,208.11807378300546,209.9218385219574,134.04328,1591.765625,332.44189453125,45,0.8434428693111925,"[""Normal"", ""DDoS"", ""Injection"", ""Malware"", ""InformationGathering"", ""MITM""]","[70012, 186612, 71918, 58576, 49613, 254]",,,,,,,
f0df98e89937,edgeiiot,grouped,fedlc_sfs,3,,main,0.8550031136232069,0.8998693460086408,0.8663709278574818,0.8948593559172477,0.9033234900482545,0.6380288273307579,0.8362517216132475,"[0.9986495273345671, 0.9828479207326227, 0.9541002777371729, 0.45598086124401915, 0.8936035018356396, 0.9130434782608695]",124757,67014,131328,1.627037524995103,1.3645424199967238,209.12105835000148,211.00209784507751,134.04328,1590.86328125,331.97509765625,10,0.8671161730748288,"[""Normal"", ""DDoS"", ""Injection"", ""Malware"", ""InformationGathering"", ""MITM""]","[70014, 186623, 71925, 58571, 49615, 254]",,,,,,,
81a49f05e30d,edgeiiot,grouped,fedlc_sfs,4,,main,0.8509503266070596,0.8826245170805214,0.837504775921951,0.8789082409546435,0.8169092200761935,0.47145735930206795,0.8121465025826909,"[0.9998999699909973, 0.9803914210121404, 0.9420791114575214, 0.4688397129186603, 0.7514654989759164, 0.8823529411764706]",124762,67014,131328,1.689881755000897,1.7284992250006326,217.37772933398992,219.27579379081726,134.04328,1590.89453125,327.27099609375,50,0.8542639487830126,"[""Normal"", ""DDoS"", ""Injection"", ""Malware"", ""InformationGathering"", ""MITM""]","[70012, 186616, 71913, 58576, 49625, 256]",,,,,,,
51f847923a2f,edgeiiot,grouped,fedrs_sfs,0,,main,0.8673404733101497,0.8740661771778512,0.8680379299648044,0.877612938485524,0.9148806581456113,0.7355500783800711,0.8599990494833525,"[1.0, 0.8814621605899683, 0.9933252131546894, 0.5036788897529461, 0.9327024927618106, 0.8970588235294118]",124756,67014,131328,1.1753231800048525,1.1259226650054188,216.01225263299057,217.5975203514099,134.04328,1564.33984375,334.34521484375,45,0.8644890842137354,"[""Normal"", ""DDoS"", ""Injection"", ""Malware"", ""InformationGathering"", ""MITM""]","[70011, 186619, 71919, 58581, 49620, 257]",,,,,,,
a1f872aa5b3f,edgeiiot,grouped,fedrs_sfs,1,,main,0.8863907776199276,0.9045260365320958,0.8831201853646556,0.9007419217760728,0.9352998416070135,0.6925730091984711,0.8605424615760177,"[1.0, 0.9714955901670107, 0.9773458053200819, 0.4792800334868146, 0.9140779440835922, 0.9565217391304348]",124767,67014,131328,1.3458450449979864,1.525811049996264,212.10428074799893,213.74861359596252,134.04328,1564.421875,321.65087890625,40,0.8820027438918069,"[""Normal"", ""DDoS"", ""Injection"", ""Malware"", ""InformationGathering"", ""MITM""]","[70010, 186616, 71916, 58571, 49614, 254]",,,,,,,
4696df60f734,edgeiiot,grouped,fedrs_sfs,2,,main,0.8525192000466265,0.849810449711066,0.8480015976831611,0.8565256633493479,0.8884935885629622,0.6229881727597463,0.8432049435282394,"[0.9999499874968742, 0.8332301341589268, 0.9990743447335088, 0.47876794258373206, 0.9219147133578085, 0.855072463768116]",124769,67014,131328,1.152576880003835,1.133797569991657,208.12624126999435,209.59728050231934,134.04328,1559.33984375,332.44189453125,40,0.8605945283320726,"[""Normal"", ""DDoS"", ""Injection"", ""Malware"", ""InformationGathering"", ""MITM""]","[70012, 186612, 71918, 58576, 49613, 254]",,,,,,,
bbd07bdb9836,edgeiiot,grouped,fedrs_sfs,3,,main,0.8512926072392716,0.8722797117596608,0.8251389301127382,0.8638444016792513,0.8188840661566985,0.5689099498254124,0.7987842710387899,"[0.9998999649877457, 1.0, 0.8571846221312673, 0.45598086124401915, 0.7247246540525275, 0.9130434782608695]",124757,67014,131328,1.1016577450027398,1.1694530700060568,198.00199049899493,199.4481816291809,134.04328,1559.30078125,331.97509765625,30,0.8558427453161187,"[""Normal"", ""DDoS"", ""Injection"", ""Malware"", ""InformationGathering"", ""MITM""]","[70014, 186623, 71925, 58571, 49615, 254]",,,,,,,
1605e85c65cd,edgeiiot,grouped,fedrs_sfs,4,,main,0.8469544096738536,0.8760520030137382,0.8247543195368667,0.8694408046487738,0.8038433255921198,0.4233034440834612,0.7909604272475274,"[1.0, 0.9982174019101946, 0.873782151208106, 0.4688397129186603, 0.7253337100077689, 0.8823529411764706]",124762,67014,131328,1.1005854200084286,1.1264844549987174,190.72407934100193,192.09660458564758,134.04328,1558.921875,327.27099609375,50,0.8502063665426186,"[""Normal"", ""DDoS"", ""Injection"", ""Malware"", ""InformationGathering"", ""MITM""]","[70012, 186616, 71913, 58576, 49625, 256]",,,,,,,
ac25cf9573f3,ciciot2023,fine,abl_s0a1p0,0,,ablation,0.46518785973942156,0.7080800039802976,0.4793902091103315,0.669754473254099,0.028403647432692365,0.31548889872585384,0.4922414942883039,"[0.5667400440264159, 0.9819909954977488, 0.7067654123298639, 0.9537768884442221, 0.02161080540270135, 0.9960976585951571, 0.050530318190914546, 0.8230542517192446, 0.854339944551077, 0.9689875950380152, 0.17250324254215305, 0.4810400866738895, 0.8236470941282384, 0.7733866933466733, 0.9872949179671868, 0.8733905579399142, 0.9881952781112445, 0.6442577030812325, 0.9790916366546618, 0.0, 0.4675039246467818, 0.08336462636124671, 0.16430358632193495, 0.030156537753222835, 0.12781954887218044, 0.7445978391356542, 0.9516903380676135, 0.0, 0.0, 0.0, 0.0, 0.0, 0.0, 0.08312958435207823]",200990,56290,109824,1.1183970249931008,1.1391912250019232,339.92489997399935,341.562961101532,112.58272,1538.11328125,286.177734375,50,0.4672762366623787,"[""DDoS-RSTFINFlood"", ""DDoS-PSHACK_Flood"", ""DDoS-SYN_Flood"", ""DDoS-UDP_Flood"", ""DDoS-TCP_Flood"", ""DDoS-ICMP_Flood"", ""DDoS-SynonymousIP_Flood"", ""DDoS-ACK_Fragmentation"", ""DDoS-UDP_Fragmentation"", ""DDoS-ICMP_Fragmentation"", ""DDoS-SlowLoris"", ""DDoS-HTTP_Flood"", ""DoS-UDP_Flood"", ""DoS-SYN_Flood"", ""DoS-TCP_Flood"", ""DoS-HTTP_Flood"", ""Mirai-greeth_flood"", ""Mirai-greip_flood"", ""Mirai-udpplain"", ""Recon-PingSweep"", ""Recon-OSScan"", ""Recon-PortScan"", ""VulnerabilityScan"", ""Recon-HostDiscovery"", ""DNS_Spoofing"", ""MITM-ArpSpoofing"", ""BenignTraffic"", ""BrowserHijacking"", ""Backdoor_Malware"", ""XSS"", ""Uploading_Attack"", ""SqlInjection"", ""CommandInjection"", ""DictionaryBruteForce""]","[35013, 35009, 35014, 35010, 35011, 35013, 35012, 32096, 32858, 35008, 2712, 3256, 35008, 35010, 35008, 8173, 35008, 35009, 35007, 241, 11161, 9330, 4210, 15217, 20501, 35007, 35004, 649, 396, 418, 148, 603, 596, 1446]",,,,,,,
e6cfa2b37961,ciciot2023,fine,abl_s0a1p0,1,,ablation,0.5042292745528372,0.7445432337093075,0.5012245740271513,0.7338389131884476,0.023172135866436384,0.3371057296364093,0.5421534513339492,"[0.9966980188112867, 0.9921953171903142, 0.6137454981992797, 0.5154061624649859, 0.7461984793917567, 0.9913956978489245, 0.5354354354354355, 0.8390265196987886, 0.8270788912579957, 0.9798899449724863, 0.20854922279792745, 0.10151187904967603, 0.9236541925155093, 0.7495497298379027, 0.9064625850340136, 0.5937365937365937, 0.9621773063838303, 0.7274637318659329, 0.9666866746698679, 0.0, 0.06689698492462312, 0.5221637866265966, 0.5383973288814691, 0.13723232788395118, 0.5516062884483938, 0.8907453726863431, 0.15773154630926184, 0.0, 0.0, 0.0, 0.0, 0.0, 0.0, 0.0]",200989,56290,109824,1.1946515149975312,1.1338464699929318,334.5646192500026,336.30152106285095,112.58272,1538.203125,289.54736328125,40,0.5035463053188541,"[""DDoS-RSTFINFlood"", ""DDoS-PSHACK_Flood"", ""DDoS-SYN_Flood"", ""DDoS-UDP_Flood"", ""DDoS-TCP_Flood"", ""DDoS-ICMP_Flood"", ""DDoS-SynonymousIP_Flood"", ""DDoS-ACK_Fragmentation"", ""DDoS-UDP_Fragmentation"", ""DDoS-ICMP_Fragmentation"", ""DDoS-SlowLoris"", ""DDoS-HTTP_Flood"", ""DoS-UDP_Flood"", ""DoS-SYN_Flood"", ""DoS-TCP_Flood"", ""DoS-HTTP_Flood"", ""Mirai-greeth_flood"", ""Mirai-greip_flood"", ""Mirai-udpplain"", ""Recon-PingSweep"", ""Recon-OSScan"", ""Recon-PortScan"", ""VulnerabilityScan"", ""Recon-HostDiscovery"", ""DNS_Spoofing"", ""MITM-ArpSpoofing"", ""BenignTraffic"", ""BrowserHijacking"", ""Backdoor_Malware"", ""XSS"", ""Uploading_Attack"", ""SqlInjection"", ""CommandInjection"", ""DictionaryBruteForce""]","[35013, 35013, 35009, 35007, 35009, 35012, 35021, 32094, 32855, 35009, 2712, 3252, 35012, 35013, 35008, 8172, 35011, 35012, 35009, 240, 11162, 9332, 4211, 15218, 20502, 35011, 35005, 648, 397, 419, 146, 605, 595, 1446]",,,,,,,
08e3ca904ebd,ciciot2023,fine,abl_s0a1p0,2,,ablation,0.4772870611926139,0.7093524249238791,0.48513085795879657,0.6815012470087282,0.032756132756132754,0.3584701795685731,0.5077936927072771,"[0.7471229860902632, 0.24352176088044022, 0.9641856742697079, 0.7921960980490245, 0.5583791895947974, 0.9909936955869109, 0.3937575030012005, 0.9811135371179039, 0.9760127931769723, 0.9648859543817527, 0.2948051948051948, 0.323943661971831, 0.5581790895447724, 0.9200680272108843, 0.9585834333733494, 0.7844568484328038, 0.09555733440064039, 0.9703911173352006, 0.9865959787936381, 0.0, 0.1010989010989011, 0.5386927122464312, 0.0, 0.6011973290352292, 0.28151691151349506, 0.8994798959791959, 0.5677135427085417, 0.0, 0.0, 0.0, 0.0, 0.0, 0.0, 0.0]",200996,56290,109824,1.3701018450046831,1.484523770004671,334.61137916900225,336.4369876384735,112.58272,1529.08203125,284.41259765625,50,0.47709292264922304,"[""DDoS-RSTFINFlood"", ""DDoS-PSHACK_Flood"", ""DDoS-SYN_Flood"", ""DDoS-UDP_Flood"", ""DDoS-TCP_Flood"", ""DDoS-ICMP_Flood"", ""DDoS-SynonymousIP_Flood"", ""DDoS-ACK_Fragmentation"", ""DDoS-UDP_Fragmentation"", ""DDoS-ICMP_Fragmentation"", ""DDoS-SlowLoris"", ""DDoS-HTTP_Flood"", ""DoS-UDP_Flood"", ""DoS-SYN_Flood"", ""DoS-TCP_Flood"", ""DoS-HTTP_Flood"", ""Mirai-greeth_flood"", ""Mirai-greip_flood"", ""Mirai-udpplain"", ""Recon-PingSweep"", ""Recon-OSScan"", ""Recon-PortScan"", ""VulnerabilityScan"", ""Recon-HostDiscovery"", ""DNS_Spoofing"", ""MITM-ArpSpoofing"", ""BenignTraffic"", ""BrowserHijacking"", ""Backdoor_Malware"", ""XSS"", ""Uploading_Attack"", ""SqlInjection"", ""CommandInjection"", ""DictionaryBruteForce""]","[35014, 35009, 35007, 35011, 35009, 35013, 35010, 32099, 32855, 35008, 2715, 3256, 35011, 35009, 35008, 8176, 35012, 35007, 35006, 239, 11161, 9332, 4209, 15219, 20498, 35004, 35004, 646, 397, 420, 148, 604, 596, 1443]",,,,,,,
c456f8beb278,ciciot2023,fine,abl_s0a1p0,3,,ablation,0.4650438415597773,0.7149104477611941,0.4779172656311169,0.7007691292507364,0.010692096517844243,0.30933805165705686,0.4973273084722555,"[0.9959983993597439, 0.9698879551820728, 0.8469387755102041, 0.6454872923754252, 0.9794876926155693, 0.9972981086760733, 0.36888444222111055, 0.6358873608382449, 0.8420042643923241, 0.9327865573114623, 0.09622886866059818, 0.28216216216216217, 0.8428371348539416, 0.8607164298579147, 0.35864345738295317, 0.7734877734877735, 0.6055633380028017, 0.8710484193677471, 0.9815907953976989, 0.0, 0.7933417085427136, 0.0, 0.001670843776106934, 0.5050667894979273, 0.0056371711650153745, 0.6281884565369611, 0.42834283428342834, 0.0, 0.0, 0.0, 0.0, 0.0, 0.0, 0.0]",201000,56290,109824,1.147118649996628,1.2381774400000722,339.30174938900745,341.0469982624054,112.58272,1531.82421875,283.95654296875,25,0.4634341653415704,"[""DDoS-RSTFINFlood"", ""DDoS-PSHACK_Flood"", ""DDoS-SYN_Flood"", ""DDoS-UDP_Flood"", ""DDoS-TCP_Flood"", ""DDoS-ICMP_Flood"", ""DDoS-SynonymousIP_Flood"", ""DDoS-ACK_Fragmentation"", ""DDoS-UDP_Fragmentation"", ""DDoS-ICMP_Fragmentation"", ""DDoS-SlowLoris"", ""DDoS-HTTP_Flood"", ""DoS-UDP_Flood"", ""DoS-SYN_Flood"", ""DoS-TCP_Flood"", ""DoS-HTTP_Flood"", ""Mirai-greeth_flood"", ""Mirai-greip_flood"", ""Mirai-udpplain"", ""Recon-PingSweep"", ""Recon-OSScan"", ""Recon-PortScan"", ""VulnerabilityScan"", ""Recon-HostDiscovery"", ""DNS_Spoofing"", ""MITM-ArpSpoofing"", ""BenignTraffic"", ""BrowserHijacking"", ""Backdoor_Malware"", ""XSS"", ""Uploading_Attack"", ""SqlInjection"", ""CommandInjection"", ""DictionaryBruteForce""]","[35009, 35010, 35011, 35011, 35012, 35015, 35011, 32097, 32855, 35006, 2718, 3253, 35008, 35014, 35009, 8174, 35012, 35009, 35010, 238, 11161, 9331, 4214, 15219, 20498, 35006, 35003, 646, 396, 418, 147, 602, 596, 1444]",,,,,,,
afe259962645,ciciot2023,fine,abl_s0a1p0,4,,ablation,0.45752651454220716,0.7280488350920136,0.46922641053409325,0.6966441361721308,0.0,0.28355726292978267,0.5083375978757682,"[0.9933953767637346, 0.9873936968484243, 0.3686580606424497, 0.9505802320928372, 0.9536814725890356, 0.9960976585951571, 0.17316926770708282, 0.9744569370156096, 0.9426439232409382, 0.8428528558567571, 0.0, 0.2943722943722944, 0.5742871435717859, 0.4293287986395919, 0.8918567426970788, 0.8048048048048048, 0.9812925170068028, 0.631578947368421, 0.9828948684605382, 0.0, 0.15053425518541796, 0.0, 0.0, 0.12917338245452453, 0.2751196172248804, 0.7809561912382477, 0.8445689137827566, 0.0, 0.0, 0.0, 0.0, 0.0, 0.0, 0.0]",201003,56290,109824,1.2242192350004188,1.1443892100032826,337.1117697539903,338.8293569087982,112.58272,1545.30859375,280.94677734375,35,0.45898333132744307,"[""DDoS-RSTFINFlood"", ""DDoS-PSHACK_Flood"", ""DDoS-SYN_Flood"", ""DDoS-UDP_Flood"", ""DDoS-TCP_Flood"", ""DDoS-ICMP_Flood"", ""DDoS-SynonymousIP_Flood"", ""DDoS-ACK_Fragmentation"", ""DDoS-UDP_Fragmentation"", ""DDoS-ICMP_Fragmentation"", ""DDoS-SlowLoris"", ""DDoS-HTTP_Flood"", ""DoS-UDP_Flood"", ""DoS-SYN_Flood"", ""DoS-TCP_Flood"", ""DoS-HTTP_Flood"", ""Mirai-greeth_flood"", ""Mirai-greip_flood"", ""Mirai-udpplain"", ""Recon-PingSweep"", ""Recon-OSScan"", ""Recon-PortScan"", ""VulnerabilityScan"", ""Recon-HostDiscovery"", ""DNS_Spoofing"", ""MITM-ArpSpoofing"", ""BenignTraffic"", ""BrowserHijacking"", ""Backdoor_Malware"", ""XSS"", ""Uploading_Attack"", ""SqlInjection"", ""CommandInjection"", ""DictionaryBruteForce""]","[35014, 35010, 35013, 35008, 35009, 35014, 35008, 32099, 32856, 35007, 2711, 3255, 35011, 35007, 35009, 8171, 35010, 35013, 35006, 239, 11165, 9332, 4208, 15219, 20503, 35005, 35004, 646, 397, 418, 145, 603, 594, 1444]",,,,,,,
06db53bafa2d,ciciot2023,fine,abl_s0a0p1,0,,ablation,0.5308099397328131,0.7252301109507936,0.5531571303383678,0.7209997557886392,0.14282468795362047,0.387485014852977,0.593916868339898,"[0.9944966980188112, 0.9945972986493247, 0.6995596477181746, 0.9076538269134568, 0.9504752376188094, 0.9927956774064439, 0.5697418451070643, 0.8385547429319943, 0.8675623800383877, 0.9680872348939575, 0.8041504539559015, 0.6316359696641387, 0.5305591677503251, 0.24192096048024012, 0.44337735094037617, 0.7708154506437769, 0.8627450980392157, 0.7795118047218887, 0.9798919567827131, 0.07692307692307693, 0.726530612244898, 0.18813368381524595, 0.8824020016680567, 0.17840699815837938, 0.5136705399863295, 0.46148459383753504, 0.5473094618923785, 0.03867403314917127, 0.02702702702702703, 0.0, 0.0, 0.11764705882352941, 0.0718562874251497, 0.1491442542787286]",200990,56290,109824,1.2887885799955257,1.1437531649971788,350.24200454999846,351.91623044013977,112.58,1522.140625,286.177734375,45,0.5318974714973402,"[""DDoS-RSTFINFlood"", ""DDoS-PSHACK_Flood"", ""DDoS-SYN_Flood"", ""DDoS-UDP_Flood"", ""DDoS-TCP_Flood"", ""DDoS-ICMP_Flood"", ""DDoS-SynonymousIP_Flood"", ""DDoS-ACK_Fragmentation"", ""DDoS-UDP_Fragmentation"", ""DDoS-ICMP_Fragmentation"", ""DDoS-SlowLoris"", ""DDoS-HTTP_Flood"", ""DoS-UDP_Flood"", ""DoS-SYN_Flood"", ""DoS-TCP_Flood"", ""DoS-HTTP_Flood"", ""Mirai-greeth_flood"", ""Mirai-greip_flood"", ""Mirai-udpplain"", ""Recon-PingSweep"", ""Recon-OSScan"", ""Recon-PortScan"", ""VulnerabilityScan"", ""Recon-HostDiscovery"", ""DNS_Spoofing"", ""MITM-ArpSpoofing"", ""BenignTraffic"", ""BrowserHijacking"", ""Backdoor_Malware"", ""XSS"", ""Uploading_Attack"", ""SqlInjection"", ""CommandInjection"", ""DictionaryBruteForce""]","[35013, 35009, 35014, 35010, 35011, 35013, 35012, 32096, 32858, 35008, 2712, 3256, 35008, 35010, 35008, 8173, 35008, 35009, 35007, 241, 11161, 9330, 4210, 15217, 20501, 35007, 35004, 649, 396, 418, 148, 603, 596, 1446]",,,,,,,
911dd7349b7c,ciciot2023,fine,abl_s0a0p1,1,,ablation,0.5269429090041049,0.7166760369970496,0.5415448449743993,0.7153683589474789,0.12828867499364224,0.3997111587357377,0.5478816666066705,"[0.9952971783069842, 0.9965979587752651, 0.6972789115646258, 0.7213885554221688, 0.9658863545418167, 0.9550775387693847, 0.32552552552552555, 0.6516424751718869, 0.871321961620469, 0.9672836418209104, 0.8588082901554405, 0.6468682505399568, 0.8076846107664599, 0.2956774064438663, 0.6604641856742697, 0.5405405405405406, 0.6614968981388833, 0.9770885442721361, 0.9770908363345339, 0.0, 0.2930276381909548, 0.526671675432006, 0.8797996661101837, 0.5335021874280451, 0.3675666438824334, 0.5294647323661831, 0.41368273654730947, 0.04395604395604396, 0.0, 0.0, 0.0, 0.0, 0.0, 0.25183374083129584]",200989,56290,109824,1.181970640000145,1.1835669349966338,348.7151039930013,350.43539357185364,112.58,1522.5078125,289.54736328125,40,0.5313308316214763,"[""DDoS-RSTFINFlood"", ""DDoS-PSHACK_Flood"", ""DDoS-SYN_Flood"", ""DDoS-UDP_Flood"", ""DDoS-TCP_Flood"", ""DDoS-ICMP_Flood"", ""DDoS-SynonymousIP_Flood"", ""DDoS-ACK_Fragmentation"", ""DDoS-UDP_Fragmentation"", ""DDoS-ICMP_Fragmentation"", ""DDoS-SlowLoris"", ""DDoS-HTTP_Flood"", ""DoS-UDP_Flood"", ""DoS-SYN_Flood"", ""DoS-TCP_Flood"", ""DoS-HTTP_Flood"", ""Mirai-greeth_flood"", ""Mirai-greip_flood"", ""Mirai-udpplain"", ""Recon-PingSweep"", ""Recon-OSScan"", ""Recon-PortScan"", ""VulnerabilityScan"", ""Recon-HostDiscovery"", ""DNS_Spoofing"", ""MITM-ArpSpoofing"", ""BenignTraffic"", ""BrowserHijacking"", ""Backdoor_Malware"", ""XSS"", ""Uploading_Attack"", ""SqlInjection"", ""CommandInjection"", ""DictionaryBruteForce""]","[35013, 35013, 35009, 35007, 35009, 35012, 35021, 32094, 32855, 35009, 2712, 3252, 35012, 35013, 35008, 8172, 35011, 35012, 35009, 240, 11162, 9332, 4211, 15218, 20502, 35011, 35005, 648, 397, 419, 146, 605, 595, 1446]",,,,,,,
54fd1a6c99ec,ciciot2023,fine,abl_s0a0p1,2,,ablation,0.5081251674361578,0.6971183506139426,0.5495892599964644,0.7056499836148664,0.21305880097100152,0.45435299063219164,0.5867967779573006,"[0.9732812969078355, 0.5661830915457728, 0.7817126850740296, 0.9016508254127064, 0.4130065032516258, 0.9904933453417392, 0.545718287314926, 0.9768558951965065, 0.9715351812366738, 0.7282913165266106, 0.7662337662337663, 0.5557963163596966, 0.5652826413206603, 0.4054621848739496, 0.6892757102841136, 0.5646200085873766, 0.6317790674404643, 0.9022706812043613, 0.9809942982894868, 0.2727272727272727, 0.26781789638932496, 0.49173553719008267, 0.7231025854879066, 0.6242228874050195, 0.5268192688759822, 0.47729545909181836, 0.5133026605321064, 0.0, 0.34545454545454546, 0.05172413793103448, 0.0, 0.13609467455621302, 0.08982035928143713, 0.25547445255474455]",200996,56290,109824,1.267922520000866,1.2836610300018947,347.4120909750054,349.15236806869507,112.58,1513.234375,284.41259765625,40,0.5084159192602415,"[""DDoS-RSTFINFlood"", ""DDoS-PSHACK_Flood"", ""DDoS-SYN_Flood"", ""DDoS-UDP_Flood"", ""DDoS-TCP_Flood"", ""DDoS-ICMP_Flood"", ""DDoS-SynonymousIP_Flood"", ""DDoS-ACK_Fragmentation"", ""DDoS-UDP_Fragmentation"", ""DDoS-ICMP_Fragmentation"", ""DDoS-SlowLoris"", ""DDoS-HTTP_Flood"", ""DoS-UDP_Flood"", ""DoS-SYN_Flood"", ""DoS-TCP_Flood"", ""DoS-HTTP_Flood"", ""Mirai-greeth_flood"", ""Mirai-greip_flood"", ""Mirai-udpplain"", ""Recon-PingSweep"", ""Recon-OSScan"", ""Recon-PortScan"", ""VulnerabilityScan"", ""Recon-HostDiscovery"", ""DNS_Spoofing"", ""MITM-ArpSpoofing"", ""BenignTraffic"", ""BrowserHijacking"", ""Backdoor_Malware"", ""XSS"", ""Uploading_Attack"", ""SqlInjection"", ""CommandInjection"", ""DictionaryBruteForce""]","[35014, 35009, 35007, 35011, 35009, 35013, 35010, 32099, 32855, 35008, 2715, 3256, 35011, 35009, 35008, 8176, 35012, 35007, 35006, 239, 11161, 9332, 4209, 15219, 20498, 35004, 35004, 646, 397, 420, 148, 604, 596, 1443]",,,,,,,
ca09e0dc0d4c,ciciot2023,fine,abl_s0a0p1,3,,ablation,0.4747607018783267,0.6777810945273632,0.5050514682212662,0.6607784810859438,0.1112292438172316,0.4054095654124502,0.5480607373522883,"[0.9978991596638656, 0.9524809923969588, 0.43447378951580634, 0.8968381028617171, 0.9657794676806084, 0.9981987391173822, 0.6264132066033017, 0.6544422615149531, 0.8769722814498934, 0.9305861172234446, 0.706111833550065, 0.5070270270270271, 0.4875950380152061, 0.3477086251751051, 0.4293717486994798, 0.6585156585156585, 0.964578747248349, 0.0584233693477391, 0.9876938469234617, 0.07575757575757576, 0.3435929648241206, 0.4036800600826136, 0.6733500417710944, 0.6045601105481345, 0.1458831568158524, 0.4987496248874662, 0.7258725872587258, 0.0, 0.07207207207207207, 0.06837606837606838, 0.0, 0.0, 0.07142857142857142, 0.007317073170731708]",201000,56290,109824,1.1609084799965785,1.178308089993152,345.1068006750029,346.8320074081421,112.58,1516.78125,283.95654296875,50,0.4758077430583767,"[""DDoS-RSTFINFlood"", ""DDoS-PSHACK_Flood"", ""DDoS-SYN_Flood"", ""DDoS-UDP_Flood"", ""DDoS-TCP_Flood"", ""DDoS-ICMP_Flood"", ""DDoS-SynonymousIP_Flood"", ""DDoS-ACK_Fragmentation"", ""DDoS-UDP_Fragmentation"", ""DDoS-ICMP_Fragmentation"", ""DDoS-SlowLoris"", ""DDoS-HTTP_Flood"", ""DoS-UDP_Flood"", ""DoS-SYN_Flood"", ""DoS-TCP_Flood"", ""DoS-HTTP_Flood"", ""Mirai-greeth_flood"", ""Mirai-greip_flood"", ""Mirai-udpplain"", ""Recon-PingSweep"", ""Recon-OSScan"", ""Recon-PortScan"", ""VulnerabilityScan"", ""Recon-HostDiscovery"", ""DNS_Spoofing"", ""MITM-ArpSpoofing"", ""BenignTraffic"", ""BrowserHijacking"", ""Backdoor_Malware"", ""XSS"", ""Uploading_Attack"", ""SqlInjection"", ""CommandInjection"", ""DictionaryBruteForce""]","[35009, 35010, 35011, 35011, 35012, 35015, 35011, 32097, 32855, 35006, 2718, 3253, 35008, 35014, 35009, 8174, 35012, 35009, 35010, 238, 11161, 9331, 4214, 15219, 20498, 35006, 35003, 646, 396, 418, 147, 602, 596, 1444]",,,,,,,
8179180d59ba,ciciot2023,fine,abl_s0a0p1,4,,ablation,0.5143475766323381,0.7126610050596259,0.5259003874839228,0.7085024406877056,0.05376253247466378,0.42787796121040733,0.5945885277810105,"[0.9979985990193135, 0.9923961980990496, 0.4814370059041329, 0.8785514205682273, 0.9408763505402161, 0.7702621572943766, 0.26640656262505, 0.8945529963977732, 0.943816631130064, 0.846553966189857, 0.3432642487046632, 0.7813852813852814, 0.6914457228614307, 0.30239071721516453, 0.8098239295718287, 0.8000858000858001, 0.8253301320528211, 0.5780468280968581, 0.9779933980194058, 0.015151515151515152, 0.5839094908862351, 0.14425244177310292, 0.8391666666666666, 0.4593598894773198, 0.3306561859193438, 0.6144228845769154, 0.6456291258251651, 0.0, 0.03636363636363636, 0.0, 0.0, 0.0058823529411764705, 0.07100591715976332, 0.012195121951219513]",201003,56290,109824,1.606907665000108,1.4983020450017648,342.1511814330006,344.1162979602814,112.58,1529.38671875,280.94677734375,35,0.5146770735658798,"[""DDoS-RSTFINFlood"", ""DDoS-PSHACK_Flood"", ""DDoS-SYN_Flood"", ""DDoS-UDP_Flood"", ""DDoS-TCP_Flood"", ""DDoS-ICMP_Flood"", ""DDoS-SynonymousIP_Flood"", ""DDoS-ACK_Fragmentation"", ""DDoS-UDP_Fragmentation"", ""DDoS-ICMP_Fragmentation"", ""DDoS-SlowLoris"", ""DDoS-HTTP_Flood"", ""DoS-UDP_Flood"", ""DoS-SYN_Flood"", ""DoS-TCP_Flood"", ""DoS-HTTP_Flood"", ""Mirai-greeth_flood"", ""Mirai-greip_flood"", ""Mirai-udpplain"", ""Recon-PingSweep"", ""Recon-OSScan"", ""Recon-PortScan"", ""VulnerabilityScan"", ""Recon-HostDiscovery"", ""DNS_Spoofing"", ""MITM-ArpSpoofing"", ""BenignTraffic"", ""BrowserHijacking"", ""Backdoor_Malware"", ""XSS"", ""Uploading_Attack"", ""SqlInjection"", ""CommandInjection"", ""DictionaryBruteForce""]","[35014, 35010, 35013, 35008, 35009, 35014, 35008, 32099, 32856, 35007, 2711, 3255, 35011, 35007, 35009, 8171, 35010, 35013, 35006, 239, 11165, 9332, 4208, 15219, 20503, 35005, 35004, 646, 397, 418, 145, 603, 594, 1444]",,,,,,,
a378154363aa,ciciot2023,fine,abl_s1a1p0,0,,ablation,0.4732866668157664,0.6888302900641823,0.49543485624522093,0.6383002715203989,0.09088420186952242,0.4003943361061426,0.5756819370337364,"[0.9988993396037622, 0.9978989494747373, 0.2759207365892714, 0.991295647823912, 0.012706353176588294, 0.9988993396037622, 0.6471883129877927, 0.9696539679074336, 0.9850714438046492, 0.9778911564625851, 0.6614785992217899, 0.562296858071506, 0.3069920976292888, 0.7439719859929965, 0.9982993197278912, 0.9206008583690987, 0.9589835934373749, 0.06212484993997599, 0.9936974789915967, 0.0, 0.03736263736263736, 0.336838152459632, 0.6613844870725605, 0.00023020257826887662, 0.048701298701298704, 0.5512204881952781, 0.9886977395479096, 0.0, 0.0, 0.0, 0.0, 0.0, 0.0, 0.15647921760391198]",200990,56290,109824,1.2453832600021997,1.188281350005127,349.15408287999526,350.903666973114,112.59016,1538.5234375,286.177734375,50,0.47430371459419773,"[""DDoS-RSTFINFlood"", ""DDoS-PSHACK_Flood"", ""DDoS-SYN_Flood"", ""DDoS-UDP_Flood"", ""DDoS-TCP_Flood"", ""DDoS-ICMP_Flood"", ""DDoS-SynonymousIP_Flood"", ""DDoS-ACK_Fragmentation"", ""DDoS-UDP_Fragmentation"", ""DDoS-ICMP_Fragmentation"", ""DDoS-SlowLoris"", ""DDoS-HTTP_Flood"", ""DoS-UDP_Flood"", ""DoS-SYN_Flood"", ""DoS-TCP_Flood"", ""DoS-HTTP_Flood"", ""Mirai-greeth_flood"", ""Mirai-greip_flood"", ""Mirai-udpplain"", ""Recon-PingSweep"", ""Recon-OSScan"", ""Recon-PortScan"", ""VulnerabilityScan"", ""Recon-HostDiscovery"", ""DNS_Spoofing"", ""MITM-ArpSpoofing"", ""BenignTraffic"", ""BrowserHijacking"", ""Backdoor_Malware"", ""XSS"", ""Uploading_Attack"", ""SqlInjection"", ""CommandInjection"", ""DictionaryBruteForce""]","[35013, 35009, 35014, 35010, 35011, 35013, 35012, 32096, 32858, 35008, 2712, 3256, 35008, 35010, 35008, 8173, 35008, 35009, 35007, 241, 11161, 9330, 4210, 15217, 20501, 35007, 35004, 649, 396, 418, 148, 603, 596, 1446]",,,,,,,
ee48d74a6cde,ciciot2023,fine,abl_s1a1p0,1,,ablation,0.48532837073859314,0.7032325152122753,0.5058055432820202,0.6584405483843475,0.04362797054753932,0.4390084440985601,0.617349249671011,"[0.998699219531719, 0.9969981989193516, 0.020008003201280513, 0.9613845538215287, 0.9885954381752701, 0.9986993496748374, 0.8853853853853854, 0.972607224708065, 0.9958422174840085, 0.9737868934467233, 0.22150259067357514, 0.6911447084233261, 0.3842305383229938, 0.5450270162097258, 0.42737094837935174, 0.746031746031746, 0.007304382629577747, 0.9755877938969485, 0.9905962384953981, 0.0, 0.015389447236180905, 0.028549962434259956, 0.7145242070116862, 0.6237623762376238, 0.8033151059466849, 0.2793396698349175, 0.7805561112222444, 0.0, 0.0, 0.0, 0.0, 0.0, 0.0, 0.17114914425427874]",200989,56290,109824,1.1549488499986182,1.4596693800012872,341.03703280000445,342.8504936695099,112.59016,1537.84765625,289.54736328125,50,0.48592001502638593,"[""DDoS-RSTFINFlood"", ""DDoS-PSHACK_Flood"", ""DDoS-SYN_Flood"", ""DDoS-UDP_Flood"", ""DDoS-TCP_Flood"", ""DDoS-ICMP_Flood"", ""DDoS-SynonymousIP_Flood"", ""DDoS-ACK_Fragmentation"", ""DDoS-UDP_Fragmentation"", ""DDoS-ICMP_Fragmentation"", ""DDoS-SlowLoris"", ""DDoS-HTTP_Flood"", ""DoS-UDP_Flood"", ""DoS-SYN_Flood"", ""DoS-TCP_Flood"", ""DoS-HTTP_Flood"", ""Mirai-greeth_flood"", ""Mirai-greip_flood"", ""Mirai-udpplain"", ""Recon-PingSweep"", ""Recon-OSScan"", ""Recon-PortScan"", ""VulnerabilityScan"", ""Recon-HostDiscovery"", ""DNS_Spoofing"", ""MITM-ArpSpoofing"", ""BenignTraffic"", ""BrowserHijacking"", ""Backdoor_Malware"", ""XSS"", ""Uploading_Attack"", ""SqlInjection"", ""CommandInjection"", ""DictionaryBruteForce""]","[35013, 35013, 35009, 35007, 35009, 35012, 35021, 32094, 32855, 35009, 2712, 3252, 35012, 35013, 35008, 8172, 35011, 35012, 35009, 240, 11162, 9332, 4211, 15218, 20502, 35011, 35005, 648, 397, 419, 146, 605, 595, 1446]",,,,,,,
beeb24392f0e,ciciot2023,fine,abl_s1a1p0,2,,ablation,0.4836741923363687,0.6938347031781728,0.49727281737209417,0.6617095878138911,0.11248354241054973,0.47462110232651306,0.6060872461657295,"[0.9988992294606225, 0.9885942971485743, 0.3700480192076831, 0.7465732866433217, 0.9846923461730865, 0.9988992294606225, 0.9252701080432173, 0.9867903930131005, 0.9934968017057569, 0.975390156062425, 0.8298701298701299, 0.06717226435536294, 0.6505252626313156, 0.23969587835134054, 0.46668667466986796, 0.8703306139974238, 0.0010006003602161296, 0.9880964289286785, 0.9933980194058217, 0.0, 0.45808477237048667, 0.0, 0.4562135112593828, 0.48537877043518307, 0.371711650153741, 0.14102820564112822, 0.7369473894778956, 0.0, 0.0, 0.0, 0.0, 0.0, 0.0, 0.18248175182481752]",200996,56290,109824,1.4102857800025959,1.3818162600000505,332.052700299997,333.94071435928345,112.59016,1528.9921875,284.41259765625,40,0.4838451779083594,"[""DDoS-RSTFINFlood"", ""DDoS-PSHACK_Flood"", ""DDoS-SYN_Flood"", ""DDoS-UDP_Flood"", ""DDoS-TCP_Flood"", ""DDoS-ICMP_Flood"", ""DDoS-SynonymousIP_Flood"", ""DDoS-ACK_Fragmentation"", ""DDoS-UDP_Fragmentation"", ""DDoS-ICMP_Fragmentation"", ""DDoS-SlowLoris"", ""DDoS-HTTP_Flood"", ""DoS-UDP_Flood"", ""DoS-SYN_Flood"", ""DoS-TCP_Flood"", ""DoS-HTTP_Flood"", ""Mirai-greeth_flood"", ""Mirai-greip_flood"", ""Mirai-udpplain"", ""Recon-PingSweep"", ""Recon-OSScan"", ""Recon-PortScan"", ""VulnerabilityScan"", ""Recon-HostDiscovery"", ""DNS_Spoofing"", ""MITM-ArpSpoofing"", ""BenignTraffic"", ""BrowserHijacking"", ""Backdoor_Malware"", ""XSS"", ""Uploading_Attack"", ""SqlInjection"", ""CommandInjection"", ""DictionaryBruteForce""]","[35014, 35009, 35007, 35011, 35009, 35013, 35010, 32099, 32855, 35008, 2715, 3256, 35011, 35009, 35008, 8176, 35012, 35007, 35006, 239, 11161, 9332, 4209, 15219, 20498, 35004, 35004, 646, 397, 420, 148, 604, 596, 1443]",,,,,,,
bc89a6eafd47,ciciot2023,fine,abl_s1a1p0,3,,ablation,0.4925422206746037,0.6977164179104478,0.5050595016367339,0.6620688934317501,0.06805374945817079,0.47250723487681257,0.6249798033039665,"[0.9986994797919168, 0.9986994797919168, 0.9576830732292917, 0.05003001801080648, 0.9858915349209526, 0.9984989492644851, 0.5054527263631816, 0.9854835188823401, 0.9831556503198294, 0.9882976595319064, 0.6124837451235371, 0.6227027027027027, 0.9593837535014006, 0.51240744446668, 0.47509003601440575, 0.8211068211068211, 0.36862117270362216, 0.6865746298519407, 0.9940970485242622, 0.0, 0.05150753768844221, 0.15471273000375516, 0.9281537176274018, 0.4491017964071856, 0.04697642637512812, 0.03841152345703711, 0.9987998799879988, 0.0, 0.0, 0.0, 0.0, 0.0, 0.0, 0.0]",201000,56290,109824,1.1291341050036863,1.1374104700007592,336.54404358699867,338.30021119117737,112.59016,1532.55078125,283.95654296875,50,0.4930629106961207,"[""DDoS-RSTFINFlood"", ""DDoS-PSHACK_Flood"", ""DDoS-SYN_Flood"", ""DDoS-UDP_Flood"", ""DDoS-TCP_Flood"", ""DDoS-ICMP_Flood"", ""DDoS-SynonymousIP_Flood"", ""DDoS-ACK_Fragmentation"", ""DDoS-UDP_Fragmentation"", ""DDoS-ICMP_Fragmentation"", ""DDoS-SlowLoris"", ""DDoS-HTTP_Flood"", ""DoS-UDP_Flood"", ""DoS-SYN_Flood"", ""DoS-TCP_Flood"", ""DoS-HTTP_Flood"", ""Mirai-greeth_flood"", ""Mirai-greip_flood"", ""Mirai-udpplain"", ""Recon-PingSweep"", ""Recon-OSScan"", ""Recon-PortScan"", ""VulnerabilityScan"", ""Recon-HostDiscovery"", ""DNS_Spoofing"", ""MITM-ArpSpoofing"", ""BenignTraffic"", ""BrowserHijacking"", ""Backdoor_Malware"", ""XSS"", ""Uploading_Attack"", ""SqlInjection"", ""CommandInjection"", ""DictionaryBruteForce""]","[35009, 35010, 35011, 35011, 35012, 35015, 35011, 32097, 32855, 35006, 2718, 3253, 35008, 35014, 35009, 8174, 35012, 35009, 35010, 238, 11161, 9331, 4214, 15219, 20498, 35006, 35003, 646, 396, 418, 147, 602, 596, 1444]",,,,,,,
3ea64ed7c903,ciciot2023,fine,abl_s1a1p0,4,,ablation,0.46265237643216395,0.6968055203156172,0.4716271671312497,0.6571301017737183,0.027376188269654718,0.45135062254316527,0.6097124408621273,"[0.9988992294606225, 0.9979989994997499, 0.013109176423496448, 0.834733893557423, 0.975390156062425, 0.9987992795677406, 0.23949579831932774, 0.9839537168431394, 0.8657782515991471, 0.9722916875062518, 0.10492227979274611, 0.6385281385281385, 0.5455727863931966, 0.9960988296488946, 0.47619047619047616, 0.5379665379665379, 0.0, 0.9907944766860116, 0.9945983795138541, 0.0, 0.02262727844123193, 0.23027798647633357, 0.0, 0.4821551922634124, 0.4977785372522215, 0.592618523704741, 0.9032806561312262, 0.0, 0.0, 0.0, 0.0, 0.0, 0.0, 0.14146341463414633]",201003,56290,109824,1.565588180001214,1.703512710000723,334.94066550200296,336.9103832244873,112.59016,1544.12890625,280.94677734375,30,0.46189604015037955,"[""DDoS-RSTFINFlood"", ""DDoS-PSHACK_Flood"", ""DDoS-SYN_Flood"", ""DDoS-UDP_Flood"", ""DDoS-TCP_Flood"", ""DDoS-ICMP_Flood"", ""DDoS-SynonymousIP_Flood"", ""DDoS-ACK_Fragmentation"", ""DDoS-UDP_Fragmentation"", ""DDoS-ICMP_Fragmentation"", ""DDoS-SlowLoris"", ""DDoS-HTTP_Flood"", ""DoS-UDP_Flood"", ""DoS-SYN_Flood"", ""DoS-TCP_Flood"", ""DoS-HTTP_Flood"", ""Mirai-greeth_flood"", ""Mirai-greip_flood"", ""Mirai-udpplain"", ""Recon-PingSweep"", ""Recon-OSScan"", ""Recon-PortScan"", ""VulnerabilityScan"", ""Recon-HostDiscovery"", ""DNS_Spoofing"", ""MITM-ArpSpoofing"", ""BenignTraffic"", ""BrowserHijacking"", ""Backdoor_Malware"", ""XSS"", ""Uploading_Attack"", ""SqlInjection"", ""CommandInjection"", ""DictionaryBruteForce""]","[35014, 35010, 35013, 35008, 35009, 35014, 35008, 32099, 32856, 35007, 2711, 3255, 35011, 35007, 35009, 8171, 35010, 35013, 35006, 239, 11165, 9332, 4208, 15219, 20503, 35005, 35004, 646, 397, 418, 145, 603, 594, 1444]",,,,,,,
98f9af142ae3,ciciot2023,fine,abl_s0a1p1,0,,ablation,0.5437654037906627,0.725468928802428,0.5651038989060482,0.725050390536474,0.2110995091158745,0.4230145404589451,0.5813806194691384,"[0.9942965779467681, 0.9936968484242121, 0.4450560448358687, 0.6914457228614307, 0.9662831415707854, 0.9953972383430058, 0.44416649989993995, 0.8662809736928283, 0.8523139262102793, 0.9692877150860344, 0.7600518806744487, 0.5211267605633803, 0.7750325097529259, 0.42971485742871435, 0.44797919167667066, 0.7124463519313304, 0.7074829931972789, 0.9662865146058424, 0.9859943977591037, 0.16923076923076924, 0.512087912087912, 0.09913631242959069, 0.9040867389491243, 0.4587937384898711, 0.44360902255639095, 0.5433173269307723, 0.5883176635327065, 0.1712707182320442, 0.09009009009009009, 0.1282051282051282, 0.0, 0.18235294117647058, 0.2275449101796407, 0.17114914425427874]",200990,56290,109824,1.2600205600028858,1.1592967150045297,355.0415648829967,356.81255984306335,112.58272,1548.41015625,286.177734375,45,0.546242106859892,"[""DDoS-RSTFINFlood"", ""DDoS-PSHACK_Flood"", ""DDoS-SYN_Flood"", ""DDoS-UDP_Flood"", ""DDoS-TCP_Flood"", ""DDoS-ICMP_Flood"", ""DDoS-SynonymousIP_Flood"", ""DDoS-ACK_Fragmentation"", ""DDoS-UDP_Fragmentation"", ""DDoS-ICMP_Fragmentation"", ""DDoS-SlowLoris"", ""DDoS-HTTP_Flood"", ""DoS-UDP_Flood"", ""DoS-SYN_Flood"", ""DoS-TCP_Flood"", ""DoS-HTTP_Flood"", ""Mirai-greeth_flood"", ""Mirai-greip_flood"", ""Mirai-udpplain"", ""Recon-PingSweep"", ""Recon-OSScan"", ""Recon-PortScan"", ""VulnerabilityScan"", ""Recon-HostDiscovery"", ""DNS_Spoofing"", ""MITM-ArpSpoofing"", ""BenignTraffic"", ""BrowserHijacking"", ""Backdoor_Malware"", ""XSS"", ""Uploading_Attack"", ""SqlInjection"", ""CommandInjection"", ""DictionaryBruteForce""]","[35013, 35009, 35014, 35010, 35011, 35013, 35012, 32096, 32858, 35008, 2712, 3256, 35008, 35010, 35008, 8173, 35008, 35009, 35007, 241, 11161, 9330, 4210, 15217, 20501, 35007, 35004, 649, 396, 418, 148, 603, 596, 1446]",,,,,,,
9e1567d2da22,ciciot2023,fine,abl_s0a1p1,1,,ablation,0.5288512428752432,0.7102179721278279,0.5479247052892331,0.7025622634984723,0.18736701922416724,0.4185144053950619,0.5357638793171934,"[0.9727836702021213, 0.9959975985591355, 0.6918767507002801, 0.29871948779511803, 0.9769907963185274, 0.9304652326163082, 0.36986986986986986, 0.7174506166102804, 0.8264392324093817, 0.9698849424712356, 0.8095854922279793, 0.6706263498920086, 0.96277766659996, 0.26726035621372823, 0.6297519007603041, 0.47576147576147576, 0.7775665399239544, 0.9413706853426713, 0.9805922368947579, 0.0, 0.16834170854271358, 0.4789631855747558, 0.830550918196995, 0.4740962468339857, 0.47795625427204375, 0.43891945972986496, 0.618123624724945, 0.32967032967032966, 0.13636363636363635, 0.0, 0.0, 0.029585798816568046, 0.011904761904761904, 0.3691931540342298]",200989,56290,109824,1.3610393599992676,1.1701787049969425,348.4747685200091,350.1588749885559,112.58272,1548.58984375,289.54736328125,35,0.5283197427329847,"[""DDoS-RSTFINFlood"", ""DDoS-PSHACK_Flood"", ""DDoS-SYN_Flood"", ""DDoS-UDP_Flood"", ""DDoS-TCP_Flood"", ""DDoS-ICMP_Flood"", ""DDoS-SynonymousIP_Flood"", ""DDoS-ACK_Fragmentation"", ""DDoS-UDP_Fragmentation"", ""DDoS-ICMP_Fragmentation"", ""DDoS-SlowLoris"", ""DDoS-HTTP_Flood"", ""DoS-UDP_Flood"", ""DoS-SYN_Flood"", ""DoS-TCP_Flood"", ""DoS-HTTP_Flood"", ""Mirai-greeth_flood"", ""Mirai-greip_flood"", ""Mirai-udpplain"", ""Recon-PingSweep"", ""Recon-OSScan"", ""Recon-PortScan"", ""VulnerabilityScan"", ""Recon-HostDiscovery"", ""DNS_Spoofing"", ""MITM-ArpSpoofing"", ""BenignTraffic"", ""BrowserHijacking"", ""Backdoor_Malware"", ""XSS"", ""Uploading_Attack"", ""SqlInjection"", ""CommandInjection"", ""DictionaryBruteForce""]","[35013, 35013, 35009, 35007, 35009, 35012, 35021, 32094, 32855, 35009, 2712, 3252, 35012, 35013, 35008, 8172, 35011, 35012, 35009, 240, 11162, 9332, 4211, 15218, 20502, 35011, 35005, 648, 397, 419, 146, 605, 595, 1446]",,,,,,,
5820eb6cb97d,ciciot2023,fine,abl_s0a1p1,2,,ablation,0.525269728403301,0.7169545662600251,0.5761801217198136,0.7204372283022528,0.2991842859830996,0.4556602228023069,0.5819985676938827,"[0.9473631542079456, 0.6108054027013506, 0.6769707883153261, 0.8491245622811405, 0.3024512256128064, 0.9904933453417392, 0.5086034413765507, 0.9768558951965065, 0.973454157782516, 0.8616446578631453, 0.8298701298701299, 0.6013001083423619, 0.5927963981990996, 0.7008803521408563, 0.8625450180072028, 0.5143838557320739, 0.6978186912147288, 0.9105731719515855, 0.9738921676502951, 0.2727272727272727, 0.09042386185243328, 0.3884297520661157, 0.7648040033361134, 0.5629749021413769, 0.3785445848992142, 0.3855771154230846, 0.7747549509901981, 0.546448087431694, 0.05454545454545454, 0.29310344827586204, 0.0, 0.3431952662721893, 0.15568862275449102, 0.19708029197080293]",200996,56290,109824,1.1614124950028781,1.4496095349932148,340.81359436599996,342.58339405059814,112.58272,1540.23046875,284.41259765625,40,0.5193950835739236,"[""DDoS-RSTFINFlood"", ""DDoS-PSHACK_Flood"", ""DDoS-SYN_Flood"", ""DDoS-UDP_Flood"", ""DDoS-TCP_Flood"", ""DDoS-ICMP_Flood"", ""DDoS-SynonymousIP_Flood"", ""DDoS-ACK_Fragmentation"", ""DDoS-UDP_Fragmentation"", ""DDoS-ICMP_Fragmentation"", ""DDoS-SlowLoris"", ""DDoS-HTTP_Flood"", ""DoS-UDP_Flood"", ""DoS-SYN_Flood"", ""DoS-TCP_Flood"", ""DoS-HTTP_Flood"", ""Mirai-greeth_flood"", ""Mirai-greip_flood"", ""Mirai-udpplain"", ""Recon-PingSweep"", ""Recon-OSScan"", ""Recon-PortScan"", ""VulnerabilityScan"", ""Recon-HostDiscovery"", ""DNS_Spoofing"", ""MITM-ArpSpoofing"", ""BenignTraffic"", ""BrowserHijacking"", ""Backdoor_Malware"", ""XSS"", ""Uploading_Attack"", ""SqlInjection"", ""CommandInjection"", ""DictionaryBruteForce""]","[35014, 35009, 35007, 35011, 35009, 35013, 35010, 32099, 32855, 35008, 2715, 3256, 35011, 35009, 35008, 8176, 35012, 35007, 35006, 239, 11161, 9332, 4209, 15219, 20498, 35004, 35004, 646, 397, 420, 148, 604, 596, 1443]",,,,,,,
4607655d1bc8,ciciot2023,fine,abl_s0a1p1,3,,ablation,0.48918514179574,0.681636815920398,0.5238875519110667,0.6764534483217985,0.17162090878561276,0.4037395679325987,0.5418847395429294,"[0.9976990796318528, 0.9172669067627051, 0.21238495398159263, 0.6768060836501901, 0.9709825895537323, 0.9970979685780046, 0.6345172586293146, 0.8833224186858765, 0.8514925373134329, 0.9450890178035607, 0.7113133940182055, 0.5718918918918919, 0.5926370548219287, 0.3226936161697018, 0.41526610644257705, 0.3333333333333333, 0.7476485891534921, 0.5674269707883153, 0.9869934967483742, 0.16666666666666666, 0.39792713567839194, 0.403304543747653, 0.8888888888888888, 0.6245969599263013, 0.05807994533652203, 0.5710713213964189, 0.6991699169916992, 0.03278688524590164, 0.02702702702702703, 0.23931623931623933, 0.0, 0.22941176470588234, 0.08928571428571429, 0.04878048780487805]",201000,56290,109824,1.4781917600066663,1.4803001149994088,340.48722893700506,342.3827245235443,112.58272,1543.015625,283.95654296875,45,0.4886365084394906,"[""DDoS-RSTFINFlood"", ""DDoS-PSHACK_Flood"", ""DDoS-SYN_Flood"", ""DDoS-UDP_Flood"", ""DDoS-TCP_Flood"", ""DDoS-ICMP_Flood"", ""DDoS-SynonymousIP_Flood"", ""DDoS-ACK_Fragmentation"", ""DDoS-UDP_Fragmentation"", ""DDoS-ICMP_Fragmentation"", ""DDoS-SlowLoris"", ""DDoS-HTTP_Flood"", ""DoS-UDP_Flood"", ""DoS-SYN_Flood"", ""DoS-TCP_Flood"", ""DoS-HTTP_Flood"", ""Mirai-greeth_flood"", ""Mirai-greip_flood"", ""Mirai-udpplain"", ""Recon-PingSweep"", ""Recon-OSScan"", ""Recon-PortScan"", ""VulnerabilityScan"", ""Recon-HostDiscovery"", ""DNS_Spoofing"", ""MITM-ArpSpoofing"", ""BenignTraffic"", ""BrowserHijacking"", ""Backdoor_Malware"", ""XSS"", ""Uploading_Attack"", ""SqlInjection"", ""CommandInjection"", ""DictionaryBruteForce""]","[35009, 35010, 35011, 35011, 35012, 35015, 35011, 32097, 32855, 35006, 2718, 3253, 35008, 35014, 35009, 8174, 35012, 35009, 35010, 238, 11161, 9331, 4214, 15219, 20498, 35006, 35003, 646, 396, 418, 147, 602, 596, 1444]",,,,,,,
78398d300cbb,ciciot2023,fine,abl_s0a1p1,4,,ablation,0.5296155931249426,0.7151236548708229,0.5579799322048914,0.7065289560423686,0.17570726615286944,0.46003942026615025,0.5942830900506111,"[0.9978985289702792, 0.9963981990995497, 0.4002801961372961, 0.8334333733493398, 0.9533813525410164, 0.9815889533720232, 0.13925570228091236, 0.8866935924025762, 0.9514925373134329, 0.9264779433830149, 0.7072538860103627, 0.7543290043290043, 0.8096048024012006, 0.5009502850855256, 0.7742096838735494, 0.6838266838266839, 0.802420968387355, 0.2407444466680008, 0.9605881764529359, 0.3181818181818182, 0.40069138906348206, 0.35086401202103684, 0.935, 0.4441630209532581, 0.3157894736842105, 0.5598119623924785, 0.7900580116023205, 0.12568306010928962, 0.07272727272727272, 0.008547008547008548, 0.0, 0.15294117647058825, 0.1301775147928994, 0.06585365853658537]",201003,56290,109824,1.6321690049971949,1.6374953199920128,351.165926251002,353.1562740802765,112.58272,1554.7421875,280.94677734375,50,0.5301391500977967,"[""DDoS-RSTFINFlood"", ""DDoS-PSHACK_Flood"", ""DDoS-SYN_Flood"", ""DDoS-UDP_Flood"", ""DDoS-TCP_Flood"", ""DDoS-ICMP_Flood"", ""DDoS-SynonymousIP_Flood"", ""DDoS-ACK_Fragmentation"", ""DDoS-UDP_Fragmentation"", ""DDoS-ICMP_Fragmentation"", ""DDoS-SlowLoris"", ""DDoS-HTTP_Flood"", ""DoS-UDP_Flood"", ""DoS-SYN_Flood"", ""DoS-TCP_Flood"", ""DoS-HTTP_Flood"", ""Mirai-greeth_flood"", ""Mirai-greip_flood"", ""Mirai-udpplain"", ""Recon-PingSweep"", ""Recon-OSScan"", ""Recon-PortScan"", ""VulnerabilityScan"", ""Recon-HostDiscovery"", ""DNS_Spoofing"", ""MITM-ArpSpoofing"", ""BenignTraffic"", ""BrowserHijacking"", ""Backdoor_Malware"", ""XSS"", ""Uploading_Attack"", ""SqlInjection"", ""CommandInjection"", ""DictionaryBruteForce""]","[35014, 35010, 35013, 35008, 35009, 35014, 35008, 32099, 32856, 35007, 2711, 3255, 35011, 35007, 35009, 8171, 35010, 35013, 35006, 239, 11165, 9332, 4208, 15219, 20503, 35005, 35004, 646, 397, 418, 145, 603, 594, 1444]",,,,,,,
de9840be2be5,ciciot2023,fine,abl_s1a1p1,0,,ablation,0.5584573580296801,0.7501069704960446,0.6067317517784462,0.738052215779719,0.2970849282855236,0.49338221941529575,0.6558439312527111,"[0.9988993396037622, 0.9978989494747373, 0.9055244195356285, 0.6825412706353177, 0.9846923461730865, 0.9987992795677406, 0.7426455873524115, 0.9859185678419387, 0.9859245041586693, 0.9778911564625851, 0.8482490272373541, 0.562296858071506, 0.7805341602480744, 0.4099049524762381, 0.47418967587034816, 0.8836909871244635, 0.0, 0.9868947579031613, 0.9941976790716287, 0.2, 0.40156985871271583, 0.045437476530229066, 0.9499582985821518, 0.5545580110497238, 0.43899521531100477, 0.5471188475390156, 0.6650330066013203, 0.143646408839779, 0.17117117117117117, 0.0, 0.0, 0.47058823529411764, 0.6347305389221557, 0.20537897310513448]",200990,56290,109824,1.5225647299985212,1.5108784850008306,347.3060293740018,349.1907675266266,112.59016,1548.94140625,286.177734375,45,0.5572696554712263,"[""DDoS-RSTFINFlood"", ""DDoS-PSHACK_Flood"", ""DDoS-SYN_Flood"", ""DDoS-UDP_Flood"", ""DDoS-TCP_Flood"", ""DDoS-ICMP_Flood"", ""DDoS-SynonymousIP_Flood"", ""DDoS-ACK_Fragmentation"", ""DDoS-UDP_Fragmentation"", ""DDoS-ICMP_Fragmentation"", ""DDoS-SlowLoris"", ""DDoS-HTTP_Flood"", ""DoS-UDP_Flood"", ""DoS-SYN_Flood"", ""DoS-TCP_Flood"", ""DoS-HTTP_Flood"", ""Mirai-greeth_flood"", ""Mirai-greip_flood"", ""Mirai-udpplain"", ""Recon-PingSweep"", ""Recon-OSScan"", ""Recon-PortScan"", ""VulnerabilityScan"", ""Recon-HostDiscovery"", ""DNS_Spoofing"", ""MITM-ArpSpoofing"", ""BenignTraffic"", ""BrowserHijacking"", ""Backdoor_Malware"", ""XSS"", ""Uploading_Attack"", ""SqlInjection"", ""CommandInjection"", ""DictionaryBruteForce""]","[35013, 35009, 35014, 35010, 35011, 35013, 35012, 32096, 32858, 35008, 2712, 3256, 35008, 35010, 35008, 8173, 35008, 35009, 35007, 241, 11161, 9330, 4210, 15217, 20501, 35007, 35004, 649, 396, 418, 148, 603, 596, 1446]",,,,,,,
83b4b6f533b5,ciciot2023,fine,abl_s1a1p1,1,,ablation,0.5650632665013109,0.7566981277582355,0.6090293563208287,0.7481177201263508,0.2801195174632869,0.5539713124860606,0.6779451846975084,"[0.9987992795677406, 0.9969981989193516, 0.9571828731492596, 0.6126450580232092, 0.9842937174869948, 0.9982991495747874, 0.7035035035035035, 0.9834115464367565, 0.9878464818763326, 0.9777888944472236, 0.8044041450777202, 0.6641468682505399, 0.8407044226535921, 0.49429657794676807, 0.477891156462585, 0.8644358644358644, 0.0, 0.9865932966483242, 0.993297318927571, 0.0, 0.16300251256281406, 0.2430503380916604, 0.9691151919866444, 0.644715634354133, 0.3762816131237184, 0.5647823911955978, 0.7028405681136227, 0.13186813186813187, 0.0, 0.5726495726495726, 0.0, 0.378698224852071, 0.08333333333333333, 0.5501222493887531]",200989,56290,109824,1.2068723549964488,1.4405010849986866,343.18134944600206,344.8947434425354,112.59016,1549.4453125,289.54736328125,50,0.5686210599232486,"[""DDoS-RSTFINFlood"", ""DDoS-PSHACK_Flood"", ""DDoS-SYN_Flood"", ""DDoS-UDP_Flood"", ""DDoS-TCP_Flood"", ""DDoS-ICMP_Flood"", ""DDoS-SynonymousIP_Flood"", ""DDoS-ACK_Fragmentation"", ""DDoS-UDP_Fragmentation"", ""DDoS-ICMP_Fragmentation"", ""DDoS-SlowLoris"", ""DDoS-HTTP_Flood"", ""DoS-UDP_Flood"", ""DoS-SYN_Flood"", ""DoS-TCP_Flood"", ""DoS-HTTP_Flood"", ""Mirai-greeth_flood"", ""Mirai-greip_flood"", ""Mirai-udpplain"", ""Recon-PingSweep"", ""Recon-OSScan"", ""Recon-PortScan"", ""VulnerabilityScan"", ""Recon-HostDiscovery"", ""DNS_Spoofing"", ""MITM-ArpSpoofing"", ""BenignTraffic"", ""BrowserHijacking"", ""Backdoor_Malware"", ""XSS"", ""Uploading_Attack"", ""SqlInjection"", ""CommandInjection"", ""DictionaryBruteForce""]","[35013, 35013, 35009, 35007, 35009, 35012, 35021, 32094, 32855, 35009, 2712, 3252, 35012, 35013, 35008, 8172, 35011, 35012, 35009, 240, 11162, 9332, 4211, 15218, 20502, 35011, 35005, 648, 397, 419, 146, 605, 595, 1446]",,,,,,,
f0291377410d,ciciot2023,fine,abl_s1a1p1,2,,ablation,0.5676007354947396,0.7549951242810802,0.6147535684642271,0.7440472573549117,0.3236275352359878,0.516112021207328,0.6595335076232816,"[0.9989992995096567, 0.998599299649825, 0.922468987595038, 0.9916958479239619, 0.9846923461730865, 0.9979985990193135, 0.7507002801120448, 0.9820960698689957, 0.9846481876332622, 0.9860944377751101, 0.9571428571428572, 0.6468039003250271, 0.31155577788894445, 0.3045218087234894, 0.46938775510204084, 0.8394160583941606, 0.20642385431258756, 0.937481244373312, 0.9930979293788137, 0.15151515151515152, 0.2445839874411303, 0.2821187077385425, 0.7756463719766472, 0.6150126640571034, 0.33054321831226513, 0.6319263852770554, 0.8024604920984196, 0.10382513661202186, 0.5636363636363636, 0.0, 0.02564102564102564, 0.650887573964497, 0.2215568862275449, 0.2384428223844282]",200996,56290,109824,1.5108087849966978,1.7280978150029114,343.23053015099504,345.19288897514343,112.59016,1539.64453125,284.41259765625,45,0.5666910367419876,"[""DDoS-RSTFINFlood"", ""DDoS-PSHACK_Flood"", ""DDoS-SYN_Flood"", ""DDoS-UDP_Flood"", ""DDoS-TCP_Flood"", ""DDoS-ICMP_Flood"", ""DDoS-SynonymousIP_Flood"", ""DDoS-ACK_Fragmentation"", ""DDoS-UDP_Fragmentation"", ""DDoS-ICMP_Fragmentation"", ""DDoS-SlowLoris"", ""DDoS-HTTP_Flood"", ""DoS-UDP_Flood"", ""DoS-SYN_Flood"", ""DoS-TCP_Flood"", ""DoS-HTTP_Flood"", ""Mirai-greeth_flood"", ""Mirai-greip_flood"", ""Mirai-udpplain"", ""Recon-PingSweep"", ""Recon-OSScan"", ""Recon-PortScan"", ""VulnerabilityScan"", ""Recon-HostDiscovery"", ""DNS_Spoofing"", ""MITM-ArpSpoofing"", ""BenignTraffic"", ""BrowserHijacking"", ""Backdoor_Malware"", ""XSS"", ""Uploading_Attack"", ""SqlInjection"", ""CommandInjection"", ""DictionaryBruteForce""]","[35014, 35009, 35007, 35011, 35009, 35013, 35010, 32099, 32855, 35008, 2715, 3256, 35011, 35009, 35008, 8176, 35012, 35007, 35006, 239, 11161, 9332, 4209, 15219, 20498, 35004, 35004, 646, 397, 420, 148, 604, 596, 1443]",,,,,,,
c2a8b60241c2,ciciot2023,fine,abl_s1a1p1,3,,ablation,0.5697691753550697,0.7601940298507462,0.5869429867351794,0.75900426282088,0.15694087842047472,0.5737586712716014,0.6854081218932645,"[0.9986994797919168, 0.9990996398559424, 0.89265706282513, 0.7686611967180308, 0.9868921352811687, 0.9984989492644851, 0.7167583791895948, 0.9846103470857891, 0.982409381663113, 0.9775955191038208, 0.8764629388816645, 0.5945945945945946, 0.6326530612244898, 0.5794476686011607, 0.476390556222489, 0.8361218361218361, 0.5769461677006203, 0.5196078431372549, 0.9944972486243121, 0.12121212121212122, 0.25879396984924624, 0.6233571160345475, 0.908939014202172, 0.8072316904652234, 0.29313290058079944, 0.42142642792837853, 0.7145714571457146, 0.00546448087431694, 0.10810810810810811, 0.11965811965811966, 0.0, 0.0, 0.005952380952380952, 0.17560975609756097]",201000,56290,109824,1.1989410149999458,1.1211065350016725,341.6627693730088,343.3800995349884,112.59016,1542.7734375,283.95654296875,30,0.5696172726083288,"[""DDoS-RSTFINFlood"", ""DDoS-PSHACK_Flood"", ""DDoS-SYN_Flood"", ""DDoS-UDP_Flood"", ""DDoS-TCP_Flood"", ""DDoS-ICMP_Flood"", ""DDoS-SynonymousIP_Flood"", ""DDoS-ACK_Fragmentation"", ""DDoS-UDP_Fragmentation"", ""DDoS-ICMP_Fragmentation"", ""DDoS-SlowLoris"", ""DDoS-HTTP_Flood"", ""DoS-UDP_Flood"", ""DoS-SYN_Flood"", ""DoS-TCP_Flood"", ""DoS-HTTP_Flood"", ""Mirai-greeth_flood"", ""Mirai-greip_flood"", ""Mirai-udpplain"", ""Recon-PingSweep"", ""Recon-OSScan"", ""Recon-PortScan"", ""VulnerabilityScan"", ""Recon-HostDiscovery"", ""DNS_Spoofing"", ""MITM-ArpSpoofing"", ""BenignTraffic"", ""BrowserHijacking"", ""Backdoor_Malware"", ""XSS"", ""Uploading_Attack"", ""SqlInjection"", ""CommandInjection"", ""DictionaryBruteForce""]","[35009, 35010, 35011, 35011, 35012, 35015, 35011, 32097, 32855, 35006, 2718, 3253, 35008, 35014, 35009, 8174, 35012, 35009, 35010, 238, 11161, 9331, 4214, 15219, 20498, 35006, 35003, 646, 396, 418, 147, 602, 596, 1444]",,,,,,,
2991f539b100,ciciot2023,fine,abl_s1a1p1,4,,ablation,0.5619314591231336,0.7643915762451307,0.5915257350258802,0.7517231264056674,0.19345390836499782,0.5171298507392319,0.6699658076187132,"[0.9988992294606225, 0.9984992496248124, 0.9371560092064445, 0.7617046818727491, 0.9815926370548219, 0.9987992795677406, 0.5837334933973589, 0.9831896081213841, 0.9846481876332622, 0.976592977893368, 0.7474093264248705, 0.8701298701298701, 0.7547773886943472, 0.5481644493348005, 0.4800920368147259, 0.6808236808236808, 0.9786914765906363, 0.04692815689413648, 0.9941982594778433, 0.19696969696969696, 0.48302954116907604, 0.10405709992486852, 0.8391666666666666, 0.5834676490904904, 0.3523581681476418, 0.618623724744949, 0.8314662932586517, 0.13114754098360656, 0.20909090909090908, 0.0, 0.0, 0.17647058823529413, 0.13609467455621302, 0.14390243902439023]",201003,56290,109824,1.2536607699985325,1.5496557099959318,348.1848320939962,349.9619209766388,112.59016,1555.57421875,280.94677734375,50,0.5645448802283015,"[""DDoS-RSTFINFlood"", ""DDoS-PSHACK_Flood"", ""DDoS-SYN_Flood"", ""DDoS-UDP_Flood"", ""DDoS-TCP_Flood"", ""DDoS-ICMP_Flood"", ""DDoS-SynonymousIP_Flood"", ""DDoS-ACK_Fragmentation"", ""DDoS-UDP_Fragmentation"", ""DDoS-ICMP_Fragmentation"", ""DDoS-SlowLoris"", ""DDoS-HTTP_Flood"", ""DoS-UDP_Flood"", ""DoS-SYN_Flood"", ""DoS-TCP_Flood"", ""DoS-HTTP_Flood"", ""Mirai-greeth_flood"", ""Mirai-greip_flood"", ""Mirai-udpplain"", ""Recon-PingSweep"", ""Recon-OSScan"", ""Recon-PortScan"", ""VulnerabilityScan"", ""Recon-HostDiscovery"", ""DNS_Spoofing"", ""MITM-ArpSpoofing"", ""BenignTraffic"", ""BrowserHijacking"", ""Backdoor_Malware"", ""XSS"", ""Uploading_Attack"", ""SqlInjection"", ""CommandInjection"", ""DictionaryBruteForce""]","[35014, 35010, 35013, 35008, 35009, 35014, 35008, 32099, 32856, 35007, 2711, 3255, 35011, 35007, 35009, 8171, 35010, 35013, 35006, 239, 11165, 9332, 4208, 15219, 20503, 35005, 35004, 646, 397, 418, 145, 603, 594, 1444]",,,,,,,
d073c784ae43,ciciot2023,grouped,abl_s0a1p0,0,,ablation,0.5338314195120677,0.7908502910592566,0.537472049565195,0.7728397054663593,0.0024449877750611247,0.42610619198950395,0.6506400237479675,"[0.9141513953766918, 0.3897827835880933, 0.9789582499666534, 0.4040677374301676, 0.8042655224634023, 0.8036607321464293, 0.0, 0.004889975550122249]",200990,54600,106496,1.5293644850044075,1.4367653499994049,338.6056044199995,340.42309284210205,109.20064,1546.1171875,286.15234375,50,0.5320017631920297,"[""DDoS"", ""DoS"", ""Mirai"", ""Recon"", ""Spoofing"", ""Benign"", ""Web"", ""BruteForce""]","[351012, 113199, 105024, 40159, 55508, 35004, 2810, 1446]",,,,,,,
f6ac6021ccfe,ciciot2023,grouped,abl_s0a1p0,1,,ablation,0.5563916453924784,0.8147709576145958,0.5444079356618065,0.8037751616118258,0.001272264631043257,0.43685499782205844,0.6165069219253282,"[0.9367046917572383, 0.485440198050441, 0.9475070868767718, 0.5623471882640587, 0.8823121095475485, 0.5384076815363072, 0.002544529262086514, 0.0]",200989,54600,106496,1.3470218250040489,1.571817865005869,342.00207411400334,343.82440638542175,109.20064,1546.15234375,289.52197265625,45,0.5548021795353784,"[""DDoS"", ""DoS"", ""Mirai"", ""Recon"", ""Spoofing"", ""Benign"", ""Web"", ""BruteForce""]","[351006, 113205, 105032, 40163, 55513, 35005, 2810, 1446]",,,,,,,
0059b915c3c8,ciciot2023,grouped,abl_s0a1p0,2,,ablation,0.5769780855367304,0.8355887679356803,0.5702837543415824,0.8305767855459141,0.006779445354784249,0.44446233327666135,0.6780212228438292,"[0.9138354359629511, 0.6779304369352642, 0.9426770708283313, 0.5516368398079441, 0.8993186979560939, 0.5633126625325064, 0.003826530612244898, 0.009732360097323601]",200996,54600,106496,1.109110924999186,1.115428305001842,330.67769443099496,332.24260926246643,109.20064,1537.12890625,284.38720703125,45,0.5768379993117203,"[""DDoS"", ""DoS"", ""Mirai"", ""Recon"", ""Spoofing"", ""Benign"", ""Web"", ""BruteForce""]","[351006, 113204, 105025, 40160, 55502, 35004, 2811, 1443]",,,,,,,
01faec0b49ca,ciciot2023,grouped,abl_s0a1p0,3,,ablation,0.52651262422776,0.7795024875621891,0.5264188957075888,0.7613994458838222,0.0,0.3388535191304975,0.6359137966714247,"[0.8972833789097587, 0.3607389299749358, 0.9904952476238119, 0.5300384212364653, 0.8577376821651631, 0.575057505750575, 0.0, 0.0]",201000,54600,106496,1.1079824100033875,1.3929417800045485,331.34144008499607,332.9744222164154,109.20064,1540.5,283.93115234375,40,0.5275800898840898,"[""DDoS"", ""DoS"", ""Mirai"", ""Recon"", ""Spoofing"", ""Benign"", ""Web"", ""BruteForce""]","[351008, 113205, 105031, 40163, 55504, 35003, 2805, 1444]",,,,,,,
c47b6b451485,ciciot2023,grouped,abl_s0a1p0,4,,ablation,0.5587926140171754,0.8198335348228634,0.5591992375020207,0.8088521472589494,0.0,0.4459468448369139,0.6895564236039928,"[0.9420441729792309, 0.47532411275101333, 0.9723546870310468, 0.5612503274251288, 0.7224605678233439, 0.8001600320064013, 0.0, 0.0]",201003,54600,106496,1.2375452749984106,1.2800575499932165,338.5518200519982,340.2601041793823,109.20064,1552.765625,280.92138671875,40,0.558553417960751,"[""DDoS"", ""DoS"", ""Mirai"", ""Recon"", ""Spoofing"", ""Benign"", ""Web"", ""BruteForce""]","[351004, 113198, 105029, 40163, 55508, 35004, 2803, 1444]",,,,,,,
8632ad281c04,ciciot2023,grouped,abl_s0a0p1,0,,ablation,0.5397305926687824,0.6827901885665953,0.6175114958420416,0.6965437019199701,0.4112578449846604,0.4260619744606444,0.6415299956292843,"[0.5957200463129317, 0.7950058790766755, 0.9716886754701881, 0.5293296089385475, 0.6518172640080767, 0.5740148029605922, 0.6611464968152866, 0.16136919315403422]",200990,54600,106496,1.4023346149951976,1.5965918649999367,355.69265842800087,357.450332403183,109.2,1530.01171875,286.15234375,45,0.544223095468279,"[""DDoS"", ""DoS"", ""Mirai"", ""Recon"", ""Spoofing"", ""Benign"", ""Web"", ""BruteForce""]","[351012, 113199, 105024, 40159, 55508, 35004, 2810, 1446]",,,,,,,
cc7239704940,ciciot2023,grouped,abl_s0a0p1,1,,ablation,0.5692441995438885,0.7565190134783496,0.5944654859753861,0.7664340161432712,0.22170688764876786,0.4363426085444478,0.6249383236501406,"[0.7272672834516003, 0.8264892464799629, 0.9890611972652993, 0.535015717778554, 0.6947687259418186, 0.5397079415883177, 0.272264631043257, 0.17114914425427874]",200989,54600,106496,1.1764118000064627,1.3767712000026222,349.9619191210004,351.699987411499,109.2,1529.86328125,289.52197265625,25,0.5732540087638796,"[""DDoS"", ""DoS"", ""Mirai"", ""Recon"", ""Spoofing"", ""Benign"", ""Web"", ""BruteForce""]","[351006, 113205, 105032, 40163, 55513, 35005, 2810, 1446]",,,,,,,
293cbfd1a5eb,ciciot2023,grouped,abl_s0a0p1,2,,ablation,0.5639197304736183,0.7599554219984477,0.6414468033177623,0.7684526304680782,0.39602884949600275,0.5502717766381839,0.6749805059983147,"[0.6985687480038326, 0.9626191360316871, 0.971655328798186, 0.5690091663029245, 0.6946757506939187, 0.4429885977195439, 0.6071428571428571, 0.18491484184914841]",200996,54600,106496,1.5818918049990316,1.5933174050041998,346.44699512698753,348.3587760925293,109.2,1522.609375,284.38720703125,50,0.5602733805188703,"[""DDoS"", ""DoS"", ""Mirai"", ""Recon"", ""Spoofing"", ""Benign"", ""Web"", ""BruteForce""]","[351006, 113204, 105025, 40160, 55502, 35004, 2811, 1443]",,,,,,,
03d6e597bec1,ciciot2023,grouped,abl_s0a0p1,3,,ablation,0.567557808414005,0.7625572139303483,0.6480989520465381,0.7735659042828105,0.383706821839792,0.4936646981305219,0.6976756265212095,"[0.719974450587836, 0.8796299161432064, 0.9859262964815741, 0.47196996157876353, 0.6110024604125923, 0.7488748874887489, 0.6649746192893401, 0.1024390243902439]",201000,54600,106496,1.2292559649995383,1.2592438250067062,345.257791410002,346.94415855407715,109.2,1524.94140625,283.93115234375,45,0.5634980233620935,"[""DDoS"", ""DoS"", ""Mirai"", ""Recon"", ""Spoofing"", ""Benign"", ""Web"", ""BruteForce""]","[351008, 113205, 105031, 40163, 55504, 35003, 2805, 1444]",,,,,,,
250d60eb990e,ciciot2023,grouped,abl_s0a0p1,4,,ablation,0.5796140969760022,0.7613269453689746,0.6220124784420735,0.7671619336984379,0.25070635877461434,0.40807364070290103,0.6392812747412482,"[0.709582123217262, 0.8797301896717101, 0.9846933671257545, 0.5416048196978958, 0.6558359621451104, 0.703240648129626, 0.35994930291508237, 0.14146341463414633]",201003,54600,106496,1.1404444250001688,1.5038267300042207,343.828542395011,345.5151011943817,109.2,1536.83984375,280.92138671875,35,0.5819366555002414,"[""DDoS"", ""DoS"", ""Mirai"", ""Recon"", ""Spoofing"", ""Benign"", ""Web"", ""BruteForce""]","[351004, 113198, 105029, 40163, 55508, 35004, 2803, 1444]",,,,,,,
7a92a3cacf73,ciciot2023,grouped,abl_s1a1p0,0,,ablation,0.5123980039452317,0.7239016866510771,0.5356118851977606,0.7339527509189776,0.0,0.3894419896946597,0.6158479498755931,"[0.6943246696211123, 0.7201250077356272, 0.9924636521275176, 0.3656599162011173, 0.6136420999495205, 0.8986797359471894, 0.0, 0.0]",200990,54600,106496,1.215106019999439,1.643567900000562,336.9237430069934,338.6931836605072,109.20808,1545.4921875,286.15234375,35,0.5115059946546809,"[""DDoS"", ""DoS"", ""Mirai"", ""Recon"", ""Spoofing"", ""Benign"", ""Web"", ""BruteForce""]","[351012, 113199, 105024, 40159, 55508, 35004, 2810, 1446]",,,,,,,
6e14c346b6de,ciciot2023,grouped,abl_s1a1p0,1,,ablation,0.600286746363095,0.8172089019797103,0.5912796027813789,0.817455553256943,0.08557457212713937,0.4454485528935072,0.6647707215044911,"[0.8716129225425912, 0.6827170044870803, 0.9931965982991495, 0.8732972406566538, 0.6193601312551271, 0.5189037807561512, 0.0, 0.17114914425427874]",200989,54600,106496,1.1842939699999988,1.1222124049982085,338.58533928900215,340.32259917259216,109.20808,1545.9609375,289.52197265625,50,0.6031846784427699,"[""DDoS"", ""DoS"", ""Mirai"", ""Recon"", ""Spoofing"", ""Benign"", ""Web"", ""BruteForce""]","[351006, 113205, 105032, 40163, 55513, 35005, 2810, 1446]",,,,,,,
20c000d65a30,ciciot2023,grouped,abl_s1a1p0,2,,ablation,0.576566326742946,0.7815180401600031,0.5680153266703314,0.7839236261619918,0.09379189632057203,0.44714624045969326,0.6579661756610695,"[0.7937360268284893, 0.7287411808392128, 0.9917633720154728, 0.5950240069838498, 0.8369921776431996, 0.41028205641128224, 0.00510204081632653, 0.18248175182481752]",200996,54600,106496,1.2526275500022166,1.229023984997184,334.5658863539902,336.3100256919861,109.20808,1537.046875,284.38720703125,45,0.5690972232458983,"[""DDoS"", ""DoS"", ""Mirai"", ""Recon"", ""Spoofing"", ""Benign"", ""Web"", ""BruteForce""]","[351006, 113204, 105025, 40160, 55502, 35004, 2811, 1443]",,,,,,,
4070c1c7d003,ciciot2023,grouped,abl_s1a1p0,3,,ablation,0.5417237487669693,0.7332388059701492,0.5632766939927363,0.745083253798017,0.0,0.37980729849248285,0.6131886356332817,"[0.6694544801293439, 0.7752885478231272, 0.9958312489578123, 0.646611945511701, 0.6483502618131348, 0.7706770677067707, 0.0, 0.0]",201000,54600,106496,1.403639469999689,1.1502304900022864,337.7636234329875,339.4602634906769,109.20808,1540.48828125,283.93115234375,10,0.5438791958374989,"[""DDoS"", ""DoS"", ""Mirai"", ""Recon"", ""Spoofing"", ""Benign"", ""Web"", ""BruteForce""]","[351008, 113205, 105031, 40163, 55504, 35003, 2805, 1444]",,,,,,,
326a3bf771c7,ciciot2023,grouped,abl_s1a1p0,4,,ablation,0.5934651009614365,0.8156196673681487,0.5932120816498561,0.8151694889126884,0.07073170731707316,0.4592145874418713,0.6753352328015045,"[0.8674012195973931, 0.6737832234908259, 0.9950645279621169, 0.4536802584475683, 0.6873186119873818, 0.9269853970794159, 0.0, 0.14146341463414633]",201003,54600,106496,1.1280124250060908,1.1553696050032158,337.44579857600365,339.0918529033661,109.20808,1553.18359375,280.92138671875,50,0.5948437265958939,"[""DDoS"", ""DoS"", ""Mirai"", ""Recon"", ""Spoofing"", ""Benign"", ""Web"", ""BruteForce""]","[351004, 113198, 105029, 40163, 55508, 35004, 2803, 1444]",,,,,,,
133b0b1cee4b,ciciot2023,grouped,abl_s0a1p1,0,,ablation,0.5362722467359569,0.6990845315687347,0.5882644591567504,0.7056523241204583,0.2633018236182704,0.4579147267500112,0.6491807758778911,"[0.6330997724278357, 0.7534810322420942, 0.9877617713752167, 0.47494762569832405, 0.6887935386168602, 0.6414282856571314, 0.32611464968152865, 0.20048899755501223]",200990,54600,106496,1.2987536400032695,1.703778394994515,350.2333292049989,351.99366188049316,109.20064,1555.58984375,286.15234375,50,0.5343098265468565,"[""DDoS"", ""DoS"", ""Mirai"", ""Recon"", ""Spoofing"", ""Benign"", ""Web"", ""BruteForce""]","[351012, 113199, 105024, 40159, 55508, 35004, 2810, 1446]",,,,,,,
d7ffe9ebf445,ciciot2023,grouped,abl_s0a1p1,1,,ablation,0.5631526084774756,0.7545587071929309,0.6243040465112323,0.7661345426871229,0.31493682226245356,0.4274409027231408,0.6397829093669462,"[0.7341137958222302, 0.824694414358657, 0.9839586459896615, 0.5351903597624869, 0.4386319177131318, 0.8479695939187838, 0.3511450381679389, 0.2787286063569682]",200989,54600,106496,1.400041599999895,1.2053499150079006,344.0245918349992,345.8327648639679,109.20064,1555.93359375,289.52197265625,45,0.5675705997239587,"[""DDoS"", ""DoS"", ""Mirai"", ""Recon"", ""Spoofing"", ""Benign"", ""Web"", ""BruteForce""]","[351006, 113205, 105032, 40163, 55513, 35005, 2810, 1446]",,,,,,,
589816792380,ciciot2023,grouped,abl_s0a1p1,2,,ablation,0.5932808240942518,0.7697267607315569,0.6496979537320744,0.7765269022456103,0.3654166045980436,0.5393494196631792,0.6804144717627172,"[0.7092981475566912, 0.9571110285926476, 0.9778578097905829, 0.4844172850283719, 0.676633863234923, 0.6614322864572915, 0.5459183673469388, 0.18491484184914841]",200996,54600,106496,1.496445680004399,1.653068159994291,348.5768781019997,350.4587359428406,109.20064,1546.26953125,284.38720703125,50,0.5860325367352751,"[""DDoS"", ""DoS"", ""Mirai"", ""Recon"", ""Spoofing"", ""Benign"", ""Web"", ""BruteForce""]","[351006, 113204, 105025, 40160, 55502, 35004, 2811, 1443]",,,,,,,
3cf71e7788a6,ciciot2023,grouped,abl_s0a1p1,3,,ablation,0.5624111437668669,0.7617611940298508,0.6553431903706408,0.7736512547903537,0.42053051875696423,0.5000143409965527,0.697849474944656,"[0.7324297890177449, 0.8343905684314757, 0.9865599466399867, 0.4955466294097101, 0.5790801842155069, 0.7736773677367736, 0.6459390862944162, 0.1951219512195122]",201000,54600,106496,1.5287025200086646,1.5620251649943384,340.79338044799624,342.67832612991333,109.20064,1549.96875,283.93115234375,45,0.5608699530908259,"[""DDoS"", ""DoS"", ""Mirai"", ""Recon"", ""Spoofing"", ""Benign"", ""Web"", ""BruteForce""]","[351008, 113205, 105031, 40163, 55504, 35003, 2805, 1444]",,,,,,,
f0011fa349cd,ciciot2023,grouped,abl_s0a1p1,4,,ablation,0.5787985303473137,0.7130689591697636,0.6290977683604166,0.7244677909432364,0.2682586787845065,0.35998524804748067,0.6182775242306049,"[0.5836801501042945, 0.9546396856338377, 0.9778237236135658, 0.5098227538636165, 0.6435331230283912, 0.8267653530706142, 0.385297845373891, 0.15121951219512195]",201003,54600,106496,1.1160445000041364,1.3124878199960222,342.92611053500514,344.57076263427734,109.20064,1562.984375,280.92138671875,45,0.5802425574371324,"[""DDoS"", ""DoS"", ""Mirai"", ""Recon"", ""Spoofing"", ""Benign"", ""Web"", ""BruteForce""]","[351004, 113198, 105029, 40163, 55508, 35004, 2803, 1444]",,,,,,,
263bb115904f,ciciot2023,grouped,abl_s1a1p1,0,,ablation,0.593869638101542,0.7423652918055624,0.6637044197259203,0.759885584123599,0.386180368461215,0.4500197744115082,0.6831666316459046,"[0.6472531640515831, 0.921313200074262, 0.9946311858076564, 0.46700418994413406, 0.6515017667844523, 0.8555711142228446, 0.5694267515923567, 0.20293398533007334]",200990,54600,106496,1.500441220000539,1.648874695001723,357.5393685600029,359.4332973957062,109.20808,1555.703125,286.15234375,50,0.5956218931158929,"[""DDoS"", ""DoS"", ""Mirai"", ""Recon"", ""Spoofing"", ""Benign"", ""Web"", ""BruteForce""]","[351012, 113199, 105024, 40159, 55508, 35004, 2810, 1446]",,,,,,,
9db98d8c87ee,ciciot2023,grouped,abl_s1a1p1,1,,ablation,0.5966829736823915,0.7292588151590386,0.6495570582060377,0.7475714180125329,0.3234880581322284,0.4679801369653239,0.6599611563125349,"[0.6103176741818618, 0.984898653875909, 0.9925295981323995, 0.5628711142158574, 0.5055846532466713, 0.8932786557311462, 0.4758269720101781, 0.17114914425427874]",200989,54600,106496,1.5213287400001718,1.5091667050000979,348.7176878240007,350.60408425331116,109.20808,1556.109375,289.52197265625,10,0.6010634705722355,"[""DDoS"", ""DoS"", ""Mirai"", ""Recon"", ""Spoofing"", ""Benign"", ""Web"", ""BruteForce""]","[351006, 113205, 105032, 40163, 55513, 35005, 2810, 1446]",,,,,,,
025fe0dc2292,ciciot2023,grouped,abl_s1a1p1,2,,ablation,0.6268982889343689,0.7834534020577524,0.6723982431149056,0.7976464533750709,0.43046762500620683,0.46332187443062844,0.6840535398037687,"[0.7892646119450655, 0.721314519123654, 0.9943644124316393, 0.526669576604103, 0.6425687610396165, 0.8440688137627526, 0.6760204081632653, 0.18491484184914841]",200996,54600,106496,1.3310750549999284,1.5383075249974354,347.76481652699476,349.49203395843506,109.20808,1548.11328125,284.38720703125,35,0.6217009418028917,"[""DDoS"", ""DoS"", ""Mirai"", ""Recon"", ""Spoofing"", ""Benign"", ""Web"", ""BruteForce""]","[351006, 113204, 105025, 40160, 55502, 35004, 2811, 1443]",,,,,,,
1f65c1b6a220,ciciot2023,grouped,abl_s1a1p1,3,,ablation,0.6309242216314527,0.79281592039801,0.6844000407587012,0.8086765253976499,0.4082363501299987,0.5394406886028351,0.7071501588696425,"[0.7588175412682888, 0.8774948169693969, 0.9935634483908621, 0.5914250785888928, 0.589741972115324, 0.8476847684768477, 0.6408629441624365, 0.17560975609756097]",201000,54600,106496,1.1509442799979297,1.5138107399980072,343.50501495500066,345.23492670059204,109.20808,1550.26953125,283.93115234375,30,0.6282414297763049,"[""DDoS"", ""DoS"", ""Mirai"", ""Recon"", ""Spoofing"", ""Benign"", ""Web"", ""BruteForce""]","[351008, 113205, 105031, 40163, 55504, 35003, 2805, 1444]",,,,,,,
b119c0740f26,ciciot2023,grouped,abl_s1a1p1,4,,ablation,0.6206939431034066,0.7725208081471421,0.6676959673594423,0.7859105403343661,0.28746174533988683,0.48691064993631444,0.675604755137587,"[0.6807090032635708, 0.9552894582134348, 0.9966318738119851, 0.606915218719986, 0.6314195583596215, 0.8956791358271654, 0.43346007604562736, 0.14146341463414633]",201003,54600,106496,1.161587030001101,1.207214675000614,346.2578039429991,347.88160037994385,109.20808,1563.09765625,280.92138671875,50,0.6243598721510859,"[""DDoS"", ""DoS"", ""Mirai"", ""Recon"", ""Spoofing"", ""Benign"", ""Web"", ""BruteForce""]","[351004, 113198, 105029, 40163, 55508, 35004, 2803, 1444]",,,,,,,
d19fad063a1c,edgeiiot,fine,abl_s0a1p0,0,,ablation,0.7434938558630312,0.840432524287409,0.7432425310604658,0.8454310656316154,0.49245587441978633,0.5847011040797019,0.7351074375092496,"[0.8588076422926878, 0.9992497749324798, 0.9986748141058677, 0.9326606054550904, 0.9205564142194745, 0.252411892104745, 0.9345297441010303, 0.7848600163087796, 0.9087309856220046, 0.623860562957027, 0.5322997416020672, 0.9954921111945906, 0.9035096490350965, 0.5029940119760479, 0.0]",124756,67599,132480,1.62003108499448,1.5290976950018376,206.8193856290036,208.65292501449585,135.1992,1575.45703125,334.35498046875,45,0.7356358685395622,"[""Normal"", ""DDoS_UDP"", ""DDoS_ICMP"", ""DDoS_TCP"", ""DDoS_HTTP"", ""SQL_injection"", ""XSS"", ""Uploading"", ""Backdoor"", ""Password"", ""Ransomware"", ""Port_Scanning"", ""Vulnerability_scanner"", ""Fingerprinting"", ""MITM""]","[70011, 70013, 47567, 35050, 33989, 35592, 10555, 25772, 16831, 34962, 6788, 13988, 35028, 604, 257]",,,,,,,
70609b88df13,edgeiiot,fine,abl_s0a1p0,1,,ablation,0.6657867620687661,0.8146785608374009,0.6499729649040284,0.8029711267875164,0.2692620711693881,0.40594370023642073,0.6596877394059933,"[0.9972993248312078, 0.9857464366091523, 0.9085621733048663, 0.9890076946137704, 0.7418856259659969, 0.471167093091911, 0.6243351063829787, 0.45133224578575315, 0.8538717735220649, 0.4779647435897436, 0.45271317829457364, 0.8554971199599298, 0.9402119576084783, 0.0, 0.0]",124767,67599,132480,1.454537760000676,1.6040053350025119,208.2289546359916,210.06470775604248,135.1992,1575.90234375,321.66064453125,45,0.6669432294075837,"[""Normal"", ""DDoS_UDP"", ""DDoS_ICMP"", ""DDoS_TCP"", ""DDoS_HTTP"", ""SQL_injection"", ""XSS"", ""Uploading"", ""Backdoor"", ""Password"", ""Ransomware"", ""Port_Scanning"", ""Vulnerability_scanner"", ""Fingerprinting"", ""MITM""]","[70010, 70008, 47566, 35054, 33988, 35585, 10555, 25776, 16821, 34960, 6790, 13989, 35025, 600, 254]",,,,,,,
1f191a67ac10,edgeiiot,fine,abl_s0a1p0,2,,ablation,0.6018205318492836,0.7629379092563057,0.6326550502281191,0.7443967245308779,0.23528977482465854,0.36797467060937344,0.6288728138702482,"[0.8677669417354339, 0.9268780634190257, 0.9391285146474312, 0.6372627372627373, 0.9642452344152499, 0.3131521953140382, 0.07707641196013289, 0.9930687686871432, 0.8940245679783468, 0.0963734722500501, 0.8640826873385012, 0.9997495617330328, 0.9170165966806638, 0.0, 0.0]",124769,67599,132480,1.1358351199942263,1.1318872650008416,203.9595920130032,205.5360975265503,135.1992,1570.62890625,332.45166015625,50,0.6028714451000099,"[""Normal"", ""DDoS_UDP"", ""DDoS_ICMP"", ""DDoS_TCP"", ""DDoS_HTTP"", ""SQL_injection"", ""XSS"", ""Uploading"", ""Backdoor"", ""Password"", ""Ransomware"", ""Port_Scanning"", ""Vulnerability_scanner"", ""Fingerprinting"", ""MITM""]","[70012, 70013, 47562, 35049, 33988, 35593, 10552, 25773, 16824, 34964, 6788, 13989, 35024, 600, 254]",,,,,,,
616c6c76de22,edgeiiot,fine,abl_s0a1p0,3,,ablation,0.7840186655491409,0.9210384988417484,0.780414938916886,0.9180388994375975,0.4035129405134972,0.5128963068620737,0.7390090693429352,"[0.9997999299754914, 0.9971992998249563, 0.9998527354392166, 0.9997002398081535, 0.9959810387469085, 0.8740893876747391, 0.7034574468085106, 0.8510262335190975, 0.9708454810495627, 0.5347090053090253, 0.9105943152454781, 0.9957436154231347, 0.8732253549290142, 0.0, 0.0]",124757,67599,132480,1.3749680050023017,1.391566435004279,206.47185466399242,208.25342798233032,135.1992,1570.87890625,331.98486328125,50,0.7845087414775291,"[""Normal"", ""DDoS_UDP"", ""DDoS_ICMP"", ""DDoS_TCP"", ""DDoS_HTTP"", ""SQL_injection"", ""XSS"", ""Uploading"", ""Backdoor"", ""Password"", ""Ransomware"", ""Port_Scanning"", ""Vulnerability_scanner"", ""Fingerprinting"", ""MITM""]","[70014, 70010, 47570, 35054, 33989, 35594, 10556, 25775, 16824, 34960, 6787, 13988, 35025, 602, 254]",,,,,,,
8d59f54e44a5,edgeiiot,fine,abl_s0a1p0,4,,ablation,0.622925770022982,0.7739375771468877,0.6211505606217789,0.7627104394794614,0.15227507755946226,0.27518014830660825,0.5720177760630791,"[0.8854156246874062, 0.8460115028757189, 0.819640753828033, 0.9718253571785394, 0.23750643997939205, 0.9029718559338713, 0.0, 0.5478520935290919, 0.8919200333194502, 0.7888621794871795, 0.609100310237849, 0.987218045112782, 0.8289342131573685, 0.0, 0.0]",124762,67599,132480,1.2098527000034665,1.49740415999986,213.93063085100403,215.7018518447876,135.1992,1570.7578125,327.28076171875,40,0.6223599049899384,"[""Normal"", ""DDoS_UDP"", ""DDoS_ICMP"", ""DDoS_TCP"", ""DDoS_HTTP"", ""SQL_injection"", ""XSS"", ""Uploading"", ""Backdoor"", ""Password"", ""Ransomware"", ""Port_Scanning"", ""Vulnerability_scanner"", ""Fingerprinting"", ""MITM""]","[70012, 70011, 47566, 35050, 33989, 35586, 10552, 25775, 16826, 34959, 6791, 13995, 35025, 605, 256]",,,,,,,
1512326302de,edgeiiot,fine,abl_s0a0p1,0,,ablation,0.6694657995912916,0.7298646958863702,0.6971757637568997,0.7233093493410111,0.6799201744516563,0.5930212486457431,0.7255952637911146,"[0.5026507952385716, 0.9993998199459838, 0.9998527571228741, 0.9326606054550904, 0.7810407006697578, 0.6478637527072258, 0.9747424393486208, 0.4464528404457733, 0.34840591789956243, 0.18902133627166182, 0.5963824289405685, 0.9979964938642625, 0.8926107389261074, 0.25149700598802394, 0.8970588235294118]",124756,67599,132480,1.4304300950061588,1.4610310999978537,213.9374121460005,215.71421885490417,135.198,1559.44140625,334.35498046875,40,0.656155681642964,"[""Normal"", ""DDoS_UDP"", ""DDoS_ICMP"", ""DDoS_TCP"", ""DDoS_HTTP"", ""SQL_injection"", ""XSS"", ""Uploading"", ""Backdoor"", ""Password"", ""Ransomware"", ""Port_Scanning"", ""Vulnerability_scanner"", ""Fingerprinting"", ""MITM""]","[70011, 70013, 47567, 35050, 33989, 35592, 10555, 25772, 16831, 34962, 6788, 13988, 35028, 604, 257]",,,,,,,
46b497e84da0,edgeiiot,fine,abl_s0a0p1,1,,ablation,0.6324116557157505,0.6775188952206914,0.6390465798414995,0.6753801978348851,0.5453978542780897,0.40525380190173416,0.6669497640714437,"[0.47476869217304324, 0.916229057264316, 0.6723109769564898, 0.7908464075147397, 0.9262235960844926, 0.7442432592009447, 0.25033244680851063, 0.5373844480696031, 0.4123646960865945, 0.36768830128205127, 0.537467700258398, 0.6719258702729777, 0.890121975604879, 0.40828402366863903, 0.9855072463768116]",124767,67599,132480,1.0914650650011026,1.2384495249989413,213.13621523500115,214.7519989013672,135.198,1558.90625,321.66064453125,45,0.6341094136282435,"[""Normal"", ""DDoS_UDP"", ""DDoS_ICMP"", ""DDoS_TCP"", ""DDoS_HTTP"", ""SQL_injection"", ""XSS"", ""Uploading"", ""Backdoor"", ""Password"", ""Ransomware"", ""Port_Scanning"", ""Vulnerability_scanner"", ""Fingerprinting"", ""MITM""]","[70010, 70008, 47566, 35054, 33988, 35585, 10555, 25776, 16821, 34960, 6790, 13989, 35025, 600, 254]",,,,,,,
5ce9e92fffaf,edgeiiot,fine,abl_s0a0p1,2,,ablation,0.56218664452761,0.588423406455129,0.5905480929478873,0.6149933839133982,0.47034442358001505,0.3137605301881481,0.6315106658990667,"[0.6390597649412353, 0.6044313293988196, 0.21389665832474605, 0.824975024975025, 0.14435857805255023, 0.4896633195510927, 0.9136212624584718, 0.591193259037782, 0.9643972517176764, 0.6599879783610499, 0.09819121447028424, 0.9997495617330328, 0.8451309738052389, 0.0, 0.8695652173913043]",124769,67599,132480,1.2492197300070984,1.2203729749944614,208.93552276100309,210.58890628814697,135.198,1554.0234375,332.45166015625,40,0.567378905056757,"[""Normal"", ""DDoS_UDP"", ""DDoS_ICMP"", ""DDoS_TCP"", ""DDoS_HTTP"", ""SQL_injection"", ""XSS"", ""Uploading"", ""Backdoor"", ""Password"", ""Ransomware"", ""Port_Scanning"", ""Vulnerability_scanner"", ""Fingerprinting"", ""MITM""]","[70012, 70013, 47562, 35049, 33988, 35593, 10552, 25773, 16824, 34964, 6788, 13989, 35024, 600, 254]",,,,,,,
9ca181d2d111,edgeiiot,fine,abl_s0a0p1,3,,ablation,0.660632226487436,0.7133307149097846,0.6936573599459345,0.7016681728273034,0.48112624550569605,0.5539755614703753,0.6894397480313208,"[0.28509978492472365, 0.6863715928982246, 0.9999263677196083, 1.0, 0.8720115416323165, 0.714313841307344, 0.9228723404255319, 0.5998368900366997, 0.914618908788005, 0.5999198637684063, 0.11524547803617571, 0.9519278918377566, 0.8563287342531494, 0.4226190476190476, 0.463768115942029]",124757,67599,132480,1.410269400003017,1.2277607299984084,211.00739103401247,212.70363330841064,135.198,1554.17578125,331.98486328125,40,0.6654834956232929,"[""Normal"", ""DDoS_UDP"", ""DDoS_ICMP"", ""DDoS_TCP"", ""DDoS_HTTP"", ""SQL_injection"", ""XSS"", ""Uploading"", ""Backdoor"", ""Password"", ""Ransomware"", ""Port_Scanning"", ""Vulnerability_scanner"", ""Fingerprinting"", ""MITM""]","[70014, 70010, 47570, 35054, 33989, 35594, 10556, 25775, 16824, 34960, 6787, 13988, 35025, 602, 254]",,,,,,,
7048ab400223,edgeiiot,fine,abl_s0a0p1,4,,ablation,0.5624735540745124,0.592608326253186,0.5973642557762688,0.6038313665878013,0.4700581415316424,0.31382016723488143,0.6203955813682139,"[0.30804241272381716, 0.6610152538134534, 0.6258833922261484, 0.9961035068438405, 0.22648119526017516, 0.9133044676244834, 0.05780730897009967, 0.5863240891789016, 0.6122448979591837, 0.3729967948717949, 0.5062047569803516, 0.9040100250626566, 0.8738252349530093, 0.41916167664670656, 0.8970588235294118]",124762,67599,132480,1.3922418000038306,1.3482269449923479,220.00902171999041,221.68800234794617,135.198,1553.12109375,327.28076171875,30,0.5594032648452403,"[""Normal"", ""DDoS_UDP"", ""DDoS_ICMP"", ""DDoS_TCP"", ""DDoS_HTTP"", ""SQL_injection"", ""XSS"", ""Uploading"", ""Backdoor"", ""Password"", ""Ransomware"", ""Port_Scanning"", ""Vulnerability_scanner"", ""Fingerprinting"", ""MITM""]","[70012, 70011, 47566, 35050, 33989, 35586, 10552, 25775, 16826, 34959, 6791, 13995, 35025, 605, 256]",,,,,,,
92b7f4be6e23,edgeiiot,fine,abl_s1a1p0,0,,ablation,0.5755885208850758,0.758488569688031,0.6305881164387181,0.7092248320786264,0.5256146359232657,0.5662802584929985,0.709628334177153,"[1.0, 1.0, 0.9995582713686225, 1.0, 0.0, 0.9987202205158495, 0.6497175141242938, 0.19081272084805653, 0.0010418837257762034, 0.19262746669337874, 0.931782945736434, 1.0, 0.9736026397360263, 0.5209580838323353, 0.0]",124756,67599,132480,1.5771975049938192,1.4056213250114524,207.69690365000315,209.45734286308289,135.21448,1575.59765625,334.35498046875,50,0.5673444790543609,"[""Normal"", ""DDoS_UDP"", ""DDoS_ICMP"", ""DDoS_TCP"", ""DDoS_HTTP"", ""SQL_injection"", ""XSS"", ""Uploading"", ""Backdoor"", ""Password"", ""Ransomware"", ""Port_Scanning"", ""Vulnerability_scanner"", ""Fingerprinting"", ""MITM""]","[70011, 70013, 47567, 35050, 33989, 35592, 10555, 25772, 16831, 34962, 6788, 13988, 35028, 604, 257]",,,,,,,
1f6bb0a66751,edgeiiot,fine,abl_s1a1p0,1,,ablation,0.6244718194262361,0.8348681943142017,0.6747180644105801,0.8169176424698134,0.4616124443344879,0.5797984730018321,0.7766943956830709,"[1.0, 1.0, 0.9998527571228741, 1.0, 0.8498712004121587, 0.9991143475693761, 0.9069148936170213, 0.21166394779771616, 0.009159034138218152, 0.3062900641025641, 0.9395348837209302, 0.9997495617330328, 0.8986202759448111, 0.0, 0.0]",124767,67599,132480,1.4508520200070052,1.5227065450017108,207.76154006497381,209.57460379600525,135.21448,1575.80078125,321.66064453125,35,0.6245772409004009,"[""Normal"", ""DDoS_UDP"", ""DDoS_ICMP"", ""DDoS_TCP"", ""DDoS_HTTP"", ""SQL_injection"", ""XSS"", ""Uploading"", ""Backdoor"", ""Password"", ""Ransomware"", ""Port_Scanning"", ""Vulnerability_scanner"", ""Fingerprinting"", ""MITM""]","[70010, 70008, 47566, 35054, 33988, 35585, 10555, 25776, 16821, 34960, 6790, 13989, 35025, 600, 254]",,,,,,,
da37b3370471,edgeiiot,fine,abl_s1a1p0,2,,ablation,0.578137917406554,0.7429890437528552,0.6072704044510976,0.7187873000013771,0.34188132954563694,0.4674613123966314,0.7035465962503082,"[0.9999499874968742, 0.9999499849954987, 0.9901369056381569, 0.5777222777222777, 0.3758887171561051, 0.8347115573931876, 0.08571428571428572, 0.4524327262843164, 0.45867166354361855, 0.06391504708475255, 0.5136950904392765, 0.9997495617330328, 0.9884023195360928, 0.0, 0.7681159420289855]",124769,67599,132480,1.5993661950051319,1.255365230008465,205.52039016100935,207.32373023033142,135.21448,1570.49609375,332.45166015625,50,0.5813968523492085,"[""Normal"", ""DDoS_UDP"", ""DDoS_ICMP"", ""DDoS_TCP"", ""DDoS_HTTP"", ""SQL_injection"", ""XSS"", ""Uploading"", ""Backdoor"", ""Password"", ""Ransomware"", ""Port_Scanning"", ""Vulnerability_scanner"", ""Fingerprinting"", ""MITM""]","[70012, 70013, 47562, 35049, 33988, 35593, 10552, 25773, 16824, 34964, 6788, 13989, 35024, 600, 254]",,,,,,,
ec9e30a7b02e,edgeiiot,fine,abl_s1a1p0,3,,ablation,0.5452410920382783,0.7653598595669983,0.5882760751638387,0.7274090830826668,0.1942320478723404,0.464211809217062,0.6682516366089574,"[1.0, 1.0, 0.9998527354392166, 1.0, 0.6719909315746084, 0.0, 0.7769281914893617, 0.995378551039826, 0.9654310703873387, 0.06741460482820795, 0.0, 0.5085127691537306, 0.8386322735452909, 0.0, 0.0]",124757,67599,132480,1.4514147500085528,1.4275860549969366,205.34021161700912,207.09251761436462,135.21448,1570.265625,331.98486328125,50,0.5452627824919596,"[""Normal"", ""DDoS_UDP"", ""DDoS_ICMP"", ""DDoS_TCP"", ""DDoS_HTTP"", ""SQL_injection"", ""XSS"", ""Uploading"", ""Backdoor"", ""Password"", ""Ransomware"", ""Port_Scanning"", ""Vulnerability_scanner"", ""Fingerprinting"", ""MITM""]","[70014, 70010, 47570, 35054, 33989, 35594, 10556, 25775, 16824, 34960, 6787, 13988, 35025, 602, 254]",,,,,,,
0d98a246746d,edgeiiot,fine,abl_s1a1p0,4,,ablation,0.5689138025161533,0.7947371795899393,0.5943019680963685,0.7767259542197823,0.10016611295681063,0.4296337074013509,0.675914092399639,"[0.9999499849954987, 1.0, 0.9967608951707891, 0.5793785592966331, 0.9493044822256569, 0.6689628025979137, 0.40066445182724253, 0.9019847743338771, 1.0, 0.08764022435897435, 0.0, 0.49974937343358394, 0.830133973205359, 0.0, 0.0]",124762,67599,132480,1.444224810002197,1.450745439997263,211.16301366200787,212.95617723464966,135.21448,1569.92578125,327.28076171875,35,0.5675232889624469,"[""Normal"", ""DDoS_UDP"", ""DDoS_ICMP"", ""DDoS_TCP"", ""DDoS_HTTP"", ""SQL_injection"", ""XSS"", ""Uploading"", ""Backdoor"", ""Password"", ""Ransomware"", ""Port_Scanning"", ""Vulnerability_scanner"", ""Fingerprinting"", ""MITM""]","[70012, 70011, 47566, 35050, 33989, 35586, 10552, 25775, 16826, 34959, 6791, 13995, 35025, 605, 256]",,,,,,,
9f617a4d7b65,edgeiiot,fine,abl_s0a1p1,0,,ablation,0.6674303747610678,0.7202940139151623,0.6887013304163278,0.7078376487051392,0.6533164424626753,0.5697635482561071,0.7005035705570946,"[0.5026007802340702, 0.9996498949684905, 0.9999263785614371, 0.9983015286242382, 0.8182380216383307, 0.09499901555424296, 0.9375207710202725, 0.6151128023919543, 0.3709106063763284, 0.4170089151557648, 0.47338501291989665, 0.9979964938642625, 0.9025097490250975, 0.46706586826347307, 0.7352941176470589]",124756,67599,132480,1.4500466299978143,1.511207564999495,211.7299966189712,213.49866914749146,135.1992,1584.56640625,334.35498046875,30,0.6564864125880618,"[""Normal"", ""DDoS_UDP"", ""DDoS_ICMP"", ""DDoS_TCP"", ""DDoS_HTTP"", ""SQL_injection"", ""XSS"", ""Uploading"", ""Backdoor"", ""Password"", ""Ransomware"", ""Port_Scanning"", ""Vulnerability_scanner"", ""Fingerprinting"", ""MITM""]","[70011, 70013, 47567, 35050, 33989, 35592, 10555, 25772, 16831, 34962, 6788, 13988, 35028, 604, 257]",,,,,,,
a1462ea6ccf9,edgeiiot,fine,abl_s0a1p1,1,,ablation,0.7119794259221749,0.7369737190122388,0.7135738962257656,0.7415582573757707,0.6502605831918494,0.5282334690286321,0.7111634915528026,"[0.5945986496624156, 0.8783195798949738, 0.9561216226165059, 0.7892475267312881, 0.9006697578567748, 0.6949419405628813, 0.4890292553191489, 0.49592169657422513, 0.7814321398834305, 0.3984375, 0.6702842377260982, 0.7683446030553469, 0.8445310937812438, 0.48520710059171596, 0.9565217391304348]",124767,67599,132480,1.503999059987109,1.44644543499453,213.0001793620031,214.8306167125702,135.1992,1585.16796875,321.66064453125,50,0.714369976144675,"[""Normal"", ""DDoS_UDP"", ""DDoS_ICMP"", ""DDoS_TCP"", ""DDoS_HTTP"", ""SQL_injection"", ""XSS"", ""Uploading"", ""Backdoor"", ""Password"", ""Ransomware"", ""Port_Scanning"", ""Vulnerability_scanner"", ""Fingerprinting"", ""MITM""]","[70010, 70008, 47566, 35054, 33988, 35585, 10555, 25776, 16821, 34960, 6790, 13989, 35025, 600, 254]",,,,,,,
81f1c481f215,edgeiiot,fine,abl_s0a1p1,2,,ablation,0.6468825334176386,0.6000128236981943,0.6443224935533528,0.6370495218340055,0.6151478155075417,0.4177978659300478,0.6356846580714911,"[0.6204551137784446, 0.5895768730619185, 0.20837626968938613, 0.7765234765234765, 0.622462648119526, 0.39673164008663125, 0.8142857142857143, 0.723566186463713, 0.9589839683531126, 0.49098377078741734, 0.20723514211886304, 0.9997495617330328, 0.8168366326734653, 0.4970414201183432, 0.9420289855072463]",124769,67599,132480,1.4511690650033415,1.5916059399933147,213.77223426301134,215.5789988040924,135.1992,1580.58984375,332.45166015625,45,0.6443678860016523,"[""Normal"", ""DDoS_UDP"", ""DDoS_ICMP"", ""DDoS_TCP"", ""DDoS_HTTP"", ""SQL_injection"", ""XSS"", ""Uploading"", ""Backdoor"", ""Password"", ""Ransomware"", ""Port_Scanning"", ""Vulnerability_scanner"", ""Fingerprinting"", ""MITM""]","[70012, 70013, 47562, 35049, 33988, 35593, 10552, 25773, 16824, 34964, 6788, 13989, 35024, 600, 254]",,,,,,,
6f21e7160999,edgeiiot,fine,abl_s0a1p1,3,,ablation,0.7075721226247945,0.7557251296520435,0.747797185020833,0.7463764776529814,0.6033048802041128,0.5912683706838031,0.712628532408351,"[0.38323413194618117, 0.8373593398349587, 1.0, 1.0, 0.8848928276999175, 0.8019295136837961, 0.9358377659574468, 0.6336822074215034, 0.9329446064139941, 0.4849243714314334, 0.06614987080103359, 0.9942413620430646, 0.8505298940211957, 0.5416666666666666, 0.8695652173913043]",124757,67599,132480,1.155951759992604,1.1745380950014805,215.06711870001163,216.6677610874176,135.1992,1581.08203125,331.98486328125,40,0.7171253700388998,"[""Normal"", ""DDoS_UDP"", ""DDoS_ICMP"", ""DDoS_TCP"", ""DDoS_HTTP"", ""SQL_injection"", ""XSS"", ""Uploading"", ""Backdoor"", ""Password"", ""Ransomware"", ""Port_Scanning"", ""Vulnerability_scanner"", ""Fingerprinting"", ""MITM""]","[70014, 70010, 47570, 35054, 33989, 35594, 10556, 25775, 16824, 34960, 6787, 13988, 35025, 602, 254]",,,,,,,
f9c5adef57ad,edgeiiot,fine,abl_s0a1p1,4,,ablation,0.6113190767631915,0.6506708773504754,0.6384631483906732,0.6415445767961439,0.42507350941543665,0.13897536917973097,0.5917806163700623,"[0.32739821946583975, 0.6610152538134534, 0.9748969375736161, 0.998801079028874, 0.4042246264811953, 0.9944892737650068, 0.22059800664451829, 0.433115823817292, 0.9596001665972511, 0.3092948717948718, 0.1514994829369183, 0.9924812030075187, 0.8213357328534293, 0.4311377245508982, 0.8970588235294118]",124762,67599,132480,1.1288162800155987,1.1315900699992198,216.2046975029989,217.7737684249878,135.1992,1579.3203125,327.28076171875,30,0.6115233200702864,"[""Normal"", ""DDoS_UDP"", ""DDoS_ICMP"", ""DDoS_TCP"", ""DDoS_HTTP"", ""SQL_injection"", ""XSS"", ""Uploading"", ""Backdoor"", ""Password"", ""Ransomware"", ""Port_Scanning"", ""Vulnerability_scanner"", ""Fingerprinting"", ""MITM""]","[70012, 70011, 47566, 35050, 33989, 35586, 10552, 25775, 16826, 34959, 6791, 13995, 35025, 605, 256]",,,,,,,
cbb07a81c023,edgeiiot,fine,abl_s1a1p1,0,,ablation,0.7841954216262046,0.866026483696175,0.7987475430491668,0.8554811216368157,0.6739109689375606,0.6745616745414682,0.8142772307795086,"[0.9994498349504851, 1.0, 0.9999263785614371, 1.0, 0.8731581658938692, 0.67208111833038, 0.8441342638750415, 0.9657515629247078, 0.6788914357157741, 0.1780026044275268, 0.6191214470284238, 1.0, 0.9183081691830817, 0.33532934131736525, 0.8970588235294118]",124756,67599,132480,1.1444782999933523,1.3821514649953315,215.09235897399776,216.77900886535645,135.21448,1585.25,334.35498046875,50,0.7820238985929905,"[""Normal"", ""DDoS_UDP"", ""DDoS_ICMP"", ""DDoS_TCP"", ""DDoS_HTTP"", ""SQL_injection"", ""XSS"", ""Uploading"", ""Backdoor"", ""Password"", ""Ransomware"", ""Port_Scanning"", ""Vulnerability_scanner"", ""Fingerprinting"", ""MITM""]","[70011, 70013, 47567, 35050, 33989, 35592, 10555, 25772, 16831, 34962, 6788, 13988, 35028, 604, 257]",,,,,,,
192e7632d274,edgeiiot,fine,abl_s1a1p1,1,,ablation,0.7904063836824193,0.8610850625566056,0.7890788568668191,0.8582727904439881,0.6921397597826657,0.7093104455861922,0.8280682216041937,"[1.0, 1.0, 0.9999263785614371, 1.0, 0.887789799072643, 0.8235583546545956, 0.9202127659574468, 0.4744426318651441, 0.734179850124896, 0.34685496794871795, 0.5012919896640827, 0.9138492361632857, 0.8870225954809038, 0.3905325443786982, 0.9565217391304348]",124767,67599,132480,1.1910541399993235,1.606521210005667,219.78357127300296,221.4238932132721,135.21448,1586.12109375,321.66064453125,35,0.7905165063246933,"[""Normal"", ""DDoS_UDP"", ""DDoS_ICMP"", ""DDoS_TCP"", ""DDoS_HTTP"", ""SQL_injection"", ""XSS"", ""Uploading"", ""Backdoor"", ""Password"", ""Ransomware"", ""Port_Scanning"", ""Vulnerability_scanner"", ""Fingerprinting"", ""MITM""]","[70010, 70008, 47566, 35054, 33988, 35585, 10555, 25776, 16821, 34960, 6790, 13989, 35025, 600, 254]",,,,,,,
a225eb1d96d9,edgeiiot,fine,abl_s1a1p1,2,,ablation,0.7893391200570187,0.8959677483990415,0.7921206890725411,0.8900742895638977,0.4964942250545424,0.5542663514368776,0.8001910660231684,"[0.9998999749937484, 1.0, 0.9997791844545856, 1.0, 0.8588356517259145, 0.7177594014569797, 0.8272425249169435, 0.8547159554226692, 0.9573183427024776, 0.5884592266078942, 0.019638242894056846, 0.9997495617330328, 0.9193161367726455, 0.28402366863905326, 0.855072463768116]",124769,67599,132480,1.5294219699990208,1.412568325004031,213.01953966099245,214.77508687973022,135.21448,1580.87109375,332.45166015625,40,0.7906594997338523,"[""Normal"", ""DDoS_UDP"", ""DDoS_ICMP"", ""DDoS_TCP"", ""DDoS_HTTP"", ""SQL_injection"", ""XSS"", ""Uploading"", ""Backdoor"", ""Password"", ""Ransomware"", ""Port_Scanning"", ""Vulnerability_scanner"", ""Fingerprinting"", ""MITM""]","[70012, 70013, 47562, 35049, 33988, 35593, 10552, 25773, 16824, 34964, 6788, 13989, 35024, 600, 254]",,,,,,,
c2cf8359c5c1,edgeiiot,fine,abl_s1a1p1,3,,ablation,0.7912902153007343,0.8883349230904879,0.8033647453389793,0.8829264050491747,0.5708196018347209,0.7111284658145622,0.8271552983499637,"[0.9994998249387286, 1.0, 0.9997054708784331, 1.0, 0.8617065127782357, 0.6560346524906477, 0.9119015957446809, 0.8001902949571836, 0.9656393169512703, 0.5860963638184914, 0.0, 1.0, 0.8983203359328135, 0.4583333333333333, 0.9130434782608695]",124757,67599,132480,1.1466754100001708,1.2046777999967162,211.5919734479976,213.15208315849304,135.21448,1581.12890625,331.98486328125,25,0.7972533630472023,"[""Normal"", ""DDoS_UDP"", ""DDoS_ICMP"", ""DDoS_TCP"", ""DDoS_HTTP"", ""SQL_injection"", ""XSS"", ""Uploading"", ""Backdoor"", ""Password"", ""Ransomware"", ""Port_Scanning"", ""Vulnerability_scanner"", ""Fingerprinting"", ""MITM""]","[70014, 70010, 47570, 35054, 33989, 35594, 10556, 25775, 16824, 34960, 6787, 13988, 35025, 602, 254]",,,,,,,
09b201cb3e0e,edgeiiot,fine,abl_s1a1p1,4,,ablation,0.754871437619363,0.8564627049903015,0.7758809279227807,0.8430942111659633,0.5714197947665349,0.6002139634578886,0.7902479168096974,"[0.9999499849954987, 1.0, 0.9996319199057715, 1.0, 0.6048428645028336, 0.9165518598701043, 0.9003322259136213, 0.7676726481783578, 0.9685547688463141, 0.19431089743589744, 0.0, 1.0, 0.9010197960407919, 0.5029940119760479, 0.8823529411764706]",124762,67599,132480,1.1616289500034327,1.2024532799932786,218.66401802401197,220.28785347938538,135.21448,1580.00390625,327.28076171875,35,0.7559545556907327,"[""Normal"", ""DDoS_UDP"", ""DDoS_ICMP"", ""DDoS_TCP"", ""DDoS_HTTP"", ""SQL_injection"", ""XSS"", ""Uploading"", ""Backdoor"", ""Password"", ""Ransomware"", ""Port_Scanning"", ""Vulnerability_scanner"", ""Fingerprinting"", ""MITM""]","[70012, 70011, 47566, 35050, 33989, 35586, 10552, 25775, 16826, 34959, 6791, 13995, 35025, 605, 256]",,,,,,,
7d1912ed7c90,edgeiiot,grouped,abl_s0a1p0,0,,ablation,0.7567860733618003,0.9171823399275385,0.7576488435554088,0.9197260355613169,0.4583362756867453,0.6651183869733179,0.8302472303668823,"[0.9312293688106432, 0.9347544613536996, 0.9280389768574908, 0.8351977029371299, 0.9166725513734906, 0.0]",124756,67014,131328,1.1594022099961876,1.1955750550077937,205.4893050510036,207.1124575138092,134.02848,1580.9140625,334.34521484375,45,0.756200714235946,"[""Normal"", ""DDoS"", ""Injection"", ""Malware"", ""InformationGathering"", ""MITM""]","[70011, 186619, 71919, 58581, 49620, 257]",,,,,,,
8999103b67cb,edgeiiot,grouped,abl_s0a1p0,1,,ablation,0.6680648318274928,0.8346357610586133,0.6563064992490036,0.8305538760180491,0.4124188082462581,0.4283916681418591,0.7320497648813858,"[0.8550137534383596, 0.955301182210546, 0.700282568449771, 0.6024038749028284, 0.8248376164925162, 0.0]",124767,67014,131328,1.3800907549921249,1.3573907399950258,208.0879637389953,209.81181383132935,134.02848,1580.46484375,321.65087890625,45,0.6684013555409463,"[""Normal"", ""DDoS"", ""Injection"", ""Malware"", ""InformationGathering"", ""MITM""]","[70010, 186616, 71916, 58571, 49614, 254]",,,,,,,
2c7f292c1dce,edgeiiot,grouped,abl_s0a1p0,2,,ablation,0.6957480090094715,0.8722038326827978,0.7114489927790011,0.8692860298845175,0.48425585992657444,0.6100261123421264,0.8106657701211457,"[0.9429357339334834, 0.9046439628482972, 0.9856767027185034, 0.4669258373205742, 0.9685117198531489, 0.0]",124769,67014,131328,1.1179016599999159,1.1351741249927727,203.76730253300047,205.28396368026733,134.02848,1575.484375,332.44189453125,50,0.6973138168559059,"[""Normal"", ""DDoS"", ""Injection"", ""Malware"", ""InformationGathering"", ""MITM""]","[70012, 186612, 71918, 58576, 49613, 254]",,,,,,,
32409d4fd7f1,edgeiiot,grouped,abl_s0a1p0,3,,ablation,0.7155106206604421,0.8969035805606098,0.717989632148782,0.8921897314992834,0.45004942106749507,0.5580203203294997,0.7847421683286576,"[0.9841944680638224, 0.9647012460591503, 0.9646250548165473, 0.4943181818181818, 0.9000988421349901, 0.0]",124757,67014,131328,1.1163748400031182,1.121737720004603,203.06539107000208,204.63182091712952,134.02848,1575.23046875,331.97509765625,40,0.7161865597892826,"[""Normal"", ""DDoS"", ""Injection"", ""Malware"", ""InformationGathering"", ""MITM""]","[70014, 186623, 71925, 58571, 49615, 254]",,,,,,,
58bd17879abe,edgeiiot,grouped,abl_s0a1p0,4,,ablation,0.6743666437451669,0.836432567608727,0.671007660291704,0.8322667222155713,0.25789250653294726,0.5182012160141947,0.7219700814153165,"[0.9383815144543363, 0.8918056780440208, 0.7017244738893219, 0.9783492822966507, 0.5157850130658945, 0.0]",124762,67014,131328,1.4463154500117525,1.45595656000296,208.82303543701346,210.59410548210144,134.02848,1574.453125,327.27099609375,40,0.6751226818449253,"[""Normal"", ""DDoS"", ""Injection"", ""Malware"", ""InformationGathering"", ""MITM""]","[70012, 186616, 71913, 58576, 49625, 256]",,,,,,,
91b73492306a,edgeiiot,grouped,abl_s0a0p1,0,,ablation,0.7205848576393855,0.7451425181955177,0.7258190608217214,0.7558983115251023,0.8233705246804605,0.446912491265116,0.763097887096519,"[0.5026507952385716, 0.8063462873655964, 0.9435322777101096, 0.4556439552551295, 0.911446931713862, 0.7352941176470589]",124756,67014,131328,1.3658453099924373,1.1293983250106976,214.43843154699425,216.1331787109375,134.028,1563.90234375,334.34521484375,20,0.7268208758195676,"[""Normal"", ""DDoS"", ""Injection"", ""Malware"", ""InformationGathering"", ""MITM""]","[70011, 186619, 71919, 58581, 49620, 257]",,,,,,,
279663c33e3c,edgeiiot,grouped,abl_s0a0p1,1,,ablation,0.7398788633754431,0.7659557415021601,0.7645861145650455,0.7622775220026812,0.9294399150325995,0.5003318329655095,0.7541139361461625,"[0.39014753688422105, 0.8968099080502908, 0.7935301568742084, 0.6481492555163547, 0.9023580909347642, 0.9565217391304348]",124767,67014,131328,1.3017793399922084,1.64074698001059,214.54468323098627,216.25538849830627,134.028,1564.6796875,321.65087890625,30,0.7372014296496731,"[""Normal"", ""DDoS"", ""Injection"", ""Malware"", ""InformationGathering"", ""MITM""]","[70010, 186616, 71916, 58571, 49614, 254]",,,,,,,
f244df2d3947,edgeiiot,grouped,abl_s0a0p1,2,,ablation,0.7109085712114465,0.6447354711506865,0.7357720678308274,0.662584639264309,0.8626984516778606,0.4682154488068727,0.7244748290171334,"[0.619454863715929, 0.485280045032367, 0.9246321738283153, 0.6598684210526315, 0.8558316859644168, 0.8695652173913043]",124769,67014,131328,1.4135233399974823,1.4915189500061388,209.62854692398832,211.33120131492615,134.028,1559.53515625,332.44189453125,35,0.7160344390437844,"[""Normal"", ""DDoS"", ""Injection"", ""Malware"", ""InformationGathering"", ""MITM""]","[70012, 186612, 71918, 58576, 49613, 254]",,,,,,,
09af72c07998,edgeiiot,grouped,abl_s0a0p1,3,,ablation,0.6352792631311771,0.7770385629664067,0.7333507294148739,0.7808818535171056,0.7850065894756659,0.6058590154478486,0.7797919669811537,"[0.5111288951132896, 0.89294024921183, 0.6455196608682942, 0.7805023923444976, 0.9033465122846653, 0.6666666666666666]",124757,67014,131328,1.4222932550001133,1.2742538900056388,210.18209837899485,211.9054787158966,134.028,1558.1640625,331.97509765625,50,0.6314612752129541,"[""Normal"", ""DDoS"", ""Injection"", ""Malware"", ""InformationGathering"", ""MITM""]","[70014, 186623, 71925, 58571, 49615, 254]",,,,,,,
ab7878354841,edgeiiot,grouped,abl_s0a0p1,4,,ablation,0.6491798223090958,0.6036693865119187,0.6744913810754074,0.6057054022429967,0.775098877039339,0.4746547288028797,0.6801766272034124,"[0.30974292287686306, 0.49593755277428553, 0.7973499610288387, 0.8937200956937799, 0.8001977540786779, 0.75]",124762,67014,131328,1.3707740300014848,1.130607750001218,215.6054812700022,217.22089314460754,134.028,1558.078125,327.27099609375,10,0.6697308573543569,"[""Normal"", ""DDoS"", ""Injection"", ""Malware"", ""InformationGathering"", ""MITM""]","[70012, 186616, 71913, 58576, 49625, 256]",,,,,,,
3369ffd41352,edgeiiot,grouped,abl_s1a1p0,0,,ablation,0.7103957009988314,0.8751803520471961,0.7211007850071858,0.8760666052360427,0.47694371866393614,0.5489702006439557,0.8226740404821935,"[0.9999499849954987, 0.8815935148524141, 0.9910840438489646, 0.5000897290183646, 0.9538874373278723, 0.0]",124756,67014,131328,1.161831985009485,1.1906280549919757,207.28138058300829,208.86830019950867,134.04376,1580.69921875,334.34521484375,50,0.7112578403964607,"[""Normal"", ""DDoS"", ""Injection"", ""Malware"", ""InformationGathering"", ""MITM""]","[70011, 186619, 71919, 58581, 49620, 257]",,,,,,,
fc72f18383f7,edgeiiot,grouped,abl_s1a1p0,1,,ablation,0.7135475200834992,0.8939623458125947,0.705512400249997,0.886330412341421,0.45823919796667606,0.5841600503237403,0.814946930102012,"[1.0, 0.9990805029086133, 0.8643671441099093, 0.4531483585481074, 0.9164783959333521, 0.0]",124767,67014,131328,1.1373764850031876,1.1984910300088814,208.02389790198868,209.580819606781,134.04376,1581.7421875,321.65087890625,50,0.7134396672648267,"[""Normal"", ""DDoS"", ""Injection"", ""Malware"", ""InformationGathering"", ""MITM""]","[70010, 186616, 71916, 58571, 49614, 254]",,,,,,,
27767200e348,edgeiiot,grouped,abl_s1a1p0,2,,ablation,0.6986797717698193,0.8495058868789523,0.7057585996345125,0.8559311583642759,0.46145156735385484,0.5739961494245882,0.8031307371991737,"[0.9999499874968742, 0.833211370672671, 0.998343564259963, 0.4801435406698565, 0.9229031347077097, 0.0]",124769,67014,131328,1.427366025000083,1.13136066498555,204.24934174999362,205.91511487960815,134.04376,1576.1484375,332.44189453125,40,0.6987797402600728,"[""Normal"", ""DDoS"", ""Injection"", ""Malware"", ""InformationGathering"", ""MITM""]","[70012, 186612, 71918, 58576, 49613, 254]",,,,,,,
48037dbb2ce6,edgeiiot,grouped,abl_s1a1p0,3,,ablation,0.7024029025822826,0.886034450972691,0.6949949907361073,0.8764709426765285,0.44478960745552104,0.5343623322347073,0.7771620496342788,"[1.0, 0.9982922984536856, 0.8709740291380402, 0.4111244019138756, 0.8895792149110421, 0.0]",124757,67014,131328,1.5127875249891076,1.4252884350025852,207.9527620059962,209.72271871566772,134.04376,1575.76171875,331.97509765625,30,0.7023575952072191,"[""Normal"", ""DDoS"", ""Injection"", ""Malware"", ""InformationGathering"", ""MITM""]","[70014, 186623, 71925, 58571, 49615, 254]",,,,,,,
b0c5b76c20c0,edgeiiot,grouped,abl_s1a1p0,4,,ablation,0.7000986795332113,0.8579134672416281,0.7128157527404556,0.8629816890454896,0.46320361607458155,0.5762768215122606,0.7868337278836386,"[1.0, 0.8848253992081512, 0.5943102104442712, 0.8713516746411484, 0.9264072321491631, 0.0]",124762,67014,131328,1.1363755499951367,1.190588450008363,212.31395197499296,213.89112615585327,134.04376,1575.0546875,327.27099609375,45,0.6970341262622565,"[""Normal"", ""DDoS"", ""Injection"", ""Malware"", ""InformationGathering"", ""MITM""]","[70012, 186616, 71913, 58576, 49625, 256]",,,,,,,
77ec3c1091a4,edgeiiot,grouped,abl_s0a1p1,0,,ablation,0.7308385356239778,0.7460803488409375,0.7568901726176386,0.7570775024067122,0.9034407880799379,0.44755019033682486,0.7646749915684997,"[0.5021506451935581, 0.7938301026439737, 0.9826552984165652, 0.4558234132918586, 0.909822752630464, 0.8970588235294118]",124756,67014,131328,1.5028439149864425,1.5275037600076757,214.18475682999633,216.0291781425476,134.02848,1590.47265625,334.34521484375,20,0.7174934686605529,"[""Normal"", ""DDoS"", ""Injection"", ""Malware"", ""InformationGathering"", ""MITM""]","[70011, 186619, 71919, 58581, 49620, 257]",,,,,,,
da04686aa0e1,edgeiiot,grouped,abl_s0a1p1,1,,ablation,0.7472676844062441,0.7776254939206682,0.7727328467098079,0.774652873915992,0.9329699912822464,0.5510605283655665,0.7745300566991001,"[0.45491372843210803, 0.9095139801088384, 0.7883172561629154, 0.6177121329904921, 0.9094182434340582, 0.9565217391304348]",124767,67014,131328,1.4322785699914675,1.2367989150152425,201.9418814990022,203.596266746521,134.02848,1589.85546875,321.65087890625,30,0.761812527549738,"[""Normal"", ""DDoS"", ""Injection"", ""Malware"", ""InformationGathering"", ""MITM""]","[70010, 186616, 71916, 58571, 49614, 254]",,,,,,,
f2c5f1c82347,edgeiiot,grouped,abl_s0a1p1,2,,ablation,0.6953825626234744,0.6398464362141237,0.7408423117366237,0.6482822137125739,0.881648821875422,0.41263346930696704,0.7316658532290142,"[0.6227056764191048, 0.4737217374988273, 0.9254603916983338, 0.6598684210526315, 0.8502541654899746, 0.9130434782608695]",124769,67014,131328,1.3249401150096674,1.1403618199983612,197.41164802300045,198.94176483154297,134.02848,1585.57421875,332.44189453125,35,0.7007307664015575,"[""Normal"", ""DDoS"", ""Injection"", ""Malware"", ""InformationGathering"", ""MITM""]","[70012, 186612, 71918, 58576, 49613, 254]",,,,,,,
9b94de70a691,edgeiiot,grouped,abl_s0a1p1,3,,ablation,0.7811395810972317,0.7872824771355516,0.7945205383905257,0.7898438965354941,0.9533932730048418,0.5829582116645567,0.7963024873578773,"[0.5466413244635623, 0.9033741180003002, 0.6451298543097987, 0.7651913875598086, 0.921279299632872, 0.9855072463768116]",124757,67014,131328,1.0946579849951377,1.117649674997665,197.24737945301604,198.69426226615906,134.02848,1584.55859375,331.97509765625,50,0.7826365146000374,"[""Normal"", ""DDoS"", ""Injection"", ""Malware"", ""InformationGathering"", ""MITM""]","[70014, 186623, 71925, 58571, 49615, 254]",,,,,,,
249cbc6b417d,edgeiiot,grouped,abl_s0a1p1,4,,ablation,0.6385055786639667,0.5981709174267806,0.6722538254935292,0.6087509551505949,0.756630058619959,0.47809791938732477,0.6712963256557314,"[0.30804241272381716, 0.4753907642654758, 0.8501071706936867, 0.8867224880382775, 0.763260117239918, 0.75]",124762,67014,131328,1.0908476150143542,1.104345594994811,199.68029074699734,201.13799953460693,134.02848,1584.73828125,327.27099609375,10,0.6638878989862979,"[""Normal"", ""DDoS"", ""Injection"", ""Malware"", ""InformationGathering"", ""MITM""]","[70012, 186616, 71913, 58576, 49625, 256]",,,,,,,
623e641c2f51,edgeiiot,grouped,abl_s1a1p1,0,,ablation,0.8477477860069692,0.8479832633300202,0.8522004010062846,0.8537906427350647,0.9135742532307041,0.6994109394827833,0.8414174353905697,"[0.9997999399819946, 0.8351316357358654, 0.9993666260657734, 0.45175569779266617, 0.9300896829319963, 0.8970588235294118]",124756,67014,131328,1.659306125002331,1.7268752599920845,218.9427386189982,220.8382441997528,134.04376,1590.78515625,334.34521484375,40,0.8456575149218013,"[""Normal"", ""DDoS"", ""Injection"", ""Malware"", ""InformationGathering"", ""MITM""]","[70011, 186619, 71919, 58581, 49620, 257]",,,,,,,
12bdb564e82a,edgeiiot,grouped,abl_s1a1p1,1,,ablation,0.8757905787111774,0.8913254306026434,0.8651936360502254,0.885014849407829,0.9375237896442912,0.6389478021751721,0.8443580196229006,"[0.9998999749937484, 0.9864327265903546, 0.8766929747637143, 0.45308856066495246, 0.9185258401581474, 0.9565217391304348]",124767,67014,131328,1.5575011750024714,1.5544120599952294,218.13795117299378,219.91072845458984,134.04376,1590.27734375,321.65087890625,50,0.8715582141655959,"[""Normal"", ""DDoS"", ""Injection"", ""Malware"", ""InformationGathering"", ""MITM""]","[70010, 186616, 71916, 58571, 49614, 254]",,,,,,,
5ceb0b3b8625,edgeiiot,grouped,abl_s1a1p1,2,,ablation,0.8748189747670468,0.8941243417836161,0.8770261520754038,0.8958239741856368,0.9217116060721404,0.7596393205504791,0.8801495607352475,"[0.9999499874968742, 0.9257153579135003, 0.8425898859982461, 0.6504784688995215, 0.9883507483761649, 0.855072463768116]",124769,67014,131328,1.5773528550016636,1.608706955003072,212.9699869199976,214.8405055999756,134.04376,1585.02734375,332.44189453125,40,0.881504871609203,"[""Normal"", ""DDoS"", ""Injection"", ""Malware"", ""InformationGathering"", ""MITM""]","[70012, 186612, 71918, 58576, 49613, 254]",,,,,,,
73b783244b0b,edgeiiot,grouped,abl_s1a1p1,3,,ablation,0.8901281287048163,0.8885032503186194,0.8917620884279082,0.8937789162698463,0.9255629704210306,0.6691569272245581,0.8436246074549405,"[0.9998999649877457, 0.8780588500225192, 0.9478633728012473, 0.6736244019138756, 0.9380824625811918, 0.9130434782608695]",124757,67014,131328,1.426005584999075,1.4212010099981853,211.84969192399694,213.59314346313477,134.04376,1585.0078125,331.97509765625,40,0.8949399859913566,"[""Normal"", ""DDoS"", ""Injection"", ""Malware"", ""InformationGathering"", ""MITM""]","[70014, 186623, 71925, 58571, 49615, 254]",,,,,,,
bdf34d006951,edgeiiot,grouped,abl_s1a1p1,4,,ablation,0.8461468952477684,0.8661130793029929,0.8567718963936972,0.867052006551143,0.9133143334316565,0.5545175626700656,0.7867985680918421,"[0.9997499249774933, 0.9158988985420224, 0.6427318784099766, 0.755622009569378, 0.9442757256868423, 0.8823529411764706]",124762,67014,131328,1.1284101550063497,1.141083560005427,215.9414691479942,217.53667068481445,134.04376,1584.765625,327.27099609375,45,0.8505247417339622,"[""Normal"", ""DDoS"", ""Injection"", ""Malware"", ""InformationGathering"", ""MITM""]","[70012, 186616, 71913, 58576, 49625, 256]",,,,,,,
f38ae7e777de,ciciot2023,fine,fedavg,0,,sensitivity,0.5102596308930962,0.7436938214124049,0.5346828964302215,0.704118198244235,0.11326337942072971,0.37255017006845675,0.6033373288678888,"[0.9900990099009901, 0.9929971988795518, 0.8769753950790158, 0.3902951475737869, 0.8325497649294789, 0.9952985895768731, 0.06792717086834733, 0.8748499727223131, 0.9667483747202388, 0.9838967793558712, 0.9221789883268483, 0.5162337662337663, 0.9619885965789737, 0.9786872123273964, 0.9780956191238248, 0.8849785407725322, 0.8499399759903962, 0.8940682204661399, 0.8704611383415024, 0.06060606060606061, 0.0, 0.3619977469019902, 0.8123436196830692, 0.009205983889528193, 0.030406559617355656, 0.0428042804280428, 0.996999399879976, 0.0, 0.0, 0.0, 0.0, 0.0, 0.0, 0.036585365853658534]",201033,56290,109824,1.3559273200007738,1.2549193700033356,343.2608767110105,345.0366859436035,112.58,1498.60546875,288.17529296875,50,0.5087900802306378,"[""DDoS-RSTFINFlood"", ""DDoS-PSHACK_Flood"", ""DDoS-SYN_Flood"", ""DDoS-UDP_Flood"", ""DDoS-TCP_Flood"", ""DDoS-ICMP_Flood"", ""DDoS-SynonymousIP_Flood"", ""DDoS-ACK_Fragmentation"", ""DDoS-UDP_Fragmentation"", ""DDoS-ICMP_Fragmentation"", ""DDoS-SlowLoris"", ""DDoS-HTTP_Flood"", ""DoS-UDP_Flood"", ""DoS-SYN_Flood"", ""DoS-TCP_Flood"", ""DoS-HTTP_Flood"", ""Mirai-greeth_flood"", ""Mirai-greip_flood"", ""Mirai-udpplain"", ""Recon-PingSweep"", ""Recon-OSScan"", ""Recon-PortScan"", ""VulnerabilityScan"", ""Recon-HostDiscovery"", ""DNS_Spoofing"", ""MITM-ArpSpoofing"", ""BenignTraffic"", ""BrowserHijacking"", ""Backdoor_Malware"", ""XSS"", ""Uploading_Attack"", ""SqlInjection"", ""CommandInjection"", ""DictionaryBruteForce""]","[35003, 35009, 35004, 35010, 35007, 35005, 35007, 32090, 32849, 35004, 2714, 3254, 35006, 35013, 35005, 8174, 35008, 35006, 35006, 239, 11159, 9331, 4209, 15215, 20498, 35003, 35004, 646, 397, 417, 147, 603, 598, 1443]",,,,,0.05,,
c4cd754667ae,ciciot2023,fine,fedavg,0,,sensitivity,0.5546543911389994,0.7535563187496889,0.5590948913762557,0.7424587310862236,0.09468046477850399,0.49110916844799624,0.5890259420877676,"[0.9980986690683479, 0.9971977582065652, 0.21823093856313788, 0.8494795836669335, 0.9807846277021617, 0.9971974777299569, 0.5677109398458613, 0.9828602620087337, 0.9712061426895595, 0.9832849564608147, 0.6928104575163399, 0.6282608695652174, 0.6317685917325593, 0.857300110077054, 0.48704092865005505, 0.8774720550300946, 0.7457711940746672, 0.3864318591154693, 0.9915941158811168, 0.0, 0.28755499685732244, 0.334712297856337, 0.7600334448160535, 0.6287425149700598, 0.5164046479835953, 0.719559779889945, 0.7584033613445378, 0.0, 0.0, 0.0, 0.0, 0.0, 0.0, 0.15931372549019607]",200910,56290,109824,1.1633487449944369,1.1937762700108578,335.00251125799696,336.7142963409424,112.58,1505.0703125,278.40087890625,40,0.5576873822855191,"[""DDoS-RSTFINFlood"", ""DDoS-PSHACK_Flood"", ""DDoS-SYN_Flood"", ""DDoS-UDP_Flood"", ""DDoS-TCP_Flood"", ""DDoS-ICMP_Flood"", ""DDoS-SynonymousIP_Flood"", ""DDoS-ACK_Fragmentation"", ""DDoS-UDP_Fragmentation"", ""DDoS-ICMP_Fragmentation"", ""DDoS-SlowLoris"", ""DDoS-HTTP_Flood"", ""DoS-UDP_Flood"", ""DoS-SYN_Flood"", ""DoS-TCP_Flood"", ""DoS-HTTP_Flood"", ""Mirai-greeth_flood"", ""Mirai-greip_flood"", ""Mirai-udpplain"", ""Recon-PingSweep"", ""Recon-OSScan"", ""Recon-PortScan"", ""VulnerabilityScan"", ""Recon-HostDiscovery"", ""DNS_Spoofing"", ""MITM-ArpSpoofing"", ""BenignTraffic"", ""BrowserHijacking"", ""Backdoor_Malware"", ""XSS"", ""Uploading_Attack"", ""SqlInjection"", ""CommandInjection"", ""DictionaryBruteForce""]","[35016, 35019, 35013, 35016, 35017, 35017, 35016, 32101, 32860, 35018, 2725, 3263, 35019, 35016, 35017, 8183, 35019, 35014, 35018, 248, 11167, 9339, 4216, 15222, 20501, 35009, 35009, 651, 400, 420, 149, 605, 597, 1448]",,,,,0.5,,
b67e658160fa,ciciot2023,fine,fedavg,0,,sensitivity,0.5717805580808524,0.7586792246194283,0.5777088966390141,0.7537192858351305,0.11865560479838007,0.5195344881048727,0.6278100790894717,"[0.9988991192954364, 0.9965969372435192, 0.8217395656090482, 0.7749974977479732, 0.9835852267040336, 0.9978978978978978, 0.6063244270989693, 0.9878781260238069, 0.9883745733788396, 0.9793835068054444, 0.8733681462140992, 0.6721132897603486, 0.7553798418576719, 0.4193193193193193, 0.4920428385546992, 0.8385708136030995, 0.6899209288359524, 0.3728610027018913, 0.9902932052436706, 0.0, 0.3634361233480176, 0.4161023325808879, 0.8376569037656904, 0.7695852534562212, 0.6566347469220246, 0.4272136068034017, 0.7373949579831933, 0.016483516483516484, 0.0, 0.0, 0.0, 0.0, 0.0, 0.17804878048780487]",200882,56290,109824,1.201306464990921,1.1640133099899685,333.81766044499454,335.6514964103699,112.58,1507.48046875,275.89306640625,45,0.5724878669085856,"[""DDoS-RSTFINFlood"", ""DDoS-PSHACK_Flood"", ""DDoS-SYN_Flood"", ""DDoS-UDP_Flood"", ""DDoS-TCP_Flood"", ""DDoS-ICMP_Flood"", ""DDoS-SynonymousIP_Flood"", ""DDoS-ACK_Fragmentation"", ""DDoS-UDP_Fragmentation"", ""DDoS-ICMP_Fragmentation"", ""DDoS-SlowLoris"", ""DDoS-HTTP_Flood"", ""DoS-UDP_Flood"", ""DoS-SYN_Flood"", ""DoS-TCP_Flood"", ""DoS-HTTP_Flood"", ""Mirai-greeth_flood"", ""Mirai-greip_flood"", ""Mirai-udpplain"", ""Recon-PingSweep"", ""Recon-OSScan"", ""Recon-PortScan"", ""VulnerabilityScan"", ""Recon-HostDiscovery"", ""DNS_Spoofing"", ""MITM-ArpSpoofing"", ""BenignTraffic"", ""BrowserHijacking"", ""Backdoor_Malware"", ""XSS"", ""Uploading_Attack"", ""SqlInjection"", ""CommandInjection"", ""DictionaryBruteForce""]","[35016, 35019, 35019, 35019, 35018, 35019, 35015, 32104, 32863, 35016, 2725, 3266, 35017, 35021, 35016, 8187, 35020, 35015, 35015, 248, 11173, 9342, 4216, 15225, 20511, 35010, 35009, 650, 399, 424, 148, 606, 598, 1445]",,,,,1.0,,
a48d58c8b631,ciciot2023,fine,fedavg,1,,sensitivity,0.2903527186425552,0.4753609924245062,0.32710849411596704,0.41034005260513795,0.0060527453523562475,0.1175960803871324,0.4353700196470375,"[0.03670734146829366, 0.07002100630189056, 0.2864572914582917, 0.9807923169267707, 0.08821764352870574, 0.9906981396279256, 0.5995997998999499, 0.868398079441292, 0.026756209359343353, 0.7961796179617961, 0.054474708171206226, 0.004314994606256742, 0.9805922368947579, 0.6622324464892979, 0.9826965393078616, 0.1313304721030043, 0.6562312462492499, 0.0, 0.0, 0.0, 0.09013819095477386, 0.11791212917761923, 0.7963272120200334, 0.5060989643268125, 0.4787288569964121, 0.0, 0.9167833566713343, 0.0, 0.0, 0.0, 0.0, 0.0, 0.0, 0.0]",201043,56290,109824,1.418267190001643,1.1366313450162124,327.82266031899417,329.5732023715973,112.58,1492.703125,285.658203125,45,0.29004119133874173,"[""DDoS-RSTFINFlood"", ""DDoS-PSHACK_Flood"", ""DDoS-SYN_Flood"", ""DDoS-UDP_Flood"", ""DDoS-TCP_Flood"", ""DDoS-ICMP_Flood"", ""DDoS-SynonymousIP_Flood"", ""DDoS-ACK_Fragmentation"", ""DDoS-UDP_Fragmentation"", ""DDoS-ICMP_Fragmentation"", ""DDoS-SlowLoris"", ""DDoS-HTTP_Flood"", ""DoS-UDP_Flood"", ""DoS-SYN_Flood"", ""DoS-TCP_Flood"", ""DoS-HTTP_Flood"", ""Mirai-greeth_flood"", ""Mirai-greip_flood"", ""Mirai-udpplain"", ""Recon-PingSweep"", ""Recon-OSScan"", ""Recon-PortScan"", ""VulnerabilityScan"", ""Recon-HostDiscovery"", ""DNS_Spoofing"", ""MITM-ArpSpoofing"", ""BenignTraffic"", ""BrowserHijacking"", ""Backdoor_Malware"", ""XSS"", ""Uploading_Attack"", ""SqlInjection"", ""CommandInjection"", ""DictionaryBruteForce""]","[35004, 35006, 35004, 35008, 35004, 35006, 35010, 32091, 32852, 35002, 2712, 3250, 35007, 35006, 35004, 8174, 35005, 35006, 35003, 241, 11161, 9330, 4212, 15215, 20499, 35002, 35004, 646, 394, 418, 145, 603, 596, 1443]",,,,,0.05,,
ad6b3a74f31b,ciciot2023,fine,fedavg,1,,sensitivity,0.5652287177613416,0.7561396872169074,0.5708526807287198,0.7451614207203175,0.11278046356470631,0.4960428812793849,0.6186447253881852,"[0.9983985587028326, 0.9975978380542488, 0.9369369369369369, 0.8620896717373899, 0.8905796376013615, 0.9982989793876326, 0.5431888699829847, 0.9877702555143044, 0.9899754718993281, 0.979781803623261, 0.8276762402088773, 0.6793893129770993, 0.5712570056044836, 0.3134507606084868, 0.6851481184947958, 0.7760103181427344, 0.21850925462731366, 0.9196517910746448, 0.9872923754252552, 0.0, 0.3211816467630421, 0.4108352144469526, 0.7928153717627402, 0.68963133640553, 0.7182424346042059, 0.6447934380314094, 0.48114057028514257, 0.0, 0.0, 0.0, 0.0, 0.0, 0.0, 0.1873479318734793]",200906,56290,109824,1.4931490200069675,1.2398746500002744,332.6098672690023,334.47462224960327,112.58,1500.8125,281.3359375,35,0.5662748082152018,"[""DDoS-RSTFINFlood"", ""DDoS-PSHACK_Flood"", ""DDoS-SYN_Flood"", ""DDoS-UDP_Flood"", ""DDoS-TCP_Flood"", ""DDoS-ICMP_Flood"", ""DDoS-SynonymousIP_Flood"", ""DDoS-ACK_Fragmentation"", ""DDoS-UDP_Fragmentation"", ""DDoS-ICMP_Fragmentation"", ""DDoS-SlowLoris"", ""DDoS-HTTP_Flood"", ""DoS-UDP_Flood"", ""DoS-SYN_Flood"", ""DoS-TCP_Flood"", ""DoS-HTTP_Flood"", ""Mirai-greeth_flood"", ""Mirai-greip_flood"", ""Mirai-udpplain"", ""Recon-PingSweep"", ""Recon-OSScan"", ""Recon-PortScan"", ""VulnerabilityScan"", ""Recon-HostDiscovery"", ""DNS_Spoofing"", ""MITM-ArpSpoofing"", ""BenignTraffic"", ""BrowserHijacking"", ""Backdoor_Malware"", ""XSS"", ""Uploading_Attack"", ""SqlInjection"", ""CommandInjection"", ""DictionaryBruteForce""]","[35017, 35020, 35019, 35014, 35022, 35013, 35019, 32105, 32862, 35018, 2724, 3269, 35018, 35017, 35016, 8183, 35012, 35015, 35015, 249, 11167, 9342, 4216, 15225, 20508, 35008, 35010, 648, 397, 418, 146, 604, 597, 1443]",,,,,0.5,,
87ae91692140,ciciot2023,fine,fedavg,1,,sensitivity,0.5692941512370615,0.7604425906385012,0.5796383118743906,0.750646119059445,0.10604582264602204,0.5529153511603997,0.6479198022061149,"[0.9988990091081974, 0.9970979685780046, 0.8594875900720577, 0.8007405924739792, 0.9838871096877502, 0.9984986487839055, 0.5889122385669969, 0.9825270285027847, 0.9857097152607444, 0.9823823823823824, 0.8122555410691004, 0.7155266015200868, 0.556633980388233, 0.4968471624462016, 0.4836869495596477, 0.8293207222699914, 0.15979587752651592, 0.9135394776343441, 0.9909945967580548, 0.0, 0.3904432568374725, 0.5054531778864235, 0.8887959866220736, 0.7130675270799723, 0.6761839630706103, 0.6072643586151691, 0.647594278283485, 0.0, 0.0, 0.0, 0.0, 0.0, 0.0, 0.14215686274509803]",200908,56290,109824,1.2056023349941825,1.3829305149920401,335.5241410050039,337.2989535331726,112.58,1508.16015625,277.25048828125,30,0.5690773388463876,"[""DDoS-RSTFINFlood"", ""DDoS-PSHACK_Flood"", ""DDoS-SYN_Flood"", ""DDoS-UDP_Flood"", ""DDoS-TCP_Flood"", ""DDoS-ICMP_Flood"", ""DDoS-SynonymousIP_Flood"", ""DDoS-ACK_Fragmentation"", ""DDoS-UDP_Fragmentation"", ""DDoS-ICMP_Fragmentation"", ""DDoS-SlowLoris"", ""DDoS-HTTP_Flood"", ""DoS-UDP_Flood"", ""DoS-SYN_Flood"", ""DoS-TCP_Flood"", ""DoS-HTTP_Flood"", ""Mirai-greeth_flood"", ""Mirai-greip_flood"", ""Mirai-udpplain"", ""Recon-PingSweep"", ""Recon-OSScan"", ""Recon-PortScan"", ""VulnerabilityScan"", ""Recon-HostDiscovery"", ""DNS_Spoofing"", ""MITM-ArpSpoofing"", ""BenignTraffic"", ""BrowserHijacking"", ""Backdoor_Malware"", ""XSS"", ""Uploading_Attack"", ""SqlInjection"", ""CommandInjection"", ""DictionaryBruteForce""]","[35018, 35017, 35017, 35017, 35016, 35018, 35015, 32105, 32862, 35019, 2723, 3262, 35013, 35017, 35019, 8184, 35013, 35015, 35015, 251, 11169, 9340, 4218, 15226, 20509, 35012, 35006, 648, 397, 419, 148, 604, 597, 1447]",,,,,1.0,,
e0fb6da87b03,ciciot2023,fine,fedavg,2,,sensitivity,0.47910154366665436,0.7140121178355039,0.5068672045362714,0.6831204061903118,0.025555276854660535,0.44001310012470907,0.5692136279007735,"[0.9878939469734868, 0.9966986794717887, 0.8958791758351671, 0.00010003000900270081, 0.15116046418567428, 0.9608921784356871, 0.8991697509252776, 0.618860510805501, 0.964289521372988, 0.9892946473236618, 0.018158236057068743, 0.9567567567567568, 0.9911973592077623, 0.49264926492649264, 0.8297318927571028, 0.0, 0.9823929571828731, 0.8125437631289387, 0.9473736868434217, 0.0, 0.7113693467336684, 0.3610067618332081, 0.5688073394495413, 0.18181818181818182, 0.7763157894736842, 0.2897579515903181, 0.6375275055011003, 0.04395604395604396, 0.0, 0.0, 0.0, 0.0, 0.0, 0.1678832116788321]",201026,56290,109824,1.1996025249936793,1.5182758949958952,332.37206665499616,334.19953083992004,112.58,1500.23046875,288.71630859375,45,0.4794205916300348,"[""DDoS-RSTFINFlood"", ""DDoS-PSHACK_Flood"", ""DDoS-SYN_Flood"", ""DDoS-UDP_Flood"", ""DDoS-TCP_Flood"", ""DDoS-ICMP_Flood"", ""DDoS-SynonymousIP_Flood"", ""DDoS-ACK_Fragmentation"", ""DDoS-UDP_Fragmentation"", ""DDoS-ICMP_Fragmentation"", ""DDoS-SlowLoris"", ""DDoS-HTTP_Flood"", ""DoS-UDP_Flood"", ""DoS-SYN_Flood"", ""DoS-TCP_Flood"", ""DoS-HTTP_Flood"", ""Mirai-greeth_flood"", ""Mirai-greip_flood"", ""Mirai-udpplain"", ""Recon-PingSweep"", ""Recon-OSScan"", ""Recon-PortScan"", ""VulnerabilityScan"", ""Recon-HostDiscovery"", ""DNS_Spoofing"", ""MITM-ArpSpoofing"", ""BenignTraffic"", ""BrowserHijacking"", ""Backdoor_Malware"", ""XSS"", ""Uploading_Attack"", ""SqlInjection"", ""CommandInjection"", ""DictionaryBruteForce""]","[35012, 35007, 35004, 35006, 35010, 35005, 35006, 32096, 32852, 35010, 2713, 3253, 35006, 35003, 35007, 8170, 35008, 35006, 35008, 239, 11162, 9332, 4209, 15214, 20503, 35004, 35004, 648, 395, 416, 145, 602, 596, 1442]",,,,,0.05,,
faa5d2a0df6c,ciciot2023,fine,fedavg,2,,sensitivity,0.5564190702117573,0.7556418296749788,0.5694114777984518,0.7403283875527737,0.1184134308511178,0.5010416505600291,0.5878781172407711,"[0.9987991594115881, 0.9941941941941942, 0.7436205343740618, 0.7552531518911347, 0.9842874299439551, 0.9982991495747874, 0.6455164131305045, 0.9879912663755459, 0.9757918310760371, 0.974682277594316, 0.9009126466753585, 0.7423913043478261, 0.7509505703422054, 0.36145301711197836, 0.4884395956360725, 0.7104130808950087, 0.13882494244820337, 0.906816134521069, 0.9682809685811486, 0.0, 0.2220125786163522, 0.3851935362645622, 0.8947368421052632, 0.8226623675725472, 0.3113465481886534, 0.8210568454763811, 0.7112556278139069, 0.005494505494505495, 0.0, 0.0, 0.0, 0.0, 0.0, 0.15931372549019607]",200910,56290,109824,1.1426414649940853,1.422999370006437,339.4357575929862,341.21581411361694,112.58,1506.01953125,277.51171875,50,0.56063275728115,"[""DDoS-RSTFINFlood"", ""DDoS-PSHACK_Flood"", ""DDoS-SYN_Flood"", ""DDoS-UDP_Flood"", ""DDoS-TCP_Flood"", ""DDoS-ICMP_Flood"", ""DDoS-SynonymousIP_Flood"", ""DDoS-ACK_Fragmentation"", ""DDoS-UDP_Fragmentation"", ""DDoS-ICMP_Fragmentation"", ""DDoS-SlowLoris"", ""DDoS-HTTP_Flood"", ""DoS-UDP_Flood"", ""DoS-SYN_Flood"", ""DoS-TCP_Flood"", ""DoS-HTTP_Flood"", ""Mirai-greeth_flood"", ""Mirai-greip_flood"", ""Mirai-udpplain"", ""Recon-PingSweep"", ""Recon-OSScan"", ""Recon-PortScan"", ""VulnerabilityScan"", ""Recon-HostDiscovery"", ""DNS_Spoofing"", ""MITM-ArpSpoofing"", ""BenignTraffic"", ""BrowserHijacking"", ""Backdoor_Malware"", ""XSS"", ""Uploading_Attack"", ""SqlInjection"", ""CommandInjection"", ""DictionaryBruteForce""]","[35017, 35020, 35016, 35013, 35016, 35012, 35016, 32099, 32860, 35016, 2724, 3264, 35014, 35016, 35019, 8186, 35018, 35020, 35015, 252, 11170, 9338, 4215, 15222, 20503, 35014, 35010, 649, 399, 422, 149, 606, 597, 1447]",,,,,0.5,,
3d902cec4e3b,ciciot2023,fine,fedavg,2,,sensitivity,0.5712372881947245,0.7542760144956394,0.577949597656166,0.7517554693207628,0.11923937980659136,0.5247503012641549,0.6424831864517644,"[0.9984986487839055, 0.9981987391173822, 0.7134420978880993, 0.8489640676608948, 0.9609648683815434, 0.9984986487839055, 0.5660094084676208, 0.9864628820960699, 0.9881612627986348, 0.9845892124487141, 0.9044502617801047, 0.6630434782608695, 0.681877314119884, 0.47553287301110775, 0.517917917917918, 0.8390705679862306, 0.8628628628628628, 0.31298168351516364, 0.9932939645681113, 0.0, 0.4340987731991192, 0.4241625893865262, 0.8736401673640167, 0.7232718894009217, 0.7564979480164159, 0.5053021208483394, 0.46978791516606644, 0.0, 0.0, 0.0, 0.0, 0.0, 0.0, 0.1687041564792176]",200888,56290,109824,1.1276601049939927,1.6250465849952889,330.74383183598184,332.6058192253113,112.58,1504.78515625,276.58837890625,40,0.5714323890707458,"[""DDoS-RSTFINFlood"", ""DDoS-PSHACK_Flood"", ""DDoS-SYN_Flood"", ""DDoS-UDP_Flood"", ""DDoS-TCP_Flood"", ""DDoS-ICMP_Flood"", ""DDoS-SynonymousIP_Flood"", ""DDoS-ACK_Fragmentation"", ""DDoS-UDP_Fragmentation"", ""DDoS-ICMP_Fragmentation"", ""DDoS-SlowLoris"", ""DDoS-HTTP_Flood"", ""DoS-UDP_Flood"", ""DoS-SYN_Flood"", ""DoS-TCP_Flood"", ""DoS-HTTP_Flood"", ""Mirai-greeth_flood"", ""Mirai-greip_flood"", ""Mirai-udpplain"", ""Recon-PingSweep"", ""Recon-OSScan"", ""Recon-PortScan"", ""VulnerabilityScan"", ""Recon-HostDiscovery"", ""DNS_Spoofing"", ""MITM-ArpSpoofing"", ""BenignTraffic"", ""BrowserHijacking"", ""Backdoor_Malware"", ""XSS"", ""Uploading_Attack"", ""SqlInjection"", ""CommandInjection"", ""DictionaryBruteForce""]","[35018, 35016, 35017, 35021, 35020, 35018, 35016, 32102, 32864, 35015, 2728, 3265, 35017, 35016, 35020, 8186, 35020, 35021, 35017, 251, 11171, 9343, 4219, 15225, 20508, 35009, 35009, 651, 399, 420, 146, 606, 597, 1446]",,,,,1.0,,
d9bb9679cca1,ciciot2023,fine,statavg,0,,sensitivity,0.42984005915724355,0.6407356006227833,0.4787381106827741,0.5617057885612533,0.11731781131040882,0.35415309777516985,0.5360193325331692,"[0.9985998599859987, 0.9983993597438976, 0.00010002000400080016, 0.00020010005002501252, 0.9702910873261978, 0.9983995198559568, 0.0742296918767507, 0.9764320785597381, 0.9845465203026751, 0.9751950390078016, 0.914396887159533, 0.6547619047619048, 0.996999099729919, 0.9930958575145087, 0.47829565913182637, 0.8639484978540772, 0.0005002000800320128, 0.9847954386315895, 0.9922976893067921, 0.0, 0.0, 0.31543372136687947, 0.8874061718098415, 0.00023014959723820482, 0.004270584215920738, 0.0735073507350735, 0.9992998599719944, 0.0, 0.0, 0.0, 0.0, 0.0, 0.0, 0.14146341463414633]",201033,56290,109824,1.2024855950039637,1.4387599899964698,341.192674704027,342.8812291622162,112.58744,1497.85546875,288.17529296875,50,0.4326009493687746,"[""DDoS-RSTFINFlood"", ""DDoS-PSHACK_Flood"", ""DDoS-SYN_Flood"", ""DDoS-UDP_Flood"", ""DDoS-TCP_Flood"", ""DDoS-ICMP_Flood"", ""DDoS-SynonymousIP_Flood"", ""DDoS-ACK_Fragmentation"", ""DDoS-UDP_Fragmentation"", ""DDoS-ICMP_Fragmentation"", ""DDoS-SlowLoris"", ""DDoS-HTTP_Flood"", ""DoS-UDP_Flood"", ""DoS-SYN_Flood"", ""DoS-TCP_Flood"", ""DoS-HTTP_Flood"", ""Mirai-greeth_flood"", ""Mirai-greip_flood"", ""Mirai-udpplain"", ""Recon-PingSweep"", ""Recon-OSScan"", ""Recon-PortScan"", ""VulnerabilityScan"", ""Recon-HostDiscovery"", ""DNS_Spoofing"", ""MITM-ArpSpoofing"", ""BenignTraffic"", ""BrowserHijacking"", ""Backdoor_Malware"", ""XSS"", ""Uploading_Attack"", ""SqlInjection"", ""CommandInjection"", ""DictionaryBruteForce""]","[35003, 35009, 35004, 35010, 35007, 35005, 35007, 32090, 32849, 35004, 2714, 3254, 35006, 35013, 35005, 8174, 35008, 35006, 35006, 239, 11159, 9331, 4209, 15215, 20498, 35003, 35004, 646, 397, 417, 147, 603, 598, 1443]",,,,,0.05,,
6339d61c3931,ciciot2023,fine,statavg,0,,sensitivity,0.5763088684289999,0.7643521975013687,0.5812597316367762,0.7504503483863891,0.12386564333267287,0.5261250710833548,0.627843270723648,"[0.9983988792154508, 0.9988991192954364, 0.11456874124474685, 0.8238590872698158, 0.9843875100080064, 0.9981983785406866, 0.6744069662696427, 0.9864628820960699, 0.9850698517649568, 0.9891902712441197, 0.9163398692810457, 0.6826086956521739, 0.6264638174356921, 0.9617732412688882, 0.4893425397778445, 0.9294926913155632, 0.7356620958862977, 0.3612167300380228, 0.9949964975482838, 0.0, 0.3786926461345066, 0.35276419706656637, 0.8712374581939799, 0.7554122524182404, 0.41114149008885853, 0.7652826413206604, 0.7785114045618248, 0.03314917127071823, 0.0, 0.0, 0.0, 0.0, 0.005988023952095809, 0.15931372549019607]",200910,56290,109824,1.5661085700048716,1.2602818199957255,335.58410662402093,337.47317361831665,112.58744,1507.8203125,278.40087890625,40,0.5789769475204304,"[""DDoS-RSTFINFlood"", ""DDoS-PSHACK_Flood"", ""DDoS-SYN_Flood"", ""DDoS-UDP_Flood"", ""DDoS-TCP_Flood"", ""DDoS-ICMP_Flood"", ""DDoS-SynonymousIP_Flood"", ""DDoS-ACK_Fragmentation"", ""DDoS-UDP_Fragmentation"", ""DDoS-ICMP_Fragmentation"", ""DDoS-SlowLoris"", ""DDoS-HTTP_Flood"", ""DoS-UDP_Flood"", ""DoS-SYN_Flood"", ""DoS-TCP_Flood"", ""DoS-HTTP_Flood"", ""Mirai-greeth_flood"", ""Mirai-greip_flood"", ""Mirai-udpplain"", ""Recon-PingSweep"", ""Recon-OSScan"", ""Recon-PortScan"", ""VulnerabilityScan"", ""Recon-HostDiscovery"", ""DNS_Spoofing"", ""MITM-ArpSpoofing"", ""BenignTraffic"", ""BrowserHijacking"", ""Backdoor_Malware"", ""XSS"", ""Uploading_Attack"", ""SqlInjection"", ""CommandInjection"", ""DictionaryBruteForce""]","[35016, 35019, 35013, 35016, 35017, 35017, 35016, 32101, 32860, 35018, 2725, 3263, 35019, 35016, 35017, 8183, 35019, 35014, 35018, 248, 11167, 9339, 4216, 15222, 20501, 35009, 35009, 651, 400, 420, 149, 605, 597, 1448]",,,,,0.5,,
48342fccdb45,ciciot2023,fine,statavg,0,,sensitivity,0.5941137182544954,0.7839876146195279,0.6021038392685673,0.7786321610566311,0.1276489323295666,0.5485303333516595,0.6600362184681482,"[0.9989991993594876, 0.9982984686217596, 0.9252327094384947, 0.8355519967971174, 0.9866880192172955, 0.9981981981981982, 0.7003902731912338, 0.9894070110298132, 0.9893344709897611, 0.983386709367494, 0.9543080939947781, 0.7309368191721133, 0.6962266039435492, 0.5688688688688689, 0.4865378840956861, 0.8996986655187258, 0.8247422680412371, 0.25758030621435, 0.9941959371560092, 0.0, 0.446821900566394, 0.43378480060195634, 0.8836820083682009, 0.8223502304147465, 0.6689466484268126, 0.49014507253626816, 0.7126850740296119, 0.016483516483516484, 0.0, 0.0, 0.0, 0.0, 0.0, 0.17804878048780487]",200882,56290,109824,1.4867441999922448,1.1147499949947814,326.72130345698315,328.52996301651,112.58744,1507.2421875,275.89306640625,45,0.5938875530133627,"[""DDoS-RSTFINFlood"", ""DDoS-PSHACK_Flood"", ""DDoS-SYN_Flood"", ""DDoS-UDP_Flood"", ""DDoS-TCP_Flood"", ""DDoS-ICMP_Flood"", ""DDoS-SynonymousIP_Flood"", ""DDoS-ACK_Fragmentation"", ""DDoS-UDP_Fragmentation"", ""DDoS-ICMP_Fragmentation"", ""DDoS-SlowLoris"", ""DDoS-HTTP_Flood"", ""DoS-UDP_Flood"", ""DoS-SYN_Flood"", ""DoS-TCP_Flood"", ""DoS-HTTP_Flood"", ""Mirai-greeth_flood"", ""Mirai-greip_flood"", ""Mirai-udpplain"", ""Recon-PingSweep"", ""Recon-OSScan"", ""Recon-PortScan"", ""VulnerabilityScan"", ""Recon-HostDiscovery"", ""DNS_Spoofing"", ""MITM-ArpSpoofing"", ""BenignTraffic"", ""BrowserHijacking"", ""Backdoor_Malware"", ""XSS"", ""Uploading_Attack"", ""SqlInjection"", ""CommandInjection"", ""DictionaryBruteForce""]","[35016, 35019, 35019, 35019, 35018, 35019, 35015, 32104, 32863, 35016, 2725, 3266, 35017, 35021, 35016, 8187, 35020, 35015, 35015, 248, 11173, 9342, 4216, 15225, 20511, 35010, 35009, 650, 399, 424, 148, 606, 598, 1445]",,,,,1.0,,
5195e7969421,ciciot2023,fine,statavg,1,,sensitivity,0.3643853371307901,0.6152614117377875,0.41041487159575013,0.5305530886052612,0.03458711629917856,0.2848448277115017,0.465189377269789,"[0.9990998199639928, 0.9794938481544463, 0.0, 0.0, 0.0, 0.9985997199439888, 0.6741370685342671, 0.9698821475338281, 0.5368297622854706, 0.9787978797879788, 0.311284046692607, 0.0, 0.990796318527411, 0.8071614322864573, 0.9980996199239848, 0.08798283261802575, 0.990998199639928, 0.0, 0.9944994499449945, 0.0, 0.000314070351758794, 0.0, 0.7370617696160268, 0.5663981588032221, 0.3471723902272339, 0.0, 0.985497099419884, 0.0, 0.0, 0.0, 0.0, 0.0, 0.0, 0.0]",201043,56290,109824,1.493484399998124,1.4814426849989104,327.14933664800265,329.007440328598,112.58744,1492.0546875,285.658203125,35,0.3640805247280592,"[""DDoS-RSTFINFlood"", ""DDoS-PSHACK_Flood"", ""DDoS-SYN_Flood"", ""DDoS-UDP_Flood"", ""DDoS-TCP_Flood"", ""DDoS-ICMP_Flood"", ""DDoS-SynonymousIP_Flood"", ""DDoS-ACK_Fragmentation"", ""DDoS-UDP_Fragmentation"", ""DDoS-ICMP_Fragmentation"", ""DDoS-SlowLoris"", ""DDoS-HTTP_Flood"", ""DoS-UDP_Flood"", ""DoS-SYN_Flood"", ""DoS-TCP_Flood"", ""DoS-HTTP_Flood"", ""Mirai-greeth_flood"", ""Mirai-greip_flood"", ""Mirai-udpplain"", ""Recon-PingSweep"", ""Recon-OSScan"", ""Recon-PortScan"", ""VulnerabilityScan"", ""Recon-HostDiscovery"", ""DNS_Spoofing"", ""MITM-ArpSpoofing"", ""BenignTraffic"", ""BrowserHijacking"", ""Backdoor_Malware"", ""XSS"", ""Uploading_Attack"", ""SqlInjection"", ""CommandInjection"", ""DictionaryBruteForce""]","[35004, 35006, 35004, 35008, 35004, 35006, 35010, 32091, 32852, 35002, 2712, 3250, 35007, 35006, 35004, 8174, 35005, 35006, 35003, 241, 11161, 9330, 4212, 15215, 20499, 35002, 35004, 646, 394, 418, 145, 603, 596, 1443]",,,,,0.05,,
bcb2f6ad44cb,ciciot2023,fine,statavg,1,,sensitivity,0.5762761028161055,0.774008740405961,0.5903262853738012,0.7546300700450358,0.12523531516880226,0.5299508474501411,0.6449613117309483,"[0.9983985587028326, 0.9983985587028326, 0.9527527527527527, 0.8360688550840673, 0.9529482430673741, 0.998699219531719, 0.720148133319988, 0.9902817208997597, 0.9884824570758238, 0.9800820738664798, 0.9373368146214099, 0.7589967284623773, 0.625, 0.4457566052842274, 0.5396317053642914, 0.8521066208082545, 0.0, 0.9900940564338603, 0.9944966980188112, 0.0, 0.2278441231929604, 0.4439428141459744, 0.8872180451127819, 0.7080645161290322, 0.7524363138998119, 0.6199859957987396, 0.6821410705352676, 0.0, 0.0, 0.0, 0.0, 0.0, 0.0, 0.1897810218978102]",200906,56290,109824,1.4553537550091278,1.3827869249871583,329.47328044000096,331.40029215812683,112.58744,1501.78125,281.3359375,35,0.5773144261301802,"[""DDoS-RSTFINFlood"", ""DDoS-PSHACK_Flood"", ""DDoS-SYN_Flood"", ""DDoS-UDP_Flood"", ""DDoS-TCP_Flood"", ""DDoS-ICMP_Flood"", ""DDoS-SynonymousIP_Flood"", ""DDoS-ACK_Fragmentation"", ""DDoS-UDP_Fragmentation"", ""DDoS-ICMP_Fragmentation"", ""DDoS-SlowLoris"", ""DDoS-HTTP_Flood"", ""DoS-UDP_Flood"", ""DoS-SYN_Flood"", ""DoS-TCP_Flood"", ""DoS-HTTP_Flood"", ""Mirai-greeth_flood"", ""Mirai-greip_flood"", ""Mirai-udpplain"", ""Recon-PingSweep"", ""Recon-OSScan"", ""Recon-PortScan"", ""VulnerabilityScan"", ""Recon-HostDiscovery"", ""DNS_Spoofing"", ""MITM-ArpSpoofing"", ""BenignTraffic"", ""BrowserHijacking"", ""Backdoor_Malware"", ""XSS"", ""Uploading_Attack"", ""SqlInjection"", ""CommandInjection"", ""DictionaryBruteForce""]","[35017, 35020, 35019, 35014, 35022, 35013, 35019, 32105, 32862, 35018, 2724, 3269, 35018, 35017, 35016, 8183, 35012, 35015, 35015, 249, 11167, 9342, 4216, 15225, 20508, 35008, 35010, 648, 397, 418, 146, 604, 597, 1443]",,,,,0.5,,
7d5ee351a173,ciciot2023,fine,statavg,1,,sensitivity,0.5890176658685256,0.7771019571146993,0.5977973178862186,0.7748141851217123,0.11935596344868528,0.5725039263086054,0.6807384245924447,"[0.9988990091081974, 0.9988992294606225, 0.9304443554843875, 0.8096477181745396, 0.98628903122498, 0.9989990991892703, 0.6844791353947763, 0.9859124167303702, 0.9877359496640716, 0.9852852852852853, 0.9295958279009127, 0.8023887079261672, 0.6231739043426056, 0.5522970673606246, 0.4802842273819055, 0.8568357695614789, 0.3462077246347809, 0.7701390973681577, 0.9945967580548329, 0.0, 0.3895001571832757, 0.546446032342986, 0.9122073578595318, 0.7616962433740493, 0.6613096255770217, 0.5835501300780468, 0.6036811043312994, 0.0, 0.0, 0.0, 0.0, 0.0, 0.0, 0.14460784313725492]",200908,56290,109824,1.225683944994671,1.1659278399929462,331.1607716960025,332.90254187583923,112.58744,1507.7109375,277.25048828125,30,0.5882747952202638,"[""DDoS-RSTFINFlood"", ""DDoS-PSHACK_Flood"", ""DDoS-SYN_Flood"", ""DDoS-UDP_Flood"", ""DDoS-TCP_Flood"", ""DDoS-ICMP_Flood"", ""DDoS-SynonymousIP_Flood"", ""DDoS-ACK_Fragmentation"", ""DDoS-UDP_Fragmentation"", ""DDoS-ICMP_Fragmentation"", ""DDoS-SlowLoris"", ""DDoS-HTTP_Flood"", ""DoS-UDP_Flood"", ""DoS-SYN_Flood"", ""DoS-TCP_Flood"", ""DoS-HTTP_Flood"", ""Mirai-greeth_flood"", ""Mirai-greip_flood"", ""Mirai-udpplain"", ""Recon-PingSweep"", ""Recon-OSScan"", ""Recon-PortScan"", ""VulnerabilityScan"", ""Recon-HostDiscovery"", ""DNS_Spoofing"", ""MITM-ArpSpoofing"", ""BenignTraffic"", ""BrowserHijacking"", ""Backdoor_Malware"", ""XSS"", ""Uploading_Attack"", ""SqlInjection"", ""CommandInjection"", ""DictionaryBruteForce""]","[35018, 35017, 35017, 35017, 35016, 35018, 35015, 32105, 32862, 35019, 2723, 3262, 35013, 35017, 35019, 8184, 35013, 35015, 35015, 251, 11169, 9340, 4218, 15226, 20509, 35012, 35006, 648, 397, 419, 148, 604, 597, 1447]",,,,,1.0,,
f7bc9c5f8f1b,ciciot2023,fine,statavg,2,,sensitivity,0.42611731064871144,0.6580392586033648,0.4725789609236231,0.5985454988179906,0.05171026347430108,0.4702204361274805,0.5962992202873044,"[0.9990995497748875, 0.9982993197278912, 0.8809761952390478, 0.0, 0.9971988795518207, 0.9983996799359872, 0.7166149844953486, 0.9811176598995852, 0.9835838396759408, 0.9954977488744372, 0.2853437094682231, 0.8421621621621621, 0.9968990697209162, 0.14331433143314332, 0.03971588635454182, 0.0, 0.9921968787515006, 0.006702010603180954, 0.9936968484242121, 0.0, 0.6410175879396985, 0.20022539444027046, 0.6655546288573811, 0.003912543153049482, 0.7725563909774437, 0.32886577315463095, 0.42468493698739745, 0.0, 0.0, 0.0, 0.0, 0.0, 0.0, 0.18004866180048662]",201026,56290,109824,1.2415028099894698,1.2233474399909028,326.99731315601093,328.7741141319275,112.58744,1500.34765625,288.71630859375,45,0.4258182116845618,"[""DDoS-RSTFINFlood"", ""DDoS-PSHACK_Flood"", ""DDoS-SYN_Flood"", ""DDoS-UDP_Flood"", ""DDoS-TCP_Flood"", ""DDoS-ICMP_Flood"", ""DDoS-SynonymousIP_Flood"", ""DDoS-ACK_Fragmentation"", ""DDoS-UDP_Fragmentation"", ""DDoS-ICMP_Fragmentation"", ""DDoS-SlowLoris"", ""DDoS-HTTP_Flood"", ""DoS-UDP_Flood"", ""DoS-SYN_Flood"", ""DoS-TCP_Flood"", ""DoS-HTTP_Flood"", ""Mirai-greeth_flood"", ""Mirai-greip_flood"", ""Mirai-udpplain"", ""Recon-PingSweep"", ""Recon-OSScan"", ""Recon-PortScan"", ""VulnerabilityScan"", ""Recon-HostDiscovery"", ""DNS_Spoofing"", ""MITM-ArpSpoofing"", ""BenignTraffic"", ""BrowserHijacking"", ""Backdoor_Malware"", ""XSS"", ""Uploading_Attack"", ""SqlInjection"", ""CommandInjection"", ""DictionaryBruteForce""]","[35012, 35007, 35004, 35006, 35010, 35005, 35006, 32096, 32852, 35010, 2713, 3253, 35006, 35003, 35007, 8170, 35008, 35006, 35008, 239, 11162, 9332, 4209, 15214, 20503, 35004, 35004, 648, 395, 416, 145, 602, 596, 1442]",,,,,0.05,,
9d64819531dc,ciciot2023,fine,statavg,2,,sensitivity,0.5731889546806599,0.7686227664128217,0.5826979808396207,0.751895888385185,0.12503910734219806,0.5175339916171513,0.6145310398004417,"[0.999099369558691, 0.998998998998999, 0.9452616831782248, 0.13177906744046428, 0.9855884707766213, 0.9986993496748374, 0.7036629303442754, 0.9907205240174672, 0.9848565639330277, 0.9824877414189933, 0.9361147327249022, 0.6532608695652173, 0.9742845707424455, 0.5243670569398579, 0.4883395055549995, 0.9057659208261618, 0.7565809228305475, 0.38995095586027423, 0.995097058234941, 0.0, 0.3490566037735849, 0.27282976324689967, 0.8872180451127819, 0.9104099493321051, 0.3532125768967874, 0.661529223378703, 0.8433216608304152, 0.027472527472527472, 0.0, 0.0, 0.0, 0.0, 0.0, 0.16176470588235295]",200910,56290,109824,1.227720879996923,1.330644415011193,336.3097467109983,338.1198058128357,112.58744,1505.5625,277.51171875,45,0.5762744674452493,"[""DDoS-RSTFINFlood"", ""DDoS-PSHACK_Flood"", ""DDoS-SYN_Flood"", ""DDoS-UDP_Flood"", ""DDoS-TCP_Flood"", ""DDoS-ICMP_Flood"", ""DDoS-SynonymousIP_Flood"", ""DDoS-ACK_Fragmentation"", ""DDoS-UDP_Fragmentation"", ""DDoS-ICMP_Fragmentation"", ""DDoS-SlowLoris"", ""DDoS-HTTP_Flood"", ""DoS-UDP_Flood"", ""DoS-SYN_Flood"", ""DoS-TCP_Flood"", ""DoS-HTTP_Flood"", ""Mirai-greeth_flood"", ""Mirai-greip_flood"", ""Mirai-udpplain"", ""Recon-PingSweep"", ""Recon-OSScan"", ""Recon-PortScan"", ""VulnerabilityScan"", ""Recon-HostDiscovery"", ""DNS_Spoofing"", ""MITM-ArpSpoofing"", ""BenignTraffic"", ""BrowserHijacking"", ""Backdoor_Malware"", ""XSS"", ""Uploading_Attack"", ""SqlInjection"", ""CommandInjection"", ""DictionaryBruteForce""]","[35017, 35020, 35016, 35013, 35016, 35012, 35016, 32099, 32860, 35016, 2724, 3264, 35014, 35016, 35019, 8186, 35018, 35020, 35015, 252, 11170, 9338, 4215, 15222, 20503, 35014, 35010, 649, 399, 422, 149, 606, 597, 1447]",,,,,0.5,,
221e0220811a,ciciot2023,fine,statavg,2,,sensitivity,0.5829629464180686,0.7759696945561706,0.5932443683664472,0.7657756076570791,0.11516724484440405,0.5418190031263225,0.659562391661084,"[0.9988990091081974, 0.9991994396077254, 0.9465518967070363, 0.924231808627765, 0.9707736963266941, 0.9987989190271244, 0.6846161545390852, 0.987882096069869, 0.9902943686006825, 0.98148704092865, 0.8678010471204188, 0.7021739130434783, 0.5157610327229061, 0.5363754628239767, 0.5143143143143143, 0.9066265060240963, 0.8831831831831832, 0.1900710639575618, 0.9948954058652788, 0.0, 0.4089336269267065, 0.38502070003763644, 0.9389121338912134, 0.8428571428571429, 0.6381668946648427, 0.4336734693877551, 0.7601040416166467, 0.0, 0.0, 0.0, 0.0, 0.0, 0.0, 0.1687041564792176]",200888,56290,109824,1.1354600699996809,1.268286470003659,329.31607253499897,331.08504605293274,112.58744,1506.9296875,276.58837890625,30,0.5816347444083833,"[""DDoS-RSTFINFlood"", ""DDoS-PSHACK_Flood"", ""DDoS-SYN_Flood"", ""DDoS-UDP_Flood"", ""DDoS-TCP_Flood"", ""DDoS-ICMP_Flood"", ""DDoS-SynonymousIP_Flood"", ""DDoS-ACK_Fragmentation"", ""DDoS-UDP_Fragmentation"", ""DDoS-ICMP_Fragmentation"", ""DDoS-SlowLoris"", ""DDoS-HTTP_Flood"", ""DoS-UDP_Flood"", ""DoS-SYN_Flood"", ""DoS-TCP_Flood"", ""DoS-HTTP_Flood"", ""Mirai-greeth_flood"", ""Mirai-greip_flood"", ""Mirai-udpplain"", ""Recon-PingSweep"", ""Recon-OSScan"", ""Recon-PortScan"", ""VulnerabilityScan"", ""Recon-HostDiscovery"", ""DNS_Spoofing"", ""MITM-ArpSpoofing"", ""BenignTraffic"", ""BrowserHijacking"", ""Backdoor_Malware"", ""XSS"", ""Uploading_Attack"", ""SqlInjection"", ""CommandInjection"", ""DictionaryBruteForce""]","[35018, 35016, 35017, 35021, 35020, 35018, 35016, 32102, 32864, 35015, 2728, 3265, 35017, 35016, 35020, 8186, 35020, 35021, 35017, 251, 11171, 9343, 4219, 15225, 20508, 35009, 35009, 651, 399, 420, 146, 606, 597, 1446]",,,,,1.0,,
cb2ac0e827f4,ciciot2023,fine,fedlc,0,,sensitivity,0.4488476225460004,0.6330552695328627,0.4671302807717277,0.6027757233814689,0.0743623000432339,0.31736566336112215,0.5469305716353082,"[0.9707970797079708, 0.7896158463385354, 0.0, 0.018509254627313655, 0.47614284285285585, 0.9938981694508352, 0.7266906762705082, 0.8354609929078014, 0.4926995630395396, 0.9413882776555311, 0.669260700389105, 0.7132034632034632, 0.9542862858857657, 0.42065239143486094, 0.9905981196239247, 0.8579399141630901, 0.6253501400560224, 0.5833750125037511, 0.9506852055616685, 0.0, 0.1673469387755102, 0.42996620352985354, 0.6196830692243537, 0.17790563866513234, 0.13085070037581142, 0.46164616461646163, 0.8844768953790758, 0.0, 0.0, 0.0, 0.0, 0.0, 0.0, 0.0]",201033,56290,109824,1.315391849984735,1.1950050549967273,349.3449451770066,351.0434820652008,112.58,1551.546875,288.17529296875,30,0.45014183918187456,"[""DDoS-RSTFINFlood"", ""DDoS-PSHACK_Flood"", ""DDoS-SYN_Flood"", ""DDoS-UDP_Flood"", ""DDoS-TCP_Flood"", ""DDoS-ICMP_Flood"", ""DDoS-SynonymousIP_Flood"", ""DDoS-ACK_Fragmentation"", ""DDoS-UDP_Fragmentation"", ""DDoS-ICMP_Fragmentation"", ""DDoS-SlowLoris"", ""DDoS-HTTP_Flood"", ""DoS-UDP_Flood"", ""DoS-SYN_Flood"", ""DoS-TCP_Flood"", ""DoS-HTTP_Flood"", ""Mirai-greeth_flood"", ""Mirai-greip_flood"", ""Mirai-udpplain"", ""Recon-PingSweep"", ""Recon-OSScan"", ""Recon-PortScan"", ""VulnerabilityScan"", ""Recon-HostDiscovery"", ""DNS_Spoofing"", ""MITM-ArpSpoofing"", ""BenignTraffic"", ""BrowserHijacking"", ""Backdoor_Malware"", ""XSS"", ""Uploading_Attack"", ""SqlInjection"", ""CommandInjection"", ""DictionaryBruteForce""]","[35003, 35009, 35004, 35010, 35007, 35005, 35007, 32090, 32849, 35004, 2714, 3254, 35006, 35013, 35005, 8174, 35008, 35006, 35006, 239, 11159, 9331, 4209, 15215, 20498, 35003, 35004, 646, 397, 417, 147, 603, 598, 1443]",,,,,0.05,,
ae2c4f3fa8b4,ciciot2023,fine,fedlc,0,,sensitivity,0.5506475550079392,0.7583544870837688,0.5623382489121493,0.748818866386467,0.10119825708061002,0.47698984264236066,0.5858806595511526,"[0.9977984589212449, 0.9962970376301041, 0.6228737242345407, 0.8642914331465172, 0.9498598879103283, 0.9973976578921029, 0.4882394154739265, 0.9849344978165939, 0.9736589527567452, 0.9819837854068661, 0.7490196078431373, 0.758695652173913, 0.623661295165649, 0.7856499549684779, 0.5097568297808466, 0.6835769561478934, 0.6114503052747473, 0.5743446067640584, 0.9832883018112679, 0.0, 0.31866750471401634, 0.000752162467092892, 0.8938127090301003, 0.7828189774297559, 0.5372522214627478, 0.38759379689844925, 0.9000600240096038, 0.0, 0.0, 0.0, 0.0, 0.0, 0.0, 0.16176470588235295]",200910,56290,109824,1.1379464300080144,1.2491252650033857,340.5647483930152,342.32124400138855,112.58,1557.9453125,278.40087890625,30,0.5530247385326407,"[""DDoS-RSTFINFlood"", ""DDoS-PSHACK_Flood"", ""DDoS-SYN_Flood"", ""DDoS-UDP_Flood"", ""DDoS-TCP_Flood"", ""DDoS-ICMP_Flood"", ""DDoS-SynonymousIP_Flood"", ""DDoS-ACK_Fragmentation"", ""DDoS-UDP_Fragmentation"", ""DDoS-ICMP_Fragmentation"", ""DDoS-SlowLoris"", ""DDoS-HTTP_Flood"", ""DoS-UDP_Flood"", ""DoS-SYN_Flood"", ""DoS-TCP_Flood"", ""DoS-HTTP_Flood"", ""Mirai-greeth_flood"", ""Mirai-greip_flood"", ""Mirai-udpplain"", ""Recon-PingSweep"", ""Recon-OSScan"", ""Recon-PortScan"", ""VulnerabilityScan"", ""Recon-HostDiscovery"", ""DNS_Spoofing"", ""MITM-ArpSpoofing"", ""BenignTraffic"", ""BrowserHijacking"", ""Backdoor_Malware"", ""XSS"", ""Uploading_Attack"", ""SqlInjection"", ""CommandInjection"", ""DictionaryBruteForce""]","[35016, 35019, 35013, 35016, 35017, 35017, 35016, 32101, 32860, 35018, 2725, 3263, 35019, 35016, 35017, 8183, 35019, 35014, 35018, 248, 11167, 9339, 4216, 15222, 20501, 35009, 35009, 651, 400, 420, 149, 605, 597, 1448]",,,,,0.5,,
8f75131e0db7,ciciot2023,fine,fedlc,0,,sensitivity,0.5620930438329582,0.7583108491552255,0.5645632325183342,0.7419663419580842,0.12114224868368877,0.5283987650932981,0.6236565298162711,"[0.9986989591673339, 0.9960964868381543, 0.8370533480132119, 0.7935141627464718, 0.9827845060554499, 0.9978978978978978, 0.6141298909236466, 0.9886425685268101, 0.9875213310580204, 0.9791833466773419, 0.860313315926893, 0.6666666666666666, 0.7284556100490441, 0.4012012012012012, 0.49054148733860475, 0.8286698235040896, 0.8996096486838154, 0.1907335134594216, 0.9908936255378765, 0.0, 0.11957205789804909, 0.26636568848758463, 0.8803347280334728, 0.656221198156682, 0.3023255813953488, 0.5323661830915458, 0.975390156062425, 0.02197802197802198, 0.0, 0.0, 0.0, 0.0, 0.029940119760479042, 0.17804878048780487]",200882,56290,109824,1.1270273300033296,1.13479476500288,342.08757412800696,343.91319012641907,112.58,1560.50390625,275.89306640625,45,0.5612578226766001,"[""DDoS-RSTFINFlood"", ""DDoS-PSHACK_Flood"", ""DDoS-SYN_Flood"", ""DDoS-UDP_Flood"", ""DDoS-TCP_Flood"", ""DDoS-ICMP_Flood"", ""DDoS-SynonymousIP_Flood"", ""DDoS-ACK_Fragmentation"", ""DDoS-UDP_Fragmentation"", ""DDoS-ICMP_Fragmentation"", ""DDoS-SlowLoris"", ""DDoS-HTTP_Flood"", ""DoS-UDP_Flood"", ""DoS-SYN_Flood"", ""DoS-TCP_Flood"", ""DoS-HTTP_Flood"", ""Mirai-greeth_flood"", ""Mirai-greip_flood"", ""Mirai-udpplain"", ""Recon-PingSweep"", ""Recon-OSScan"", ""Recon-PortScan"", ""VulnerabilityScan"", ""Recon-HostDiscovery"", ""DNS_Spoofing"", ""MITM-ArpSpoofing"", ""BenignTraffic"", ""BrowserHijacking"", ""Backdoor_Malware"", ""XSS"", ""Uploading_Attack"", ""SqlInjection"", ""CommandInjection"", ""DictionaryBruteForce""]","[35016, 35019, 35019, 35019, 35018, 35019, 35015, 32104, 32863, 35016, 2725, 3266, 35017, 35021, 35016, 8187, 35020, 35015, 35015, 248, 11173, 9342, 4216, 15225, 20511, 35010, 35009, 650, 399, 424, 148, 606, 598, 1445]",,,,,1.0,,
8fee883a7cff,ciciot2023,fine,fedlc,1,,sensitivity,0.24867330450838335,0.44431290818382135,0.28101613785946944,0.37573781511625176,0.0,0.2672885796574543,0.3954272888524858,"[0.03550710142028406, 0.05781734520356107, 0.07921584316863373, 0.0784313725490196, 0.1210242048409682, 0.9515903180636127, 0.21190595297648823, 0.8211479703186382, 0.0, 0.7291729172917292, 0.0, 0.0010787486515641855, 0.23579431772709084, 0.9289857971594319, 0.9719943988797759, 0.03133047210300429, 0.79125825165033, 0.8004600920184037, 0.9641964196419642, 0.0, 0.0, 0.1325572662410815, 0.2696160267111853, 0.3327963176064442, 0.009567743037758415, 0.00010001000100010001, 0.998999799959992, 0.0, 0.0, 0.0, 0.0, 0.0, 0.0, 0.0]",201043,56290,109824,1.4535328849888174,1.180152305005322,334.3325189769894,336.1206433773041,112.58,1545.81640625,285.658203125,50,0.24634878068011942,"[""DDoS-RSTFINFlood"", ""DDoS-PSHACK_Flood"", ""DDoS-SYN_Flood"", ""DDoS-UDP_Flood"", ""DDoS-TCP_Flood"", ""DDoS-ICMP_Flood"", ""DDoS-SynonymousIP_Flood"", ""DDoS-ACK_Fragmentation"", ""DDoS-UDP_Fragmentation"", ""DDoS-ICMP_Fragmentation"", ""DDoS-SlowLoris"", ""DDoS-HTTP_Flood"", ""DoS-UDP_Flood"", ""DoS-SYN_Flood"", ""DoS-TCP_Flood"", ""DoS-HTTP_Flood"", ""Mirai-greeth_flood"", ""Mirai-greip_flood"", ""Mirai-udpplain"", ""Recon-PingSweep"", ""Recon-OSScan"", ""Recon-PortScan"", ""VulnerabilityScan"", ""Recon-HostDiscovery"", ""DNS_Spoofing"", ""MITM-ArpSpoofing"", ""BenignTraffic"", ""BrowserHijacking"", ""Backdoor_Malware"", ""XSS"", ""Uploading_Attack"", ""SqlInjection"", ""CommandInjection"", ""DictionaryBruteForce""]","[35004, 35006, 35004, 35008, 35004, 35006, 35010, 32091, 32852, 35002, 2712, 3250, 35007, 35006, 35004, 8174, 35005, 35006, 35003, 241, 11161, 9330, 4212, 15215, 20499, 35002, 35004, 646, 394, 418, 145, 603, 596, 1443]",,,,,0.05,,
cd3e2d795d91,ciciot2023,fine,fedlc,1,,sensitivity,0.5534937438570171,0.7548405722078982,0.5639171812746736,0.7276987092327749,0.138446701974101,0.5147696139403004,0.6100067710552203,"[0.9983985587028326, 0.9974977479731758, 0.8717717717717718, 0.7826261008807046, 0.7526278906797477, 0.9978987392435461, 0.4779301371234111, 0.9860231491592051, 0.9802708755465501, 0.9807827044339906, 0.8133159268929504, 0.6728462377317339, 0.6394115292233787, 0.4778823058446757, 0.821857485988791, 0.795786758383491, 0.0, 0.9868921352811687, 0.9909945967580548, 0.0, 0.023570081709616594, 0.2697516930022573, 0.8805346700083542, 0.6258064516129033, 0.2829543511711404, 0.8432529758927678, 0.7897948974487243, 0.027472527472527472, 0.0, 0.0, 0.0, 0.21301775147928995, 0.0, 0.1922141119221411]",200906,56290,109824,1.108985165010381,1.6401018050055427,335.21138806100134,336.9791147708893,112.58,1555.2578125,281.3359375,35,0.5535166963783257,"[""DDoS-RSTFINFlood"", ""DDoS-PSHACK_Flood"", ""DDoS-SYN_Flood"", ""DDoS-UDP_Flood"", ""DDoS-TCP_Flood"", ""DDoS-ICMP_Flood"", ""DDoS-SynonymousIP_Flood"", ""DDoS-ACK_Fragmentation"", ""DDoS-UDP_Fragmentation"", ""DDoS-ICMP_Fragmentation"", ""DDoS-SlowLoris"", ""DDoS-HTTP_Flood"", ""DoS-UDP_Flood"", ""DoS-SYN_Flood"", ""DoS-TCP_Flood"", ""DoS-HTTP_Flood"", ""Mirai-greeth_flood"", ""Mirai-greip_flood"", ""Mirai-udpplain"", ""Recon-PingSweep"", ""Recon-OSScan"", ""Recon-PortScan"", ""VulnerabilityScan"", ""Recon-HostDiscovery"", ""DNS_Spoofing"", ""MITM-ArpSpoofing"", ""BenignTraffic"", ""BrowserHijacking"", ""Backdoor_Malware"", ""XSS"", ""Uploading_Attack"", ""SqlInjection"", ""CommandInjection"", ""DictionaryBruteForce""]","[35017, 35020, 35019, 35014, 35022, 35013, 35019, 32105, 32862, 35018, 2724, 3269, 35018, 35017, 35016, 8183, 35012, 35015, 35015, 249, 11167, 9342, 4216, 15225, 20508, 35008, 35010, 648, 397, 418, 146, 604, 597, 1443]",,,,,0.5,,
70a121d521c7,ciciot2023,fine,fedlc,1,,sensitivity,0.566797219982428,0.7621299301172676,0.5698170295820694,0.746345767504845,0.11323310288913478,0.5566738914317334,0.6532958087596754,"[0.9988990091081974, 0.9977984589212449, 0.8638911128903123, 0.8783026421136909, 0.8865092073658927, 0.9984986487839055, 0.5826078254778345, 0.9898438353172436, 0.9865628665884612, 0.9792792792792793, 0.7822685788787483, 0.7361563517915309, 0.5235141084650791, 0.5028525673105795, 0.5584467574059248, 0.8452278589853827, 0.9354612767660596, 0.13439407585309718, 0.9925955573344006, 0.0, 0.14115058157812008, 0.2771718691237307, 0.8896321070234113, 0.5250057616962434, 0.6248931441272012, 0.781268761256754, 0.7247174152245673, 0.005494505494505495, 0.0, 0.0, 0.0, 0.07692307692307693, 0.0, 0.15441176470588236]",200908,56290,109824,1.6768909849997726,1.1157352999907744,333.2606586869915,335.141152381897,112.58,1562.453125,277.25048828125,45,0.5666794098093144,"[""DDoS-RSTFINFlood"", ""DDoS-PSHACK_Flood"", ""DDoS-SYN_Flood"", ""DDoS-UDP_Flood"", ""DDoS-TCP_Flood"", ""DDoS-ICMP_Flood"", ""DDoS-SynonymousIP_Flood"", ""DDoS-ACK_Fragmentation"", ""DDoS-UDP_Fragmentation"", ""DDoS-ICMP_Fragmentation"", ""DDoS-SlowLoris"", ""DDoS-HTTP_Flood"", ""DoS-UDP_Flood"", ""DoS-SYN_Flood"", ""DoS-TCP_Flood"", ""DoS-HTTP_Flood"", ""Mirai-greeth_flood"", ""Mirai-greip_flood"", ""Mirai-udpplain"", ""Recon-PingSweep"", ""Recon-OSScan"", ""Recon-PortScan"", ""VulnerabilityScan"", ""Recon-HostDiscovery"", ""DNS_Spoofing"", ""MITM-ArpSpoofing"", ""BenignTraffic"", ""BrowserHijacking"", ""Backdoor_Malware"", ""XSS"", ""Uploading_Attack"", ""SqlInjection"", ""CommandInjection"", ""DictionaryBruteForce""]","[35018, 35017, 35017, 35017, 35016, 35018, 35015, 32105, 32862, 35019, 2723, 3262, 35013, 35017, 35019, 8184, 35013, 35015, 35015, 251, 11169, 9340, 4218, 15226, 20509, 35012, 35006, 648, 397, 419, 148, 604, 597, 1447]",,,,,1.0,,
0113c2c3a424,ciciot2023,fine,fedlc,2,,sensitivity,0.4570809059507515,0.67839483449902,0.49045212772048574,0.6221065217109661,0.04500953565113297,0.28186367647310534,0.5085855355908466,"[0.8764382191095548, 0.9979991996798719, 0.0, 0.0, 0.030212084833933575, 0.998499699939988, 0.6895068520556167, 0.8962017026850033, 0.7339302846178446, 0.8611305652826413, 0.21530479896238652, 0.9351351351351351, 0.9844953486045813, 0.6082608260826082, 0.9300720288115246, 0.451114922813036, 0.7742096838735494, 0.8568570571171351, 0.9817908954477239, 0.0, 0.4375, 0.0, 0.7281067556296914, 0.5210586881472957, 0.2522214627477785, 0.8597719543908782, 0.8657731546309262, 0.0, 0.0, 0.0, 0.0, 0.0, 0.0, 0.1897810218978102]",201026,56290,109824,1.2330328099960752,1.3262383700021019,341.38779615898966,343.1514744758606,112.58,1552.87890625,288.71630859375,35,0.4602887689422652,"[""DDoS-RSTFINFlood"", ""DDoS-PSHACK_Flood"", ""DDoS-SYN_Flood"", ""DDoS-UDP_Flood"", ""DDoS-TCP_Flood"", ""DDoS-ICMP_Flood"", ""DDoS-SynonymousIP_Flood"", ""DDoS-ACK_Fragmentation"", ""DDoS-UDP_Fragmentation"", ""DDoS-ICMP_Fragmentation"", ""DDoS-SlowLoris"", ""DDoS-HTTP_Flood"", ""DoS-UDP_Flood"", ""DoS-SYN_Flood"", ""DoS-TCP_Flood"", ""DoS-HTTP_Flood"", ""Mirai-greeth_flood"", ""Mirai-greip_flood"", ""Mirai-udpplain"", ""Recon-PingSweep"", ""Recon-OSScan"", ""Recon-PortScan"", ""VulnerabilityScan"", ""Recon-HostDiscovery"", ""DNS_Spoofing"", ""MITM-ArpSpoofing"", ""BenignTraffic"", ""BrowserHijacking"", ""Backdoor_Malware"", ""XSS"", ""Uploading_Attack"", ""SqlInjection"", ""CommandInjection"", ""DictionaryBruteForce""]","[35012, 35007, 35004, 35006, 35010, 35005, 35006, 32096, 32852, 35010, 2713, 3253, 35006, 35003, 35007, 8170, 35008, 35006, 35008, 239, 11162, 9332, 4209, 15214, 20503, 35004, 35004, 648, 395, 416, 145, 602, 596, 1442]",,,,,0.05,,
3e2f0dd85776,ciciot2023,fine,fedlc,2,,sensitivity,0.5575516604557537,0.7583445323776815,0.5634600792940472,0.7446207944293745,0.11872300049833319,0.4977940005601785,0.5884144995883915,"[0.9986990893625538, 0.9961961961961961, 0.7318122685880116, 0.8256954172503502, 0.9832866293034428, 0.9984992496248124, 0.6570256204963971, 0.9836244541484717, 0.9780313533112935, 0.9735815070549385, 0.8617992177314211, 0.6597826086956522, 0.6983189913948369, 0.3701591113779646, 0.4915423881493344, 0.7887263339070568, 0.24592132919627666, 0.883495145631068, 0.9653792275365219, 0.0, 0.1430817610062893, 0.13641488162344984, 0.9197994987468672, 0.6863196683555965, 0.41968557758031444, 0.6011809447558046, 0.9528764382191095, 0.03296703296703297, 0.0, 0.0, 0.0, 0.0, 0.011976047904191617, 0.16176470588235295]",200910,56290,109824,1.5152006799871742,1.3514783150094445,346.0894020410051,348.10341215133667,112.58,1557.24609375,277.51171875,50,0.5598623148382482,"[""DDoS-RSTFINFlood"", ""DDoS-PSHACK_Flood"", ""DDoS-SYN_Flood"", ""DDoS-UDP_Flood"", ""DDoS-TCP_Flood"", ""DDoS-ICMP_Flood"", ""DDoS-SynonymousIP_Flood"", ""DDoS-ACK_Fragmentation"", ""DDoS-UDP_Fragmentation"", ""DDoS-ICMP_Fragmentation"", ""DDoS-SlowLoris"", ""DDoS-HTTP_Flood"", ""DoS-UDP_Flood"", ""DoS-SYN_Flood"", ""DoS-TCP_Flood"", ""DoS-HTTP_Flood"", ""Mirai-greeth_flood"", ""Mirai-greip_flood"", ""Mirai-udpplain"", ""Recon-PingSweep"", ""Recon-OSScan"", ""Recon-PortScan"", ""VulnerabilityScan"", ""Recon-HostDiscovery"", ""DNS_Spoofing"", ""MITM-ArpSpoofing"", ""BenignTraffic"", ""BrowserHijacking"", ""Backdoor_Malware"", ""XSS"", ""Uploading_Attack"", ""SqlInjection"", ""CommandInjection"", ""DictionaryBruteForce""]","[35017, 35020, 35016, 35013, 35016, 35012, 35016, 32099, 32860, 35016, 2724, 3264, 35014, 35016, 35019, 8186, 35018, 35020, 35015, 252, 11170, 9338, 4215, 15222, 20503, 35014, 35010, 649, 399, 422, 149, 606, 597, 1447]",,,,,0.5,,
b43b788f898b,ciciot2023,fine,fedlc,2,,sensitivity,0.5789967532389,0.7704392497311935,0.576875158983543,0.7629322103670323,0.12881057863379178,0.5451728470476688,0.6375566542976724,"[0.9987989190271244, 0.9982988091664164, 0.6215594034631168, 0.7571814633169853, 0.9047142428185366, 0.9983985587028326, 0.5619057151436293, 0.987117903930131, 0.9845349829351536, 0.9832883018112679, 0.8259162303664922, 0.6478260869565218, 0.7882517762433704, 0.5330731512058441, 0.5647647647647648, 0.8635972461273667, 0.5894894894894895, 0.6539885897307577, 0.9936943248924032, 0.0, 0.23026108839257628, 0.11629657508468197, 0.9305439330543933, 0.7513824884792627, 0.37944596443228457, 0.7436974789915967, 0.8723489395758304, 0.022099447513812154, 0.0, 0.0, 0.0, 0.047337278106508875, 0.09523809523809523, 0.1687041564792176]",200888,56290,109824,1.5313624199916376,1.3838459400176362,343.8535307159909,345.8445842266083,112.58,1559.2734375,276.58837890625,45,0.5845003302639539,"[""DDoS-RSTFINFlood"", ""DDoS-PSHACK_Flood"", ""DDoS-SYN_Flood"", ""DDoS-UDP_Flood"", ""DDoS-TCP_Flood"", ""DDoS-ICMP_Flood"", ""DDoS-SynonymousIP_Flood"", ""DDoS-ACK_Fragmentation"", ""DDoS-UDP_Fragmentation"", ""DDoS-ICMP_Fragmentation"", ""DDoS-SlowLoris"", ""DDoS-HTTP_Flood"", ""DoS-UDP_Flood"", ""DoS-SYN_Flood"", ""DoS-TCP_Flood"", ""DoS-HTTP_Flood"", ""Mirai-greeth_flood"", ""Mirai-greip_flood"", ""Mirai-udpplain"", ""Recon-PingSweep"", ""Recon-OSScan"", ""Recon-PortScan"", ""VulnerabilityScan"", ""Recon-HostDiscovery"", ""DNS_Spoofing"", ""MITM-ArpSpoofing"", ""BenignTraffic"", ""BrowserHijacking"", ""Backdoor_Malware"", ""XSS"", ""Uploading_Attack"", ""SqlInjection"", ""CommandInjection"", ""DictionaryBruteForce""]","[35018, 35016, 35017, 35021, 35020, 35018, 35016, 32102, 32864, 35015, 2728, 3265, 35017, 35016, 35020, 8186, 35020, 35021, 35017, 251, 11171, 9343, 4219, 15225, 20508, 35009, 35009, 651, 399, 420, 146, 606, 597, 1446]",,,,,1.0,,
8c3a15d173b5,ciciot2023,fine,scaffold,0,,sensitivity,0.6093630130069173,0.792974287803495,0.611040307227129,0.7838520579206636,0.1931251076453696,0.4514193067932744,0.6479812240303486,"[0.9902990299029903, 0.9967987194877951, 0.8845769153830766, 0.863231615807904, 0.9769930979293788, 0.9972991897569271, 0.4578831532613045, 0.9874522640480087, 0.9046147287647874, 0.9784956991398279, 0.8625162127107653, 0.7976190476190477, 0.9925977793338001, 0.8226936161697018, 0.8592718543708742, 0.9141630901287554, 0.9251700680272109, 0.348704611383415, 0.7542262678803641, 0.0, 0.21444270015698588, 0.4363499812241832, 0.8999165971643036, 0.4515535097813579, 0.27126750939528527, 0.38893889388938896, 0.9226845369073815, 0.0, 0.0, 0.0, 0.0, 0.2, 0.0, 0.675609756097561]",201033,56290,109824,1.1272714100050507,1.4605686499999138,341.2819056230037,343.4798231124878,225.16,1498.42578125,292.70751953125,50,0.6085800406782507,"[""DDoS-RSTFINFlood"", ""DDoS-PSHACK_Flood"", ""DDoS-SYN_Flood"", ""DDoS-UDP_Flood"", ""DDoS-TCP_Flood"", ""DDoS-ICMP_Flood"", ""DDoS-SynonymousIP_Flood"", ""DDoS-ACK_Fragmentation"", ""DDoS-UDP_Fragmentation"", ""DDoS-ICMP_Fragmentation"", ""DDoS-SlowLoris"", ""DDoS-HTTP_Flood"", ""DoS-UDP_Flood"", ""DoS-SYN_Flood"", ""DoS-TCP_Flood"", ""DoS-HTTP_Flood"", ""Mirai-greeth_flood"", ""Mirai-greip_flood"", ""Mirai-udpplain"", ""Recon-PingSweep"", ""Recon-OSScan"", ""Recon-PortScan"", ""VulnerabilityScan"", ""Recon-HostDiscovery"", ""DNS_Spoofing"", ""MITM-ArpSpoofing"", ""BenignTraffic"", ""BrowserHijacking"", ""Backdoor_Malware"", ""XSS"", ""Uploading_Attack"", ""SqlInjection"", ""CommandInjection"", ""DictionaryBruteForce""]","[35003, 35009, 35004, 35010, 35007, 35005, 35007, 32090, 32849, 35004, 2714, 3254, 35006, 35013, 35005, 8174, 35008, 35006, 35006, 239, 11159, 9331, 4209, 15215, 20498, 35003, 35004, 646, 397, 417, 147, 603, 598, 1443]",,,,,0.05,,
82efac889e9c,ciciot2023,fine,scaffold,0,,sensitivity,0.5810486888510046,0.7847593449803395,0.5850250452600213,0.7798468622174609,0.09845679012345679,0.4958798850117651,0.5896057054732671,"[0.9977984589212449, 0.997898318654924, 0.4697818691214729, 0.7011609287429944, 0.8288630904723779, 0.99729756781103, 0.6768091282153939, 0.9831877729257642, 0.981870534286019, 0.9754779301371234, 0.726797385620915, 0.6543478260869565, 0.9127214493043739, 0.8119683778645052, 0.6762733913739618, 0.8564058469475494, 0.548293464117706, 0.7315389233540124, 0.9909936955869109, 0.0, 0.2278441231929604, 0.4648364046634073, 0.9080267558528428, 0.7450483648088438, 0.42925495557074506, 0.6643321660830416, 0.7727090836334534, 0.0, 0.0, 0.0, 0.0, 0.0, 0.0, 0.15931372549019607]",200910,56290,109824,1.1376547150030092,1.1259643099947425,346.2291993650033,348.22067523002625,225.16,1496.09375,282.93310546875,45,0.5843037989271049,"[""DDoS-RSTFINFlood"", ""DDoS-PSHACK_Flood"", ""DDoS-SYN_Flood"", ""DDoS-UDP_Flood"", ""DDoS-TCP_Flood"", ""DDoS-ICMP_Flood"", ""DDoS-SynonymousIP_Flood"", ""DDoS-ACK_Fragmentation"", ""DDoS-UDP_Fragmentation"", ""DDoS-ICMP_Fragmentation"", ""DDoS-SlowLoris"", ""DDoS-HTTP_Flood"", ""DoS-UDP_Flood"", ""DoS-SYN_Flood"", ""DoS-TCP_Flood"", ""DoS-HTTP_Flood"", ""Mirai-greeth_flood"", ""Mirai-greip_flood"", ""Mirai-udpplain"", ""Recon-PingSweep"", ""Recon-OSScan"", ""Recon-PortScan"", ""VulnerabilityScan"", ""Recon-HostDiscovery"", ""DNS_Spoofing"", ""MITM-ArpSpoofing"", ""BenignTraffic"", ""BrowserHijacking"", ""Backdoor_Malware"", ""XSS"", ""Uploading_Attack"", ""SqlInjection"", ""CommandInjection"", ""DictionaryBruteForce""]","[35016, 35019, 35013, 35016, 35017, 35017, 35016, 32101, 32860, 35018, 2725, 3263, 35019, 35016, 35017, 8183, 35019, 35014, 35018, 248, 11167, 9339, 4216, 15222, 20501, 35009, 35009, 651, 400, 420, 149, 605, 597, 1448]",,,,,0.5,,
e34fe3c969d8,ciciot2023,fine,scaffold,0,,sensitivity,0.5718266137016575,0.7763761810416066,0.579012516791446,0.7667325428484593,0.09970776992365223,0.5123298779762805,0.6148662667061254,"[0.9983987189751802, 0.9976979281353218, 0.886197577820038, 0.8500650585526974, 0.932939645681113, 0.9975975975975976, 0.6094265986190334, 0.9829638527902151, 0.987094709897611, 0.9732786228983187, 0.7193211488250653, 0.6503267973856209, 0.6528875988389551, 0.4977977977977978, 0.5609048143328996, 0.8346965131295738, 0.9688719847863076, 0.2975082557790453, 0.9901931351946363, 0.0, 0.2042164883574575, 0.38788562829194884, 0.8987447698744769, 0.7474654377880184, 0.5559165526675787, 0.49164582291145575, 0.8343337334933973, 0.0, 0.0, 0.0, 0.0, 0.0, 0.0, 0.17804878048780487]",200882,56290,109824,1.5585711400035507,1.7088480099937442,335.48709758600125,337.7874011993408,225.16,1497.9296875,280.42529296875,45,0.5708143252103665,"[""DDoS-RSTFINFlood"", ""DDoS-PSHACK_Flood"", ""DDoS-SYN_Flood"", ""DDoS-UDP_Flood"", ""DDoS-TCP_Flood"", ""DDoS-ICMP_Flood"", ""DDoS-SynonymousIP_Flood"", ""DDoS-ACK_Fragmentation"", ""DDoS-UDP_Fragmentation"", ""DDoS-ICMP_Fragmentation"", ""DDoS-SlowLoris"", ""DDoS-HTTP_Flood"", ""DoS-UDP_Flood"", ""DoS-SYN_Flood"", ""DoS-TCP_Flood"", ""DoS-HTTP_Flood"", ""Mirai-greeth_flood"", ""Mirai-greip_flood"", ""Mirai-udpplain"", ""Recon-PingSweep"", ""Recon-OSScan"", ""Recon-PortScan"", ""VulnerabilityScan"", ""Recon-HostDiscovery"", ""DNS_Spoofing"", ""MITM-ArpSpoofing"", ""BenignTraffic"", ""BrowserHijacking"", ""Backdoor_Malware"", ""XSS"", ""Uploading_Attack"", ""SqlInjection"", ""CommandInjection"", ""DictionaryBruteForce""]","[35016, 35019, 35019, 35019, 35018, 35019, 35015, 32104, 32863, 35016, 2725, 3266, 35017, 35021, 35016, 8187, 35020, 35015, 35015, 248, 11173, 9342, 4216, 15225, 20511, 35010, 35009, 650, 399, 424, 148, 606, 598, 1445]",,,,,1.0,,
d0572129a0a5,ciciot2023,fine,scaffold,1,,sensitivity,0.5636074678245968,0.7642643613555309,0.5888064882279268,0.7376355136268051,0.12863413649365818,0.41557739113939346,0.6369364901079744,"[0.9960992198439688, 0.9718915674702411, 0.8799759951990398, 0.9704881952781113, 0.7956591318263653, 0.9978995799159832, 0.9878939469734868, 0.9761021388040158, 0.4988807163415414, 0.9617961796179618, 0.728923476005188, 0.8036677454153183, 0.9873949579831933, 0.395879175835167, 0.9862972594518904, 0.9579399141630901, 0.8518703740748149, 0.06871374274854972, 0.9266926692669267, 0.0, 0.10427135678391959, 0.8186256102140443, 0.9248747913188647, 0.4619102416570771, 0.5767982231334359, 0.013801380138013802, 0.9462892578515704, 0.0, 0.0, 0.0, 0.0, 0.029411764705882353, 0.16766467065868262, 0.23170731707317074]",201043,56290,109824,1.6251264750007977,2.0727877900026215,341.21576659798666,343.72018241882324,225.16,1492.24609375,290.1904296875,45,0.5636506338006686,"[""DDoS-RSTFINFlood"", ""DDoS-PSHACK_Flood"", ""DDoS-SYN_Flood"", ""DDoS-UDP_Flood"", ""DDoS-TCP_Flood"", ""DDoS-ICMP_Flood"", ""DDoS-SynonymousIP_Flood"", ""DDoS-ACK_Fragmentation"", ""DDoS-UDP_Fragmentation"", ""DDoS-ICMP_Fragmentation"", ""DDoS-SlowLoris"", ""DDoS-HTTP_Flood"", ""DoS-UDP_Flood"", ""DoS-SYN_Flood"", ""DoS-TCP_Flood"", ""DoS-HTTP_Flood"", ""Mirai-greeth_flood"", ""Mirai-greip_flood"", ""Mirai-udpplain"", ""Recon-PingSweep"", ""Recon-OSScan"", ""Recon-PortScan"", ""VulnerabilityScan"", ""Recon-HostDiscovery"", ""DNS_Spoofing"", ""MITM-ArpSpoofing"", ""BenignTraffic"", ""BrowserHijacking"", ""Backdoor_Malware"", ""XSS"", ""Uploading_Attack"", ""SqlInjection"", ""CommandInjection"", ""DictionaryBruteForce""]","[35004, 35006, 35004, 35008, 35004, 35006, 35010, 32091, 32852, 35002, 2712, 3250, 35007, 35006, 35004, 8174, 35005, 35006, 35003, 241, 11161, 9330, 4212, 15215, 20499, 35002, 35004, 646, 394, 418, 145, 603, 596, 1443]",,,,,0.05,,
ce9eae43e80b,ciciot2023,fine,scaffold,1,,sensitivity,0.5824564338995738,0.7823658825520393,0.5869912783120643,0.776576693423383,0.10755853144982379,0.5390453597707401,0.6214592376371639,"[0.9983985587028326, 0.9975978380542488, 0.5765765765765766, 0.8857085668534828, 0.914706176794474, 0.9980988593155894, 0.6504854368932039, 0.9846036252456868, 0.986349578756532, 0.9790811730557502, 0.7806788511749347, 0.6335877862595419, 0.5270216172938351, 0.7606084867894315, 0.7467974379503602, 0.8387790197764402, 0.488344172086043, 0.759055433259956, 0.9926956173704222, 0.0, 0.3623507228158391, 0.563581640331076, 0.8471177944862155, 0.7566820276497696, 0.31560950589844416, 0.8694608382514755, 0.5563781890945473, 0.0, 0.0, 0.0, 0.0, 0.0, 0.0, 0.1873479318734793]",200906,56290,109824,1.2406375299997308,2.0768849499927455,342.7640420919979,345.0093913078308,225.16,1491.8671875,285.8681640625,50,0.5812026480941006,"[""DDoS-RSTFINFlood"", ""DDoS-PSHACK_Flood"", ""DDoS-SYN_Flood"", ""DDoS-UDP_Flood"", ""DDoS-TCP_Flood"", ""DDoS-ICMP_Flood"", ""DDoS-SynonymousIP_Flood"", ""DDoS-ACK_Fragmentation"", ""DDoS-UDP_Fragmentation"", ""DDoS-ICMP_Fragmentation"", ""DDoS-SlowLoris"", ""DDoS-HTTP_Flood"", ""DoS-UDP_Flood"", ""DoS-SYN_Flood"", ""DoS-TCP_Flood"", ""DoS-HTTP_Flood"", ""Mirai-greeth_flood"", ""Mirai-greip_flood"", ""Mirai-udpplain"", ""Recon-PingSweep"", ""Recon-OSScan"", ""Recon-PortScan"", ""VulnerabilityScan"", ""Recon-HostDiscovery"", ""DNS_Spoofing"", ""MITM-ArpSpoofing"", ""BenignTraffic"", ""BrowserHijacking"", ""Backdoor_Malware"", ""XSS"", ""Uploading_Attack"", ""SqlInjection"", ""CommandInjection"", ""DictionaryBruteForce""]","[35017, 35020, 35019, 35014, 35022, 35013, 35019, 32105, 32862, 35018, 2724, 3269, 35018, 35017, 35016, 8183, 35012, 35015, 35015, 249, 11167, 9342, 4216, 15225, 20508, 35008, 35010, 648, 397, 418, 146, 604, 597, 1443]",,,,,0.5,,
fee2ec11f1c4,ciciot2023,fine,scaffold,1,,sensitivity,0.5896981568629658,0.7924323570987716,0.5936968842662361,0.78734999645904,0.0976262807020534,0.5310480681391747,0.6552635814493907,"[0.9988990091081974, 0.997498248774142, 0.8961168935148118, 0.9450560448358687, 0.9081265012009607, 0.9985987388649785, 0.6178324827379166, 0.9834006770776456, 0.9833635491095233, 0.9795795795795795, 0.7340286831812256, 0.6601520086862106, 0.4668801280768461, 0.5549994995495946, 0.6401120896717374, 0.819432502149613, 0.8235941564938963, 0.4455118583008106, 0.9934960976585951, 0.0, 0.46054699779943414, 0.37006393380970287, 0.9005016722408027, 0.7782899285549666, 0.5968541631048042, 0.6811086651991195, 0.8070421126337901, 0.0, 0.0, 0.0, 0.0, 0.0, 0.0, 0.14460784313725492]",200908,56290,109824,1.1106265900070866,1.1134961350035155,337.10475249400406,339.14804553985596,225.16,1499.61328125,281.78271484375,50,0.5875393851679076,"[""DDoS-RSTFINFlood"", ""DDoS-PSHACK_Flood"", ""DDoS-SYN_Flood"", ""DDoS-UDP_Flood"", ""DDoS-TCP_Flood"", ""DDoS-ICMP_Flood"", ""DDoS-SynonymousIP_Flood"", ""DDoS-ACK_Fragmentation"", ""DDoS-UDP_Fragmentation"", ""DDoS-ICMP_Fragmentation"", ""DDoS-SlowLoris"", ""DDoS-HTTP_Flood"", ""DoS-UDP_Flood"", ""DoS-SYN_Flood"", ""DoS-TCP_Flood"", ""DoS-HTTP_Flood"", ""Mirai-greeth_flood"", ""Mirai-greip_flood"", ""Mirai-udpplain"", ""Recon-PingSweep"", ""Recon-OSScan"", ""Recon-PortScan"", ""VulnerabilityScan"", ""Recon-HostDiscovery"", ""DNS_Spoofing"", ""MITM-ArpSpoofing"", ""BenignTraffic"", ""BrowserHijacking"", ""Backdoor_Malware"", ""XSS"", ""Uploading_Attack"", ""SqlInjection"", ""CommandInjection"", ""DictionaryBruteForce""]","[35018, 35017, 35017, 35017, 35016, 35018, 35015, 32105, 32862, 35019, 2723, 3262, 35013, 35017, 35019, 8184, 35013, 35015, 35015, 251, 11169, 9340, 4218, 15226, 20509, 35012, 35006, 648, 397, 419, 148, 604, 597, 1447]",,,,,1.0,,
ebbf17320715,ciciot2023,fine,scaffold,2,,sensitivity,0.6597264432448386,0.8829206172335917,0.6666940499965566,0.8812451348834459,0.14539373977301778,0.4928470551613782,0.63403169025188,"[0.9947973986993497, 0.9974989995998399, 0.8049609921984396, 0.8843653095928778, 0.8723489395758304, 0.995999199839968, 0.9046714014204261, 0.973695699628902, 0.8580108730412536, 0.9774887443721861, 0.6212710765239948, 0.8821621621621621, 0.9921976592977894, 0.9622962296229624, 0.9875950380152061, 0.8194682675814752, 0.9871948779511804, 0.8020406121836551, 0.9888944472236119, 0.015151515151515152, 0.7701005025125628, 0.08414725770097671, 0.9249374478732277, 0.6336018411967779, 0.8362952836637048, 0.8132626525305061, 0.6110222044408882, 0.4945054945054945, 0.0, 0.0, 0.0, 0.0, 0.0, 0.17761557177615572]",201026,56290,109824,1.1386627049978415,1.1360831500041968,335.7965678890014,337.73343420028687,225.16,1499.48046875,293.24853515625,40,0.6607074595779605,"[""DDoS-RSTFINFlood"", ""DDoS-PSHACK_Flood"", ""DDoS-SYN_Flood"", ""DDoS-UDP_Flood"", ""DDoS-TCP_Flood"", ""DDoS-ICMP_Flood"", ""DDoS-SynonymousIP_Flood"", ""DDoS-ACK_Fragmentation"", ""DDoS-UDP_Fragmentation"", ""DDoS-ICMP_Fragmentation"", ""DDoS-SlowLoris"", ""DDoS-HTTP_Flood"", ""DoS-UDP_Flood"", ""DoS-SYN_Flood"", ""DoS-TCP_Flood"", ""DoS-HTTP_Flood"", ""Mirai-greeth_flood"", ""Mirai-greip_flood"", ""Mirai-udpplain"", ""Recon-PingSweep"", ""Recon-OSScan"", ""Recon-PortScan"", ""VulnerabilityScan"", ""Recon-HostDiscovery"", ""DNS_Spoofing"", ""MITM-ArpSpoofing"", ""BenignTraffic"", ""BrowserHijacking"", ""Backdoor_Malware"", ""XSS"", ""Uploading_Attack"", ""SqlInjection"", ""CommandInjection"", ""DictionaryBruteForce""]","[35012, 35007, 35004, 35006, 35010, 35005, 35006, 32096, 32852, 35010, 2713, 3253, 35006, 35003, 35007, 8170, 35008, 35006, 35008, 239, 11162, 9332, 4209, 15214, 20503, 35004, 35004, 648, 395, 416, 145, 602, 596, 1442]",,,,,0.05,,
865fa6e893bb,ciciot2023,fine,scaffold,2,,sensitivity,0.5874275161558907,0.7921457368971181,0.5887409204088427,0.7868944201305031,0.10025692154306312,0.4819639441610274,0.5993309554275134,"[0.9986990893625538, 0.9987987987987988, 0.5308716101270889, 0.9672803682209326, 0.9159327461969575, 0.9979989994997499, 0.7664131305044035, 0.983296943231441, 0.9828303295297003, 0.978084659261483, 0.7405475880052151, 0.6510869565217391, 0.5142085251150691, 0.6722705894125888, 0.7195475928335502, 0.7969018932874354, 0.6002402161945751, 0.6367730957862076, 0.9884930958575145, 0.0, 0.27735849056603773, 0.3893273205561819, 0.9214703425229741, 0.7475817595578075, 0.47778537252221465, 0.7542033626901521, 0.847423711855928, 0.0, 0.0, 0.0, 0.0, 0.0, 0.0, 0.16176470588235295]",200910,56290,109824,1.0953359750055824,1.3875219900000957,332.75528455700805,334.8231089115143,225.16,1495.1875,282.0439453125,50,0.5887212516268576,"[""DDoS-RSTFINFlood"", ""DDoS-PSHACK_Flood"", ""DDoS-SYN_Flood"", ""DDoS-UDP_Flood"", ""DDoS-TCP_Flood"", ""DDoS-ICMP_Flood"", ""DDoS-SynonymousIP_Flood"", ""DDoS-ACK_Fragmentation"", ""DDoS-UDP_Fragmentation"", ""DDoS-ICMP_Fragmentation"", ""DDoS-SlowLoris"", ""DDoS-HTTP_Flood"", ""DoS-UDP_Flood"", ""DoS-SYN_Flood"", ""DoS-TCP_Flood"", ""DoS-HTTP_Flood"", ""Mirai-greeth_flood"", ""Mirai-greip_flood"", ""Mirai-udpplain"", ""Recon-PingSweep"", ""Recon-OSScan"", ""Recon-PortScan"", ""VulnerabilityScan"", ""Recon-HostDiscovery"", ""DNS_Spoofing"", ""MITM-ArpSpoofing"", ""BenignTraffic"", ""BrowserHijacking"", ""Backdoor_Malware"", ""XSS"", ""Uploading_Attack"", ""SqlInjection"", ""CommandInjection"", ""DictionaryBruteForce""]","[35017, 35020, 35016, 35013, 35016, 35012, 35016, 32099, 32860, 35016, 2724, 3264, 35014, 35016, 35019, 8186, 35018, 35020, 35015, 252, 11170, 9338, 4215, 15222, 20503, 35014, 35010, 649, 399, 422, 149, 606, 597, 1447]",,,,,0.5,,
0029f063b09e,ciciot2023,fine,scaffold,2,,sensitivity,0.5868141033601961,0.7893353510413763,0.5890624360227885,0.783680868748074,0.09931500517017484,0.5283970868348729,0.6376532820673096,"[0.9984986487839055, 0.9985990193135195, 0.8233410069062156, 0.9010109098188369, 0.8991091982784506, 0.9981983785406866, 0.6105494945450906, 0.9836244541484717, 0.9880546075085325, 0.9799859901931351, 0.725130890052356, 0.6565217391304348, 0.5941158811167817, 0.6379465625938157, 0.5593593593593593, 0.8154044750430293, 0.8265265265265265, 0.4153738364528075, 0.9921929736763087, 0.0, 0.3608052846807172, 0.35566428302596914, 0.9096234309623431, 0.7435483870967742, 0.564124487004104, 0.6998799519807923, 0.8222288915566226, 0.0, 0.0, 0.0, 0.0, 0.0, 0.0, 0.1687041564792176]",200888,56290,109824,1.4501453499997297,1.1491578000004665,339.0998643399962,341.2309536933899,225.16,1496.296875,281.12060546875,50,0.5856372375439113,"[""DDoS-RSTFINFlood"", ""DDoS-PSHACK_Flood"", ""DDoS-SYN_Flood"", ""DDoS-UDP_Flood"", ""DDoS-TCP_Flood"", ""DDoS-ICMP_Flood"", ""DDoS-SynonymousIP_Flood"", ""DDoS-ACK_Fragmentation"", ""DDoS-UDP_Fragmentation"", ""DDoS-ICMP_Fragmentation"", ""DDoS-SlowLoris"", ""DDoS-HTTP_Flood"", ""DoS-UDP_Flood"", ""DoS-SYN_Flood"", ""DoS-TCP_Flood"", ""DoS-HTTP_Flood"", ""Mirai-greeth_flood"", ""Mirai-greip_flood"", ""Mirai-udpplain"", ""Recon-PingSweep"", ""Recon-OSScan"", ""Recon-PortScan"", ""VulnerabilityScan"", ""Recon-HostDiscovery"", ""DNS_Spoofing"", ""MITM-ArpSpoofing"", ""BenignTraffic"", ""BrowserHijacking"", ""Backdoor_Malware"", ""XSS"", ""Uploading_Attack"", ""SqlInjection"", ""CommandInjection"", ""DictionaryBruteForce""]","[35018, 35016, 35017, 35021, 35020, 35018, 35016, 32102, 32864, 35015, 2728, 3265, 35017, 35016, 35020, 8186, 35020, 35021, 35017, 251, 11171, 9343, 4219, 15225, 20508, 35009, 35009, 651, 399, 420, 146, 606, 597, 1446]",,,,,1.0,,
feb50c983a1d,ciciot2023,fine,fedstap,0,,sensitivity,0.5008632145002574,0.7168027139822816,0.5493225506897357,0.6763018185902175,0.1845423965382208,0.42561873666222966,0.6216581490925187,"[0.9985998599859987, 0.9981992797118847, 0.0, 0.39959979989995, 0.9827948384515355, 0.998299489846954, 0.5670268107242897, 0.9866884888161483, 0.9755941596504316, 0.9737947589517904, 0.9260700389105059, 0.8690476190476191, 0.9253776132839852, 0.9858915349209526, 0.4589917983596719, 0.6360515021459228, 0.01020408163265306, 0.9691907572271682, 0.9939981994598379, 0.5909090909090909, 0.003453689167974882, 0.1532106646639129, 0.8131776480400333, 0.7406214039125432, 0.036727024256918345, 0.6377637763776378, 0.9017803560712142, 0.0, 0.0, 0.0, 0.0, 0.0, 0.0, 0.14390243902439023]",201033,56290,109824,1.1506167500010633,1.3719218750020445,343.9699543970037,345.6735339164734,112.58744,1519.16015625,288.17529296875,45,0.504447549632359,"[""DDoS-RSTFINFlood"", ""DDoS-PSHACK_Flood"", ""DDoS-SYN_Flood"", ""DDoS-UDP_Flood"", ""DDoS-TCP_Flood"", ""DDoS-ICMP_Flood"", ""DDoS-SynonymousIP_Flood"", ""DDoS-ACK_Fragmentation"", ""DDoS-UDP_Fragmentation"", ""DDoS-ICMP_Fragmentation"", ""DDoS-SlowLoris"", ""DDoS-HTTP_Flood"", ""DoS-UDP_Flood"", ""DoS-SYN_Flood"", ""DoS-TCP_Flood"", ""DoS-HTTP_Flood"", ""Mirai-greeth_flood"", ""Mirai-greip_flood"", ""Mirai-udpplain"", ""Recon-PingSweep"", ""Recon-OSScan"", ""Recon-PortScan"", ""VulnerabilityScan"", ""Recon-HostDiscovery"", ""DNS_Spoofing"", ""MITM-ArpSpoofing"", ""BenignTraffic"", ""BrowserHijacking"", ""Backdoor_Malware"", ""XSS"", ""Uploading_Attack"", ""SqlInjection"", ""CommandInjection"", ""DictionaryBruteForce""]","[35003, 35009, 35004, 35010, 35007, 35005, 35007, 32090, 32849, 35004, 2714, 3254, 35006, 35013, 35005, 8174, 35008, 35006, 35006, 239, 11159, 9331, 4209, 15215, 20498, 35003, 35004, 646, 397, 417, 147, 603, 598, 1443]",,,,,0.05,,
87865c5d0775,ciciot2023,fine,fedstap,0,,sensitivity,0.597469862034678,0.7747100691852074,0.6372512137925836,0.7761055487777578,0.30374590086857656,0.5533554103755148,0.6475300836497413,"[0.9983988792154508, 0.9988991192954364, 0.9314588753251951, 0.8292634107285829, 0.9728783026421137, 0.9981983785406866, 0.6665999399459513, 0.9854803493449782, 0.9831502612775941, 0.9778800920828746, 0.9568627450980393, 0.8282608695652174, 0.6477830047042338, 0.5421795256679676, 0.5198639047333133, 0.880481513327601, 0.8491642478230408, 0.23814288573143885, 0.993195236665666, 0.21311475409836064, 0.21684475172847265, 0.48251222264009025, 0.9180602006688964, 0.6690465223399356, 0.48120300751879697, 0.5310655327663832, 0.7928171268507404, 0.2430939226519337, 0.30275229357798167, 0.43103448275862066, 0.02631578947368421, 0.27218934911242604, 0.08982035928143713, 0.19852941176470587]",200910,56290,109824,1.4022728600002665,1.0973247700030697,343.81251431799956,345.652024269104,112.58744,1524.2421875,278.40087890625,50,0.6002612238293059,"[""DDoS-RSTFINFlood"", ""DDoS-PSHACK_Flood"", ""DDoS-SYN_Flood"", ""DDoS-UDP_Flood"", ""DDoS-TCP_Flood"", ""DDoS-ICMP_Flood"", ""DDoS-SynonymousIP_Flood"", ""DDoS-ACK_Fragmentation"", ""DDoS-UDP_Fragmentation"", ""DDoS-ICMP_Fragmentation"", ""DDoS-SlowLoris"", ""DDoS-HTTP_Flood"", ""DoS-UDP_Flood"", ""DoS-SYN_Flood"", ""DoS-TCP_Flood"", ""DoS-HTTP_Flood"", ""Mirai-greeth_flood"", ""Mirai-greip_flood"", ""Mirai-udpplain"", ""Recon-PingSweep"", ""Recon-OSScan"", ""Recon-PortScan"", ""VulnerabilityScan"", ""Recon-HostDiscovery"", ""DNS_Spoofing"", ""MITM-ArpSpoofing"", ""BenignTraffic"", ""BrowserHijacking"", ""Backdoor_Malware"", ""XSS"", ""Uploading_Attack"", ""SqlInjection"", ""CommandInjection"", ""DictionaryBruteForce""]","[35016, 35019, 35013, 35016, 35017, 35017, 35016, 32101, 32860, 35018, 2725, 3263, 35019, 35016, 35017, 8183, 35019, 35014, 35018, 248, 11167, 9339, 4216, 15222, 20501, 35009, 35009, 651, 400, 420, 149, 605, 597, 1448]",,,,,0.5,,
d2beda2bb140,ciciot2023,fine,fedstap,0,,sensitivity,0.6067966572257614,0.7858643382682371,0.6419683437127353,0.791322528716892,0.30313113255235075,0.5710070972451474,0.6667016111053815,"[0.9989991993594876, 0.9980982884596137, 0.9312381143028726, 0.848263437093384, 0.9492543288960064, 0.9978978978978978, 0.6907835484839387, 0.9850387681555094, 0.9882679180887372, 0.9772818254603683, 0.9477806788511749, 0.8366013071895425, 0.71414272845561, 0.5584584584584584, 0.5793213892503253, 0.845888936719759, 0.6218596737063357, 0.487641348944261, 0.9929950965675973, 0.16129032258064516, 0.18407803650094398, 0.49059443190368696, 0.9330543933054394, 0.6497695852534562, 0.429890560875513, 0.6049024512256128, 0.8044217687074829, 0.21978021978021978, 0.28440366972477066, 0.20175438596491227, 0.02564102564102564, 0.3668639053254438, 0.20359281437125748, 0.3170731707317073]",200882,56290,109824,1.4410650750005516,1.3174139300008392,341.61973633800153,343.53605246543884,112.58744,1528.2265625,275.89306640625,40,0.6055178055527426,"[""DDoS-RSTFINFlood"", ""DDoS-PSHACK_Flood"", ""DDoS-SYN_Flood"", ""DDoS-UDP_Flood"", ""DDoS-TCP_Flood"", ""DDoS-ICMP_Flood"", ""DDoS-SynonymousIP_Flood"", ""DDoS-ACK_Fragmentation"", ""DDoS-UDP_Fragmentation"", ""DDoS-ICMP_Fragmentation"", ""DDoS-SlowLoris"", ""DDoS-HTTP_Flood"", ""DoS-UDP_Flood"", ""DoS-SYN_Flood"", ""DoS-TCP_Flood"", ""DoS-HTTP_Flood"", ""Mirai-greeth_flood"", ""Mirai-greip_flood"", ""Mirai-udpplain"", ""Recon-PingSweep"", ""Recon-OSScan"", ""Recon-PortScan"", ""VulnerabilityScan"", ""Recon-HostDiscovery"", ""DNS_Spoofing"", ""MITM-ArpSpoofing"", ""BenignTraffic"", ""BrowserHijacking"", ""Backdoor_Malware"", ""XSS"", ""Uploading_Attack"", ""SqlInjection"", ""CommandInjection"", ""DictionaryBruteForce""]","[35016, 35019, 35019, 35019, 35018, 35019, 35015, 32104, 32863, 35016, 2725, 3266, 35017, 35021, 35016, 8187, 35020, 35015, 35015, 248, 11173, 9342, 4216, 15225, 20511, 35010, 35009, 650, 399, 424, 148, 606, 598, 1445]",,,,,1.0,,
64599875ef61,ciciot2023,fine,fedstap,1,,sensitivity,0.43842393884845876,0.6338246046865595,0.49470830464730886,0.5696699912253702,0.1491904120689328,0.4020791393656903,0.5714814239603199,"[0.9990998199639928, 0.9794938481544463, 0.0018003600720144029, 0.0006002400960384153, 0.9555911182236447, 0.9985997199439888, 0.9658829414707354, 0.9777389786119598, 0.9851828163308816, 0.9716971697169717, 0.5914396887159533, 0.8004314994606256, 0.8538415366146459, 0.22944588917783557, 0.10952190438087618, 0.38927038626609445, 0.9938987797559512, 0.0, 0.96999699969997, 0.2, 0.3238065326633166, 0.17536612842658655, 0.7896494156928213, 0.72819332566168, 0.40509140611652145, 0.06800680068006801, 0.8051610322064413, 0.0, 0.09821428571428571, 0.0, 0.0, 0.0, 0.2994011976047904, 0.15365853658536585]",201043,56290,109824,1.1394214099982491,1.1513694999985091,343.6277735450003,345.2734417915344,112.58744,1514.5625,285.658203125,45,0.43930309355791364,"[""DDoS-RSTFINFlood"", ""DDoS-PSHACK_Flood"", ""DDoS-SYN_Flood"", ""DDoS-UDP_Flood"", ""DDoS-TCP_Flood"", ""DDoS-ICMP_Flood"", ""DDoS-SynonymousIP_Flood"", ""DDoS-ACK_Fragmentation"", ""DDoS-UDP_Fragmentation"", ""DDoS-ICMP_Fragmentation"", ""DDoS-SlowLoris"", ""DDoS-HTTP_Flood"", ""DoS-UDP_Flood"", ""DoS-SYN_Flood"", ""DoS-TCP_Flood"", ""DoS-HTTP_Flood"", ""Mirai-greeth_flood"", ""Mirai-greip_flood"", ""Mirai-udpplain"", ""Recon-PingSweep"", ""Recon-OSScan"", ""Recon-PortScan"", ""VulnerabilityScan"", ""Recon-HostDiscovery"", ""DNS_Spoofing"", ""MITM-ArpSpoofing"", ""BenignTraffic"", ""BrowserHijacking"", ""Backdoor_Malware"", ""XSS"", ""Uploading_Attack"", ""SqlInjection"", ""CommandInjection"", ""DictionaryBruteForce""]","[35004, 35006, 35004, 35008, 35004, 35006, 35010, 32091, 32852, 35002, 2712, 3250, 35007, 35006, 35004, 8174, 35005, 35006, 35003, 241, 11161, 9330, 4212, 15215, 20499, 35002, 35004, 646, 394, 418, 145, 603, 596, 1443]",,,,,0.05,,
db00ecb22387,ciciot2023,fine,fedstap,1,,sensitivity,0.6027718031960498,0.7911013110608941,0.6252182299024532,0.7932724737880527,0.2086771634171291,0.567637773977825,0.6678601741092707,"[0.9983985587028326, 0.9982984686217596, 0.9102102102102102, 0.8320656525220176, 0.947241966162779, 0.998699219531719, 0.6709038134320888, 0.9844944310984931, 0.9847499200170631, 0.9789810829746772, 0.9530026109660574, 0.8636859323882224, 0.6735388310648519, 0.5619495596477182, 0.574759807846277, 0.858555460017197, 0.4300150075037519, 0.824194516710026, 0.9948969381628977, 0.4666666666666667, 0.28472658705216847, 0.44620015048908956, 0.9197994987468672, 0.7387096774193549, 0.5465891605402633, 0.5896769030709212, 0.767983991995998, 0.11538461538461539, 0.0, 0.017094017094017096, 0.0, 0.1301775147928994, 0.005988023952095809, 0.1897810218978102]",200906,56290,109824,1.5267371799973262,1.6873191399963616,337.9928364139978,340.00245475769043,112.58744,1523.49609375,281.3359375,50,0.6028141659060956,"[""DDoS-RSTFINFlood"", ""DDoS-PSHACK_Flood"", ""DDoS-SYN_Flood"", ""DDoS-UDP_Flood"", ""DDoS-TCP_Flood"", ""DDoS-ICMP_Flood"", ""DDoS-SynonymousIP_Flood"", ""DDoS-ACK_Fragmentation"", ""DDoS-UDP_Fragmentation"", ""DDoS-ICMP_Fragmentation"", ""DDoS-SlowLoris"", ""DDoS-HTTP_Flood"", ""DoS-UDP_Flood"", ""DoS-SYN_Flood"", ""DoS-TCP_Flood"", ""DoS-HTTP_Flood"", ""Mirai-greeth_flood"", ""Mirai-greip_flood"", ""Mirai-udpplain"", ""Recon-PingSweep"", ""Recon-OSScan"", ""Recon-PortScan"", ""VulnerabilityScan"", ""Recon-HostDiscovery"", ""DNS_Spoofing"", ""MITM-ArpSpoofing"", ""BenignTraffic"", ""BrowserHijacking"", ""Backdoor_Malware"", ""XSS"", ""Uploading_Attack"", ""SqlInjection"", ""CommandInjection"", ""DictionaryBruteForce""]","[35017, 35020, 35019, 35014, 35022, 35013, 35019, 32105, 32862, 35018, 2724, 3269, 35018, 35017, 35016, 8183, 35012, 35015, 35015, 249, 11167, 9342, 4216, 15225, 20508, 35008, 35010, 648, 397, 418, 146, 604, 597, 1443]",,,,,0.5,,
051eb1cf8274,ciciot2023,fine,fedstap,1,,sensitivity,0.6067280214962275,0.7820743823043383,0.6392809324029632,0.7872840861237996,0.28655720126978507,0.6040946809186301,0.6887491393118199,"[0.9988990091081974, 0.9985990193135195, 0.9320456365092074, 0.8229583666933546, 0.9627702161729383, 0.9989990991892703, 0.6828780146102271, 0.9824178224309271, 0.9862429348405674, 0.9797797797797798, 0.954367666232073, 0.9011943539630836, 0.6537922753652191, 0.5501951756580923, 0.5214171337069655, 0.8452278589853827, 0.6705023013808284, 0.47543280296207346, 0.9947968781268761, 0.47540983606557374, 0.2826155297076391, 0.40466340729597594, 0.9389632107023411, 0.7084581700852731, 0.4899982903060352, 0.5916549929957975, 0.782034610383115, 0.18681318681318682, 0.05454545454545454, 0.3247863247863248, 0.0, 0.2958579881656805, 0.1377245508982036, 0.14950980392156862]",200908,56290,109824,1.1306781700022839,1.1538847300016641,345.50380667399895,347.22359323501587,112.58744,1529.25,277.25048828125,50,0.6051282691977549,"[""DDoS-RSTFINFlood"", ""DDoS-PSHACK_Flood"", ""DDoS-SYN_Flood"", ""DDoS-UDP_Flood"", ""DDoS-TCP_Flood"", ""DDoS-ICMP_Flood"", ""DDoS-SynonymousIP_Flood"", ""DDoS-ACK_Fragmentation"", ""DDoS-UDP_Fragmentation"", ""DDoS-ICMP_Fragmentation"", ""DDoS-SlowLoris"", ""DDoS-HTTP_Flood"", ""DoS-UDP_Flood"", ""DoS-SYN_Flood"", ""DoS-TCP_Flood"", ""DoS-HTTP_Flood"", ""Mirai-greeth_flood"", ""Mirai-greip_flood"", ""Mirai-udpplain"", ""Recon-PingSweep"", ""Recon-OSScan"", ""Recon-PortScan"", ""VulnerabilityScan"", ""Recon-HostDiscovery"", ""DNS_Spoofing"", ""MITM-ArpSpoofing"", ""BenignTraffic"", ""BrowserHijacking"", ""Backdoor_Malware"", ""XSS"", ""Uploading_Attack"", ""SqlInjection"", ""CommandInjection"", ""DictionaryBruteForce""]","[35018, 35017, 35017, 35017, 35016, 35018, 35015, 32105, 32862, 35019, 2723, 3262, 35013, 35017, 35019, 8184, 35013, 35015, 35015, 251, 11169, 9340, 4218, 15226, 20509, 35012, 35006, 648, 397, 419, 148, 604, 597, 1447]",,,,,1.0,,
0e63f0761a1a,ciciot2023,fine,fedstap,2,,sensitivity,0.451714473659099,0.6693959985275536,0.4906180888385651,0.6386425255530689,0.11818039803782085,0.49853921865981954,0.6029222146234096,"[0.9988994497248624, 0.9985994397759104, 0.0, 0.00010003000900270081, 0.8492396958783514, 0.9986997399479896, 0.5494648394518356, 0.9830822964418249, 0.9721778062040294, 0.9814907453726863, 0.8780804150453956, 0.8551351351351352, 0.9964989496849055, 0.5454545454545454, 0.5361144457783114, 0.2881646655231561, 0.665766306522609, 0.4317295188556567, 0.9931965982991495, 0.0, 0.6617462311557789, 0.048459804658151764, 0.3486238532110092, 0.005293440736478711, 0.7141148325358851, 0.5279055811162232, 0.6674334866973395, 0.005494505494505495, 0.0, 0.0, 0.0, 0.0, 0.0, 0.18004866180048662]",201026,56290,109824,1.3425946699999258,1.147690809998494,337.6809751019955,339.4207808971405,112.58744,1522.0078125,288.71630859375,35,0.4501296193875374,"[""DDoS-RSTFINFlood"", ""DDoS-PSHACK_Flood"", ""DDoS-SYN_Flood"", ""DDoS-UDP_Flood"", ""DDoS-TCP_Flood"", ""DDoS-ICMP_Flood"", ""DDoS-SynonymousIP_Flood"", ""DDoS-ACK_Fragmentation"", ""DDoS-UDP_Fragmentation"", ""DDoS-ICMP_Fragmentation"", ""DDoS-SlowLoris"", ""DDoS-HTTP_Flood"", ""DoS-UDP_Flood"", ""DoS-SYN_Flood"", ""DoS-TCP_Flood"", ""DoS-HTTP_Flood"", ""Mirai-greeth_flood"", ""Mirai-greip_flood"", ""Mirai-udpplain"", ""Recon-PingSweep"", ""Recon-OSScan"", ""Recon-PortScan"", ""VulnerabilityScan"", ""Recon-HostDiscovery"", ""DNS_Spoofing"", ""MITM-ArpSpoofing"", ""BenignTraffic"", ""BrowserHijacking"", ""Backdoor_Malware"", ""XSS"", ""Uploading_Attack"", ""SqlInjection"", ""CommandInjection"", ""DictionaryBruteForce""]","[35012, 35007, 35004, 35006, 35010, 35005, 35006, 32096, 32852, 35010, 2713, 3253, 35006, 35003, 35007, 8170, 35008, 35006, 35008, 239, 11162, 9332, 4209, 15214, 20503, 35004, 35004, 648, 395, 416, 145, 602, 596, 1442]",,,,,0.05,,
57487754956f,ciciot2023,fine,fedstap,2,,sensitivity,0.6062573722069957,0.7848140958638197,0.6376473804173107,0.7872237962848162,0.2859471018294807,0.5565907695667309,0.650084637182072,"[0.999099369558691, 0.9987987987987988, 0.9321525067547283, 0.9144486692015209, 0.9756805444355484, 0.9986993496748374, 0.6668334667734187, 0.9844978165938865, 0.9854964274288152, 0.9790853597518263, 0.9595827900912647, 0.8391304347826087, 0.5859515709425656, 0.5577904533173221, 0.5060554499049145, 0.830895008605852, 0.4215794214793314, 0.7819037133420078, 0.9943966379827897, 0.3220338983050847, 0.21918238993710693, 0.4269071777527245, 0.934001670843776, 0.7220175034546292, 0.46411483253588515, 0.5818654923939152, 0.8059029514757379, 0.25274725274725274, 0.2018348623853211, 0.24347826086956523, 0.0, 0.21893491124260356, 0.16167664670658682, 0.21323529411764705]",200910,56290,109824,1.3631113949986684,1.7110731049979222,338.71888453900283,340.7106053829193,112.58744,1527.03515625,277.51171875,45,0.6147415302377401,"[""DDoS-RSTFINFlood"", ""DDoS-PSHACK_Flood"", ""DDoS-SYN_Flood"", ""DDoS-UDP_Flood"", ""DDoS-TCP_Flood"", ""DDoS-ICMP_Flood"", ""DDoS-SynonymousIP_Flood"", ""DDoS-ACK_Fragmentation"", ""DDoS-UDP_Fragmentation"", ""DDoS-ICMP_Fragmentation"", ""DDoS-SlowLoris"", ""DDoS-HTTP_Flood"", ""DoS-UDP_Flood"", ""DoS-SYN_Flood"", ""DoS-TCP_Flood"", ""DoS-HTTP_Flood"", ""Mirai-greeth_flood"", ""Mirai-greip_flood"", ""Mirai-udpplain"", ""Recon-PingSweep"", ""Recon-OSScan"", ""Recon-PortScan"", ""VulnerabilityScan"", ""Recon-HostDiscovery"", ""DNS_Spoofing"", ""MITM-ArpSpoofing"", ""BenignTraffic"", ""BrowserHijacking"", ""Backdoor_Malware"", ""XSS"", ""Uploading_Attack"", ""SqlInjection"", ""CommandInjection"", ""DictionaryBruteForce""]","[35017, 35020, 35016, 35013, 35016, 35012, 35016, 32099, 32860, 35016, 2724, 3264, 35014, 35016, 35019, 8186, 35018, 35020, 35015, 252, 11170, 9338, 4215, 15222, 20503, 35014, 35010, 649, 399, 422, 149, 606, 597, 1447]",,,,,0.5,,
dd84cd39a5bc,ciciot2023,fine,fedstap,2,,sensitivity,0.6143353306555308,0.7922922225319581,0.6376825138389158,0.7946685993692256,0.24707077306401187,0.5679743214925245,0.6804812464323775,"[0.9988990091081974, 0.999099369558691, 0.9376438794915424, 0.8496646982284055, 0.9578620758682814, 0.9985987388649785, 0.6886197577820038, 0.9853711790393013, 0.9882679180887372, 0.9785850095066546, 0.9698952879581152, 0.8478260869565217, 0.706294406084259, 0.5488842189532673, 0.5628628628628629, 0.8722030981067126, 0.6002002002002002, 0.5735161645480933, 0.9947953157842058, 0.45, 0.23906888958792072, 0.5423409860745201, 0.9372384937238494, 0.7797235023041474, 0.5155608755129959, 0.5820328131252501, 0.7724089635854342, 0.24861878453038674, 0.045454545454545456, 0.0603448275862069, 0.0, 0.14201183431952663, 0.11904761904761904, 0.1882640586797066]",200888,56290,109824,1.6274567000027673,1.2160848250005074,342.70920641599696,344.6001353263855,112.58744,1527.1796875,276.58837890625,45,0.61200597939867,"[""DDoS-RSTFINFlood"", ""DDoS-PSHACK_Flood"", ""DDoS-SYN_Flood"", ""DDoS-UDP_Flood"", ""DDoS-TCP_Flood"", ""DDoS-ICMP_Flood"", ""DDoS-SynonymousIP_Flood"", ""DDoS-ACK_Fragmentation"", ""DDoS-UDP_Fragmentation"", ""DDoS-ICMP_Fragmentation"", ""DDoS-SlowLoris"", ""DDoS-HTTP_Flood"", ""DoS-UDP_Flood"", ""DoS-SYN_Flood"", ""DoS-TCP_Flood"", ""DoS-HTTP_Flood"", ""Mirai-greeth_flood"", ""Mirai-greip_flood"", ""Mirai-udpplain"", ""Recon-PingSweep"", ""Recon-OSScan"", ""Recon-PortScan"", ""VulnerabilityScan"", ""Recon-HostDiscovery"", ""DNS_Spoofing"", ""MITM-ArpSpoofing"", ""BenignTraffic"", ""BrowserHijacking"", ""Backdoor_Malware"", ""XSS"", ""Uploading_Attack"", ""SqlInjection"", ""CommandInjection"", ""DictionaryBruteForce""]","[35018, 35016, 35017, 35021, 35020, 35018, 35016, 32102, 32864, 35015, 2728, 3265, 35017, 35016, 35020, 8186, 35020, 35021, 35017, 251, 11171, 9343, 4219, 15225, 20508, 35009, 35009, 651, 399, 420, 146, 606, 597, 1446]",,,,,1.0,,
9c8faf4b4063,edgeiiot,fine,fedavg,0,,sensitivity,0.46214861271094915,0.5672784100016028,0.48488566461596067,0.5259784417662686,0.32560082999746065,0.2407212872874698,0.549055479556041,"[0.8409761464219633, 0.2921230307576894, 0.8576370997423629, 0.09210789210789211, 0.6315681022048217, 0.9395609804114579, 0.7143806044503487, 0.32128295732536016, 0.1413405495420483, 0.022736378205128204, 0.588022715539494, 0.8322483725588382, 0.9993001399720056, 0.0, 0.0]",124780,67599,132480,1.648082544998033,1.5152006999960577,202.61729583799752,204.4131247997284,135.198,1537.83984375,337.79931640625,50,0.46369596993381623,"[""Normal"", ""DDoS_UDP"", ""DDoS_ICMP"", ""DDoS_TCP"", ""DDoS_HTTP"", ""SQL_injection"", ""XSS"", ""Uploading"", ""Backdoor"", ""Password"", ""Ransomware"", ""Port_Scanning"", ""Vulnerability_scanner"", ""Fingerprinting"", ""MITM""]","[70007, 70010, 47563, 35050, 33986, 35591, 10551, 25772, 16821, 34958, 6785, 13987, 35025, 600, 254]",,,,,0.05,,
ecb06a7e240f,edgeiiot,fine,fedavg,0,,sensitivity,0.7704058036801357,0.8706423783714442,0.7739796314897356,0.8650478828366076,0.5108265340597702,0.6588342328635085,0.7629356706497521,"[1.0, 1.0, 1.0, 0.8461769115442279, 0.9006288011545202, 0.7661187124716999, 0.5567010309278351, 0.5070709817786239, 0.9649927068139196, 0.706312625250501, 0.017089590885551526, 0.9944875970934602, 0.8806, 0.5149700598802395, 0.9545454545454546]",124724,67599,132480,1.4706440050031233,1.3344640399918717,204.58679188200767,206.35550141334534,135.198,1532.46484375,324.35888671875,30,0.768404039589148,"[""Normal"", ""DDoS_UDP"", ""DDoS_ICMP"", ""DDoS_TCP"", ""DDoS_HTTP"", ""SQL_injection"", ""XSS"", ""Uploading"", ""Backdoor"", ""Password"", ""Ransomware"", ""Port_Scanning"", ""Vulnerability_scanner"", ""Fingerprinting"", ""MITM""]","[70017, 70017, 47573, 35060, 33998, 35592, 10558, 25780, 16832, 34968, 6795, 13993, 35029, 604, 260]",,,,,0.5,,
14f9bbd29307,edgeiiot,fine,fedavg,0,,sensitivity,0.8160697399718922,0.8875972099735429,0.8131191015066074,0.8872625359865991,0.6328408902390523,0.7290175865360153,0.803613819861569,"[0.9999499774898705, 0.9997999299754914, 1.0, 0.9217469518289026, 0.9270253555967841, 0.6643032988675529, 0.7502494180246092, 0.759075458871516, 0.8145833333333333, 0.7071020735249924, 0.26632124352331604, 0.9997493734335839, 0.8720872087208721, 0.514792899408284, 1.0]",124730,67599,132480,1.1985507200006396,1.1876679250053712,203.2101383589943,204.8296937942505,135.198,1539.0546875,320.953125,45,0.8106906591184132,"[""Normal"", ""DDoS_UDP"", ""DDoS_ICMP"", ""DDoS_TCP"", ""DDoS_HTTP"", ""SQL_injection"", ""XSS"", ""Uploading"", ""Backdoor"", ""Password"", ""Ransomware"", ""Port_Scanning"", ""Vulnerability_scanner"", ""Fingerprinting"", ""MITM""]","[70018, 70016, 47572, 35058, 33995, 35598, 10561, 25778, 16829, 34963, 6798, 13995, 35031, 601, 255]",,,,,1.0,,
3679e8174c6f,edgeiiot,fine,fedavg,1,,sensitivity,0.47026814325504457,0.4990103135743307,0.5235534117162262,0.48998387041406555,0.536866557479473,0.2351404828473794,0.5648513095056282,"[0.055261052210442085, 0.5620124024804961, 0.8058888479941112, 0.999000999000999, 0.12332577786935917, 0.029125258289875038, 0.9256308100929614, 0.8911832631435946, 0.0, 0.7370318445824153, 0.6182851239669421, 0.9240791781508394, 0.578926322103369, 0.6035502958579881, 0.0]",124787,67599,132480,1.4152224999997998,1.4698836099887558,199.3451435949719,201.1015591621399,135.198,1532.0390625,330.17333984375,40,0.4728036948284152,"[""Normal"", ""DDoS_UDP"", ""DDoS_ICMP"", ""DDoS_TCP"", ""DDoS_HTTP"", ""SQL_injection"", ""XSS"", ""Uploading"", ""Backdoor"", ""Password"", ""Ransomware"", ""Port_Scanning"", ""Vulnerability_scanner"", ""Fingerprinting"", ""MITM""]","[70009, 70008, 47564, 35048, 33988, 35583, 10549, 25767, 16822, 34955, 6786, 13992, 35022, 600, 253]",,,,,0.05,,
00f59d7d7ae0,edgeiiot,fine,fedavg,1,,sensitivity,0.7427226377451038,0.8504349220347136,0.7348882267541244,0.8412925924849647,0.4186737368397868,0.6167432318879144,0.7467797696520494,"[1.0, 1.0, 0.9998526920527362, 0.9330267892842863, 0.977321925574683, 0.8340387833448174, 0.3271276595744681, 0.47648178357803156, 0.948947697436966, 0.36719767558360883, 0.09161490683229814, 0.9822099724379855, 0.8295511346596022, 0.39880952380952384, 0.8571428571428571]",124735,67599,132480,1.1523616549857252,1.1645395400046255,206.33618569600003,207.91541647911072,135.198,1528.10546875,317.64697265625,20,0.7287956110066678,"[""Normal"", ""DDoS_UDP"", ""DDoS_ICMP"", ""DDoS_TCP"", ""DDoS_HTTP"", ""SQL_injection"", ""XSS"", ""Uploading"", ""Backdoor"", ""Password"", ""Ransomware"", ""Port_Scanning"", ""Vulnerability_scanner"", ""Fingerprinting"", ""MITM""]","[70014, 70017, 47578, 35061, 33997, 35592, 10557, 25775, 16831, 34966, 6794, 13993, 35024, 603, 254]",,,,,0.5,,
4dbfb167f4df,edgeiiot,fine,fedavg,1,,sensitivity,0.7828291408536665,0.8622799140502229,0.7790219413082462,0.862170725846301,0.5948907304499369,0.6692940786250102,0.7813219385393465,"[1.0, 1.0, 1.0, 0.9149340263894442, 0.8614861383077399, 0.7058476077968104, 0.6217564870259481, 0.7231062151502788, 0.7270264638466347, 0.4807615230460922, 0.39668565510098397, 0.9974937343358395, 0.8951104889511049, 0.3905325443786982, 0.9705882352941176]",124724,67599,132480,1.132918069997686,1.1324503850119072,207.10191781301182,208.7215964794159,135.198,1534.22265625,315.9287109375,45,0.7818108476363912,"[""Normal"", ""DDoS_UDP"", ""DDoS_ICMP"", ""DDoS_TCP"", ""DDoS_HTTP"", ""SQL_injection"", ""XSS"", ""Uploading"", ""Backdoor"", ""Password"", ""Ransomware"", ""Port_Scanning"", ""Vulnerability_scanner"", ""Fingerprinting"", ""MITM""]","[70018, 70019, 47574, 35062, 33994, 35594, 10563, 25781, 16832, 34967, 6796, 13995, 35028, 601, 256]",,,,,1.0,,
a95c7d097390,edgeiiot,fine,fedavg,2,,sensitivity,0.6390056045100359,0.7171683174664231,0.6359075566678469,0.7060148060123891,0.4490409178326583,0.3177609427609428,0.6156725987056957,"[0.8719243848769754, 0.4948742311346702, 0.9991166728008833, 1.0, 0.0, 0.9788469106650924, 0.7188434695912264, 0.0, 0.6009575353871773, 0.9080528846153846, 0.8110480123902942, 0.9972444889779559, 0.8914325702289313, 0.26627218934911245, 0.0]",124788,67599,132480,1.2280146650118695,1.2309598999854643,207.87642447398684,209.53765439987183,135.198,1537.94921875,338.91845703125,50,0.6382100554644924,"[""Normal"", ""DDoS_UDP"", ""DDoS_ICMP"", ""DDoS_TCP"", ""DDoS_HTTP"", ""SQL_injection"", ""XSS"", ""Uploading"", ""Backdoor"", ""Password"", ""Ransomware"", ""Port_Scanning"", ""Vulnerability_scanner"", ""Fingerprinting"", ""MITM""]","[70007, 70008, 47564, 35046, 33985, 35581, 10555, 25770, 16821, 34959, 6785, 13990, 35023, 601, 251]",,,,,0.05,,
90feb5f6710e,edgeiiot,fine,fedavg,2,,sensitivity,0.7531595030980032,0.8563503134670579,0.7473527430248198,0.8476604246269299,0.47969055038596586,0.6134038845154198,0.7448470460831654,"[1.0, 1.0, 0.9998527245949926, 1.0, 0.945675703535718, 0.6201397775371592, 0.6815307820299501, 0.3141653072321914, 0.9643824203290982, 0.6559807653776798, 0.0, 0.9659147869674185, 0.8254174582541746, 0.4431137724550898, 0.7941176470588235]",124734,67599,132480,1.4494552650103287,1.2906895400010399,206.0074701320009,207.72760677337646,135.198,1538.55859375,324.376953125,20,0.7610428198189079,"[""Normal"", ""DDoS_UDP"", ""DDoS_ICMP"", ""DDoS_TCP"", ""DDoS_HTTP"", ""SQL_injection"", ""XSS"", ""Uploading"", ""Backdoor"", ""Password"", ""Ransomware"", ""Port_Scanning"", ""Vulnerability_scanner"", ""Fingerprinting"", ""MITM""]","[70018, 70016, 47573, 35057, 33995, 35593, 10563, 25775, 16828, 34962, 6790, 13994, 35026, 604, 257]",,,,,0.5,,
41ce6b83fd66,edgeiiot,fine,fedavg,2,,sensitivity,0.7573242395411266,0.8264892167080895,0.7656904733451457,0.8277394709837964,0.6932749892992407,0.6721670487071,0.7704821778463543,"[0.9322695212845781, 1.0, 0.9987481590574374, 0.8313180773458579, 0.9797979797979798, 0.5359251968503937, 0.5056553559547572, 0.7593473827328348, 0.34507188997707855, 0.4818637274549098, 0.7408173823072943, 1.0, 0.8479152084791521, 0.5266272189349113, 1.0]",124730,67599,132480,1.1527120650134748,1.419806845005951,210.03942240898687,211.70627522468567,135.198,1527.8046875,315.103515625,45,0.7534730974121288,"[""Normal"", ""DDoS_UDP"", ""DDoS_ICMP"", ""DDoS_TCP"", ""DDoS_HTTP"", ""SQL_injection"", ""XSS"", ""Uploading"", ""Backdoor"", ""Password"", ""Ransomware"", ""Port_Scanning"", ""Vulnerability_scanner"", ""Fingerprinting"", ""MITM""]","[70020, 70019, 47574, 35057, 33997, 35592, 10563, 25779, 16832, 34968, 6793, 13996, 35027, 601, 257]",,,,,1.0,,
bc1399c5a284,edgeiiot,fine,statavg,0,,sensitivity,0.5658665809715111,0.7545119410161885,0.6107388741781459,0.7292915350368127,0.2893425363239624,0.39656367207083476,0.6585260935919663,"[0.9998499774966245, 1.0, 0.9998527788001472, 1.0, 0.3695652173913043, 0.0, 0.6612421122550648, 0.9690133188366404, 0.7221065778517902, 0.06320112179487179, 0.49612803304078473, 1.0, 0.880123975204959, 0.0, 0.0]",124780,67599,132480,1.3810846399974253,1.3521673099967302,206.3920034719995,208.14724206924438,135.21328,1538.42578125,337.79931640625,40,0.5647985738275013,"[""Normal"", ""DDoS_UDP"", ""DDoS_ICMP"", ""DDoS_TCP"", ""DDoS_HTTP"", ""SQL_injection"", ""XSS"", ""Uploading"", ""Backdoor"", ""Password"", ""Ransomware"", ""Port_Scanning"", ""Vulnerability_scanner"", ""Fingerprinting"", ""MITM""]","[70007, 70010, 47563, 35050, 33986, 35591, 10551, 25772, 16821, 34958, 6785, 13987, 35025, 600, 254]",,,,,0.05,,
9fa0a215ffc6,edgeiiot,fine,statavg,0,,sensitivity,0.8286601253726604,0.889860812674385,0.8222874860579689,0.8876109043667552,0.7333531539144321,0.7322259490543078,0.8396772007360477,"[1.0, 1.0, 1.0, 0.9999000499750125, 0.9935058241418411, 0.9983266069495029, 0.6155636847356168, 0.6183029643731303, 0.4671806626380496, 0.44178356713426853, 0.8451579492490937, 1.0, 0.8819, 0.5029940119760479, 0.9696969696969697]",124724,67599,132480,1.1853893449915631,1.2102175149993855,201.08384754098734,202.74409890174866,135.21328,1533.13671875,324.35888671875,50,0.8293176863444912,"[""Normal"", ""DDoS_UDP"", ""DDoS_ICMP"", ""DDoS_TCP"", ""DDoS_HTTP"", ""SQL_injection"", ""XSS"", ""Uploading"", ""Backdoor"", ""Password"", ""Ransomware"", ""Port_Scanning"", ""Vulnerability_scanner"", ""Fingerprinting"", ""MITM""]","[70017, 70017, 47573, 35060, 33998, 35592, 10558, 25780, 16832, 34968, 6795, 13993, 35029, 604, 260]",,,,,0.5,,
61c70eaff278,edgeiiot,fine,statavg,0,,sensitivity,0.8688601559444515,0.9311873647077687,0.8564214862824264,0.9299241563597183,0.6463005034731124,0.8083582658345332,0.8633195544999627,"[0.9999499774898705, 1.0, 0.9999263677196083, 1.0, 0.9711399711399712, 0.7443623830625308, 0.7336215497173263, 0.8934058463630183, 0.8625, 0.8795953120304517, 0.33678756476683935, 0.9997493734335839, 0.9104910491049105, 0.514792899408284, 1.0]",124730,67599,132480,1.557040514999244,1.122524535003322,200.99124798298362,202.673654794693,135.21328,1538.8359375,320.953125,45,0.8659950990015903,"[""Normal"", ""DDoS_UDP"", ""DDoS_ICMP"", ""DDoS_TCP"", ""DDoS_HTTP"", ""SQL_injection"", ""XSS"", ""Uploading"", ""Backdoor"", ""Password"", ""Ransomware"", ""Port_Scanning"", ""Vulnerability_scanner"", ""Fingerprinting"", ""MITM""]","[70018, 70016, 47572, 35058, 33995, 35598, 10561, 25778, 16829, 34963, 6798, 13995, 35031, 601, 255]",,,,,1.0,,
b67591c0c8d3,edgeiiot,fine,statavg,1,,sensitivity,0.5083562575154085,0.7378092269226763,0.5942580660525579,0.686980725019579,0.43536940392699175,0.4047244645516261,0.6763783956375717,"[1.0, 1.0, 0.9999263894000736, 0.952947052947053, 0.0001030290541932825, 0.9996064154285152, 0.997675962815405, 0.0, 0.35457006037892985, 0.0, 0.743801652892562, 1.0, 0.8652404278716385, 0.0, 0.0]",124787,67599,132480,1.622086865008896,1.661606705001759,197.43329706497752,199.29444026947021,135.21328,1531.8828125,330.17333984375,50,0.5090207854235247,"[""Normal"", ""DDoS_UDP"", ""DDoS_ICMP"", ""DDoS_TCP"", ""DDoS_HTTP"", ""SQL_injection"", ""XSS"", ""Uploading"", ""Backdoor"", ""Password"", ""Ransomware"", ""Port_Scanning"", ""Vulnerability_scanner"", ""Fingerprinting"", ""MITM""]","[70009, 70008, 47564, 35048, 33988, 35583, 10549, 25767, 16822, 34955, 6786, 13992, 35022, 600, 253]",,,,,0.05,,
382565567ed0,edgeiiot,fine,statavg,1,,sensitivity,0.8387926639294884,0.92003046458492,0.8287773757507797,0.9150533414936505,0.5467485945002424,0.7433984007317909,0.846618581085195,"[1.0, 1.0, 0.9999263460263681, 1.0, 0.9943304813936708, 0.7387538143518063, 0.6240026595744681, 0.8921968461120174, 0.9368618462179621, 0.8189560164312193, 0.07608695652173914, 1.0, 0.8636409077276817, 0.5297619047619048, 0.9571428571428572]",124735,67599,132480,1.4087629800087598,1.2942103450041031,208.27895423700102,210.03557133674622,135.21328,1528.5859375,317.64697265625,30,0.8304729756629948,"[""Normal"", ""DDoS_UDP"", ""DDoS_ICMP"", ""DDoS_TCP"", ""DDoS_HTTP"", ""SQL_injection"", ""XSS"", ""Uploading"", ""Backdoor"", ""Password"", ""Ransomware"", ""Port_Scanning"", ""Vulnerability_scanner"", ""Fingerprinting"", ""MITM""]","[70014, 70017, 47578, 35061, 33997, 35592, 10557, 25775, 16831, 34966, 6794, 13993, 35024, 603, 254]",,,,,0.5,,
bdde1f5cf727,edgeiiot,fine,statavg,1,,sensitivity,0.8578662852715037,0.9196786504602161,0.8558860338020852,0.9198845963625361,0.724533220840898,0.8131919806182053,0.8607105294980558,"[1.0, 1.0, 0.9999263622974963, 1.0, 0.8894156446459858, 0.9187832250443001, 0.9138389886892881, 0.8899768801849586, 0.7295269847884976, 0.6094188376753507, 0.5903676851372346, 1.0, 0.9031096890310969, 0.46745562130177515, 0.9264705882352942]",124724,67599,132480,1.1492391449974093,1.1906683549932495,209.2742289000089,210.88063621520996,135.21328,1533.9453125,315.9287109375,45,0.8580972703956384,"[""Normal"", ""DDoS_UDP"", ""DDoS_ICMP"", ""DDoS_TCP"", ""DDoS_HTTP"", ""SQL_injection"", ""XSS"", ""Uploading"", ""Backdoor"", ""Password"", ""Ransomware"", ""Port_Scanning"", ""Vulnerability_scanner"", ""Fingerprinting"", ""MITM""]","[70018, 70019, 47574, 35062, 33994, 35594, 10563, 25781, 16832, 34967, 6796, 13995, 35028, 601, 256]",,,,,1.0,,
b3a83d1fed65,edgeiiot,fine,statavg,2,,sensitivity,0.3637391719512129,0.6403901016123346,0.45530445864262475,0.5578184061344345,0.2493353273512795,0.20624347055826742,0.5642233714115121,"[1.0, 1.0, 1.0, 0.0, 0.0, 0.0, 0.997341309405118, 0.0, 0.9562864279766861, 0.9997996794871795, 0.0, 0.001002004008016032, 0.8751374587623713, 0.0, 0.0]",124788,67599,132480,1.645776624991413,1.5205746549872856,205.8838251770212,207.69240546226501,135.21328,1539.0859375,338.91845703125,50,0.3640541970812067,"[""Normal"", ""DDoS_UDP"", ""DDoS_ICMP"", ""DDoS_TCP"", ""DDoS_HTTP"", ""SQL_injection"", ""XSS"", ""Uploading"", ""Backdoor"", ""Password"", ""Ransomware"", ""Port_Scanning"", ""Vulnerability_scanner"", ""Fingerprinting"", ""MITM""]","[70007, 70008, 47564, 35046, 33985, 35581, 10555, 25770, 16821, 34959, 6785, 13990, 35023, 601, 251]",,,,,0.05,,
a80fd67b906d,edgeiiot,fine,statavg,2,,sensitivity,0.8150585083499763,0.9137123799445219,0.8159422122817865,0.9062789478126937,0.5266078638455691,0.7075764761532299,0.8287475084552568,"[1.0, 1.0, 0.9997054491899853, 1.0, 0.9170188640346356, 0.9033369426124619, 0.8153078202995009, 0.8881185426862426, 0.9643824203290982, 0.5713283911039871, 0.0, 1.0, 0.8888111188881112, 0.49700598802395207, 0.7941176470588235]",124734,67599,132480,1.1935772649849241,1.163441934986622,206.9044189270062,208.54521679878235,135.21328,1538.27734375,324.376953125,45,0.8232706244360462,"[""Normal"", ""DDoS_UDP"", ""DDoS_ICMP"", ""DDoS_TCP"", ""DDoS_HTTP"", ""SQL_injection"", ""XSS"", ""Uploading"", ""Backdoor"", ""Password"", ""Ransomware"", ""Port_Scanning"", ""Vulnerability_scanner"", ""Fingerprinting"", ""MITM""]","[70018, 70016, 47573, 35057, 33995, 35593, 10563, 25775, 16828, 34962, 6790, 13994, 35026, 604, 257]",,,,,0.5,,
90b48bee41fb,edgeiiot,fine,statavg,2,,sensitivity,0.8720283508853716,0.9260161949811593,0.8720408372225473,0.9271018997179401,0.7816671405636959,0.7949102798724736,0.8706491940074379,"[1.0, 1.0, 1.0, 0.9999000699510343, 0.929911358482787, 0.7328740157480315, 0.9111776447105788, 0.8913664174031272, 0.6374244634298812, 0.8780561122244489, 0.7035695809622349, 1.0, 0.8844115588441156, 0.5266272189349113, 0.9852941176470589]",124730,67599,132480,1.1069512100038992,1.1047037550088135,205.26824546300122,206.80698680877686,135.21328,1527.81640625,315.103515625,40,0.8688656930830347,"[""Normal"", ""DDoS_UDP"", ""DDoS_ICMP"", ""DDoS_TCP"", ""DDoS_HTTP"", ""SQL_injection"", ""XSS"", ""Uploading"", ""Backdoor"", ""Password"", ""Ransomware"", ""Port_Scanning"", ""Vulnerability_scanner"", ""Fingerprinting"", ""MITM""]","[70020, 70019, 47574, 35057, 33997, 35592, 10563, 25779, 16832, 34968, 6793, 13996, 35027, 601, 257]",,,,,1.0,,
6767684737c6,edgeiiot,fine,fedlc,0,,sensitivity,0.329358982067814,0.3486856868087835,0.39393277351768724,0.35215263264996904,0.296827353224033,0.0003443987372046303,0.4462388791231772,"[0.017252587888183228, 0.13948487121780445, 0.18925285241074716, 0.16893106893106893, 0.9538429837214094, 0.9706664041736391, 0.7608767851212221, 0.30565371024734983, 0.9065362198168193, 0.0028044871794871795, 0.42643262777490964, 0.5708562844266399, 0.4964007198560288, 0.0, 0.0]",124780,67599,132480,1.794464414997492,1.5019715550079127,210.1512172390103,212.05178475379944,135.198,1591.13671875,337.79931640625,15,0.3289795375164251,"[""Normal"", ""DDoS_UDP"", ""DDoS_ICMP"", ""DDoS_TCP"", ""DDoS_HTTP"", ""SQL_injection"", ""XSS"", ""Uploading"", ""Backdoor"", ""Password"", ""Ransomware"", ""Port_Scanning"", ""Vulnerability_scanner"", ""Fingerprinting"", ""MITM""]","[70007, 70010, 47563, 35050, 33986, 35591, 10551, 25772, 16821, 34958, 6785, 13987, 35025, 600, 254]",,,,,0.05,,
1e82847d41b8,edgeiiot,fine,fedlc,0,,sensitivity,0.7711323148203817,0.8680526602738847,0.7789006039087876,0.8637142188366931,0.537233051205688,0.6375669938525084,0.7606606249763856,"[0.9965986394557823, 1.0, 0.9667893961708395, 0.7963018490754623, 0.841665807648696, 0.7486957377694655, 0.6734286664449618, 0.574109328256731, 0.9664513440300062, 0.7385771543086173, 0.0, 0.9944875970934602, 0.9109, 0.5209580838323353, 0.9545454545454546]",124724,67599,132480,1.1554870500003744,1.193919845009077,210.60014812000009,212.24934792518616,135.198,1586.328125,324.35888671875,30,0.7700260388319403,"[""Normal"", ""DDoS_UDP"", ""DDoS_ICMP"", ""DDoS_TCP"", ""DDoS_HTTP"", ""SQL_injection"", ""XSS"", ""Uploading"", ""Backdoor"", ""Password"", ""Ransomware"", ""Port_Scanning"", ""Vulnerability_scanner"", ""Fingerprinting"", ""MITM""]","[70017, 70017, 47573, 35060, 33998, 35592, 10558, 25780, 16832, 34968, 6795, 13993, 35029, 604, 260]",,,,,0.5,,
195bfd11d1ae,edgeiiot,fine,fedlc,0,,sensitivity,0.8012017467194846,0.8751062294556241,0.803627452969549,0.8736971874813615,0.6354517064397643,0.7276795193298811,0.7951883589343176,"[0.9982492121454655, 0.9956484769669385, 0.9997791031588248, 0.9217469518289026, 0.9011544011544012, 0.5008370260955195, 0.7638842700365813, 0.7657375934738273, 0.8047916666666667, 0.7179204647901433, 0.25129533678756477, 0.9997493734335839, 0.906990699069907, 0.5266272189349113, 1.0]",124730,67599,132480,1.409116984996217,1.4201363749998563,206.9065044750023,208.73921585083008,135.198,1592.171875,320.953125,45,0.7993926098549301,"[""Normal"", ""DDoS_UDP"", ""DDoS_ICMP"", ""DDoS_TCP"", ""DDoS_HTTP"", ""SQL_injection"", ""XSS"", ""Uploading"", ""Backdoor"", ""Password"", ""Ransomware"", ""Port_Scanning"", ""Vulnerability_scanner"", ""Fingerprinting"", ""MITM""]","[70018, 70016, 47572, 35058, 33995, 35598, 10561, 25778, 16829, 34963, 6798, 13995, 35031, 601, 255]",,,,,1.0,,
4a6f133e6f30,edgeiiot,fine,fedlc,1,,sensitivity,0.354970884217871,0.3813377996105364,0.38096632980735406,0.3867388631218872,0.31752792548813014,0.32510001290489093,0.5118588413778621,"[0.3815263052610522, 0.541508301660332, 0.3129922708870077, 0.06513486513486513, 0.009787760148361838, 0.001279149857325593, 0.9731075697211156, 0.8743377258524657, 0.462211118051218, 0.02763869417184058, 0.297004132231405, 0.9989977449260837, 0.7689693092072378, 0.0, 0.0]",124787,67599,132480,1.4829004100101884,1.3371938599993882,206.1555615980069,207.83958196640015,135.198,1585.57421875,330.17333984375,50,0.3571668778890372,"[""Normal"", ""DDoS_UDP"", ""DDoS_ICMP"", ""DDoS_TCP"", ""DDoS_HTTP"", ""SQL_injection"", ""XSS"", ""Uploading"", ""Backdoor"", ""Password"", ""Ransomware"", ""Port_Scanning"", ""Vulnerability_scanner"", ""Fingerprinting"", ""MITM""]","[70009, 70008, 47564, 35048, 33988, 35583, 10549, 25767, 16822, 34955, 6786, 13992, 35022, 600, 253]",,,,,0.05,,
bec4221214ca,edgeiiot,fine,fedlc,1,,sensitivity,0.7374660716076039,0.8213652944241793,0.739244890926015,0.8093438508195026,0.5166896213272543,0.6662887871193791,0.7481327571168463,"[0.9585855049267243, 1.0, 0.9997053841054725, 0.9296281487405038, 0.8671271002989382, 0.1573973816320504, 0.3048537234042553, 0.5838771071234367, 0.903938320483434, 0.7369001102093978, 0.2261904761904762, 0.9887246304184415, 0.8960311906428071, 0.5357142857142857, 1.0]",124735,67599,132480,1.1430944250059838,1.1134412800129212,207.36854869200397,208.98242330551147,135.198,1580.4609375,317.64697265625,30,0.7228321893600317,"[""Normal"", ""DDoS_UDP"", ""DDoS_ICMP"", ""DDoS_TCP"", ""DDoS_HTTP"", ""SQL_injection"", ""XSS"", ""Uploading"", ""Backdoor"", ""Password"", ""Ransomware"", ""Port_Scanning"", ""Vulnerability_scanner"", ""Fingerprinting"", ""MITM""]","[70014, 70017, 47578, 35061, 33997, 35592, 10557, 25775, 16831, 34966, 6794, 13993, 35024, 603, 254]",,,,,0.5,,
ea848a4ee617,edgeiiot,fine,fedlc,1,,sensitivity,0.7705018441403205,0.8543664411019531,0.767692496464256,0.8521609353082374,0.5744577751704655,0.6655860972263514,0.7752366959215466,"[0.9888455382152861, 1.0, 0.9984536082474227, 0.8743502598960415, 0.8712769246624755, 0.7695412482772199, 0.37558216899534264, 0.7112743098055215, 0.6249218587205668, 0.4461923847695391, 0.4842050750906266, 0.9974937343358395, 0.9352064793520648, 0.46745562130177515, 0.9705882352941176]",124724,67599,132480,1.0966135600028792,1.7524296999908984,210.07005342098637,211.76722240447998,135.198,1587.44140625,315.9287109375,25,0.7709216393644566,"[""Normal"", ""DDoS_UDP"", ""DDoS_ICMP"", ""DDoS_TCP"", ""DDoS_HTTP"", ""SQL_injection"", ""XSS"", ""Uploading"", ""Backdoor"", ""Password"", ""Ransomware"", ""Port_Scanning"", ""Vulnerability_scanner"", ""Fingerprinting"", ""MITM""]","[70018, 70019, 47574, 35062, 33994, 35594, 10563, 25781, 16832, 34967, 6796, 13995, 35028, 601, 256]",,,,,1.0,,
4a169e26ef77,edgeiiot,fine,fedlc,2,,sensitivity,0.2913813491470198,0.34920825720421833,0.3641089964449973,0.2922061749982504,0.33423398443722085,0.001842165112576757,0.5033514048309538,"[0.10692138427685537, 0.36550482572385856, 0.054471843945528155, 0.0005993407252022775, 0.0, 0.760724124360488, 0.7866400797607178, 0.0, 0.992089925062448, 0.9942908653846154, 0.0, 0.000751503006012024, 0.8493451964410677, 0.5502958579881657, 0.0]",124788,67599,132480,1.617029459994228,1.5556946600008814,209.5670960190073,211.35413575172424,135.198,1591.375,338.91845703125,30,0.29139846517219603,"[""Normal"", ""DDoS_UDP"", ""DDoS_ICMP"", ""DDoS_TCP"", ""DDoS_HTTP"", ""SQL_injection"", ""XSS"", ""Uploading"", ""Backdoor"", ""Password"", ""Ransomware"", ""Port_Scanning"", ""Vulnerability_scanner"", ""Fingerprinting"", ""MITM""]","[70007, 70008, 47564, 35046, 33985, 35581, 10555, 25770, 16821, 34959, 6785, 13990, 35023, 601, 251]",,,,,0.05,,
4cfd59306f6f,edgeiiot,fine,fedlc,2,,sensitivity,0.7394428102229469,0.8387769172799718,0.729612043808593,0.830578405880511,0.43739099502817236,0.6107051376204757,0.732291037085754,"[1.0, 0.9959485820037013, 0.9734167893961708, 0.9223465920447731, 0.862900731883311, 0.6262427404272074, 0.44292845257903496, 0.6779499728113105, 0.957092272443241, 0.3603486275295532, 0.015511892450879007, 0.8854636591478696, 0.932906709329067, 0.49700598802395207, 0.7941176470588235]",124734,67599,132480,1.4409347649962,1.4441898450058943,209.5395802519888,211.35594296455383,135.198,1591.64453125,324.376953125,10,0.7473208446487918,"[""Normal"", ""DDoS_UDP"", ""DDoS_ICMP"", ""DDoS_TCP"", ""DDoS_HTTP"", ""SQL_injection"", ""XSS"", ""Uploading"", ""Backdoor"", ""Password"", ""Ransomware"", ""Port_Scanning"", ""Vulnerability_scanner"", ""Fingerprinting"", ""MITM""]","[70018, 70016, 47573, 35057, 33995, 35593, 10563, 25775, 16828, 34962, 6790, 13994, 35026, 604, 257]",,,,,0.5,,
d491fa08a3b9,edgeiiot,fine,fedlc,2,,sensitivity,0.7497826662890166,0.8009300088190492,0.7499386754236792,0.8059305078941906,0.590364583175809,0.59304911033647,0.7347354836385159,"[0.6848081636736532, 1.0, 0.9996318114874816, 0.8401119216548416, 0.8835291692434549, 0.4116141732283465, 0.5249500998003992, 0.7114887831407206, 0.6966034590539696, 0.7144288577154309, 0.3098810139679255, 1.0, 0.9454054594540546, 0.5266272189349113, 1.0]",124730,67599,132480,1.4609705649854732,1.3430927300032636,213.04243567200683,214.80838227272034,135.198,1580.953125,315.103515625,50,0.7480094679404264,"[""Normal"", ""DDoS_UDP"", ""DDoS_ICMP"", ""DDoS_TCP"", ""DDoS_HTTP"", ""SQL_injection"", ""XSS"", ""Uploading"", ""Backdoor"", ""Password"", ""Ransomware"", ""Port_Scanning"", ""Vulnerability_scanner"", ""Fingerprinting"", ""MITM""]","[70020, 70019, 47574, 35057, 33997, 35592, 10563, 25779, 16832, 34968, 6793, 13996, 35027, 601, 257]",,,,,1.0,,
5c59ad9b026b,edgeiiot,fine,scaffold,0,,sensitivity,0.7367096219140253,0.7725597050809424,0.7702101624715697,0.7735416198986683,0.7862990447994117,0.4512726804519492,0.7355286578584647,"[0.9934490173526029, 0.5444361090272568, 0.6555023923444976, 0.5844155844155844, 0.985781990521327, 0.7680874101781672, 0.9983394221188974, 0.455694482196249, 0.6292672772689425, 0.8810096153846154, 0.9101703665462054, 0.9379068602904357, 0.9724055188962207, 0.23668639053254437, 1.0]",124780,67599,132480,1.5921940199950768,1.559037505003289,209.1481676769872,211.2840723991394,270.396,1537.046875,343.244140625,45,0.7322323361117083,"[""Normal"", ""DDoS_UDP"", ""DDoS_ICMP"", ""DDoS_TCP"", ""DDoS_HTTP"", ""SQL_injection"", ""XSS"", ""Uploading"", ""Backdoor"", ""Password"", ""Ransomware"", ""Port_Scanning"", ""Vulnerability_scanner"", ""Fingerprinting"", ""MITM""]","[70007, 70010, 47563, 35050, 33986, 35591, 10551, 25772, 16821, 34958, 6785, 13987, 35025, 600, 254]",,,,,0.05,,
e12ea06e98e0,edgeiiot,fine,scaffold,0,,sensitivity,0.8130906588520567,0.8864212180494532,0.8052034670822324,0.8820019999790856,0.5977758512877667,0.6934730259583741,0.7836696069816895,"[0.999749899959984, 1.0, 0.9994845360824742, 0.9999000499750125, 0.936295227296155, 0.8656363815336156, 0.6674426338543399, 0.5398422627141691, 0.9241508647634924, 0.494689378757515, 0.18228896944588296, 1.0, 0.9272, 0.5868263473053892, 0.9545454545454546]",124724,67599,132480,1.4267684999958874,1.1824416699982976,210.05083026900866,212.04240369796753,270.396,1527.1171875,329.8037109375,50,0.8156298577728821,"[""Normal"", ""DDoS_UDP"", ""DDoS_ICMP"", ""DDoS_TCP"", ""DDoS_HTTP"", ""SQL_injection"", ""XSS"", ""Uploading"", ""Backdoor"", ""Password"", ""Ransomware"", ""Port_Scanning"", ""Vulnerability_scanner"", ""Fingerprinting"", ""MITM""]","[70017, 70017, 47573, 35060, 33998, 35592, 10558, 25780, 16832, 34968, 6795, 13993, 35029, 604, 260]",,,,,0.5,,
939129b5469e,edgeiiot,fine,scaffold,0,,sensitivity,0.8456150640556008,0.9074801571394211,0.8305815232125495,0.9070285428652404,0.6417514023721609,0.7273016775308554,0.8150211596382636,"[0.9999499774898705, 0.9999499824938729, 0.9997791031588248, 1.0, 0.9390847247990105, 0.6326932545544067, 0.7080146325241105, 0.6615907545887152, 0.8475, 0.8993288590604027, 0.40362694300518137, 0.9997493734335839, 0.9120912091209121, 0.5857988165680473, 0.8695652173913043]",124730,67599,132480,1.3970575250004913,1.0904133700023522,207.6915124679981,209.61915063858032,270.396,1531.61328125,326.39794921875,50,0.8489237969599123,"[""Normal"", ""DDoS_UDP"", ""DDoS_ICMP"", ""DDoS_TCP"", ""DDoS_HTTP"", ""SQL_injection"", ""XSS"", ""Uploading"", ""Backdoor"", ""Password"", ""Ransomware"", ""Port_Scanning"", ""Vulnerability_scanner"", ""Fingerprinting"", ""MITM""]","[70018, 70016, 47572, 35058, 33995, 35598, 10561, 25778, 16829, 34963, 6798, 13995, 35031, 601, 255]",,,,,1.0,,
0f991260e711,edgeiiot,fine,scaffold,1,,sensitivity,0.8161938105096562,0.8541594877671552,0.8256716507864291,0.8546079445818424,0.8273647721289845,0.5671656705902343,0.8022289657274543,"[0.9986497299459892, 0.9225845169033807, 0.9731321310268679, 0.9820179820179821, 0.9657943540078302, 0.4816491193545213, 0.852257636122178, 0.9569351990218721, 0.6019154694982303, 0.4921890646905668, 0.6761363636363636, 0.8464044099223252, 0.8543436968909327, 0.7810650887573964, 1.0]",124787,67599,132480,1.5806290450018423,1.47763384999962,203.068106326009,205.18272471427917,270.396,1530.51953125,335.6181640625,50,0.8186372827455382,"[""Normal"", ""DDoS_UDP"", ""DDoS_ICMP"", ""DDoS_TCP"", ""DDoS_HTTP"", ""SQL_injection"", ""XSS"", ""Uploading"", ""Backdoor"", ""Password"", ""Ransomware"", ""Port_Scanning"", ""Vulnerability_scanner"", ""Fingerprinting"", ""MITM""]","[70009, 70008, 47564, 35048, 33988, 35583, 10549, 25767, 16822, 34955, 6786, 13992, 35022, 600, 253]",,,,,0.05,,
d71d1066a148,edgeiiot,fine,scaffold,1,,sensitivity,0.8326130262142541,0.8893253697839419,0.8174081563207992,0.8839362487340626,0.6203034833267257,0.6807271704014429,0.7801334374506927,"[0.9998999649877457, 1.0, 0.9997790380791044, 1.0, 0.9306257086898257, 0.8537257604094891, 0.41356382978723405, 0.6682979880369766, 0.9401958741404459, 0.4328223624887286, 0.4974120082815735, 0.9992483086945627, 0.9553134059782066, 0.6130952380952381, 0.9571428571428572]",124735,67599,132480,1.4303275899965229,1.3168721600050048,211.2950028560008,213.3426055908203,270.396,1523.50390625,323.091796875,50,0.8197005416761217,"[""Normal"", ""DDoS_UDP"", ""DDoS_ICMP"", ""DDoS_TCP"", ""DDoS_HTTP"", ""SQL_injection"", ""XSS"", ""Uploading"", ""Backdoor"", ""Password"", ""Ransomware"", ""Port_Scanning"", ""Vulnerability_scanner"", ""Fingerprinting"", ""MITM""]","[70014, 70017, 47578, 35061, 33997, 35592, 10557, 25775, 16831, 34966, 6794, 13993, 35024, 603, 254]",,,,,0.5,,
7832a1538fe1,edgeiiot,fine,scaffold,1,,sensitivity,0.7843512635124363,0.878996824989577,0.7835360315069401,0.8742435210719507,0.5183620642360154,0.7157352105495052,0.7855197300498663,"[0.9996498599439776, 1.0, 1.0, 1.0, 0.9135318973513347, 0.49064776530813153, 0.6869594145043247, 0.767577859377125, 0.9314440508439258, 0.6659318637274549, 0.09010875194199897, 1.0, 0.9108089191080891, 0.38461538461538464, 0.9117647058823529]",124724,67599,132480,1.1327757449998899,1.2933775700003025,209.16554372799874,211.13576412200928,270.396,1523.66796875,321.37353515625,50,0.7852357707150569,"[""Normal"", ""DDoS_UDP"", ""DDoS_ICMP"", ""DDoS_TCP"", ""DDoS_HTTP"", ""SQL_injection"", ""XSS"", ""Uploading"", ""Backdoor"", ""Password"", ""Ransomware"", ""Port_Scanning"", ""Vulnerability_scanner"", ""Fingerprinting"", ""MITM""]","[70018, 70019, 47574, 35062, 33994, 35594, 10563, 25781, 16832, 34967, 6796, 13995, 35028, 601, 256]",,,,,1.0,,
eeeaf549b081,edgeiiot,fine,scaffold,2,,sensitivity,0.6186319724335423,0.6971503670224701,0.6741285273125257,0.668374158483471,0.6043419488037879,0.4529552141809646,0.6807315242265932,"[0.8224644928985797, 0.9992498874831225, 0.3521531100478469, 0.0034961542303466185, 0.6184196971257855, 0.8754427390791027, 0.5038218677301429, 0.07242831906509037, 0.9993755203996669, 0.9580328525641025, 0.1502323180175529, 0.9979959919839679, 0.9955013495951215, 0.7633136094674556, 1.0]",124788,67599,132480,1.63929396999265,1.5248093100035476,208.14803221400143,210.22448897361755,270.396,1537.89453125,344.36328125,50,0.6209928854934467,"[""Normal"", ""DDoS_UDP"", ""DDoS_ICMP"", ""DDoS_TCP"", ""DDoS_HTTP"", ""SQL_injection"", ""XSS"", ""Uploading"", ""Backdoor"", ""Password"", ""Ransomware"", ""Port_Scanning"", ""Vulnerability_scanner"", ""Fingerprinting"", ""MITM""]","[70007, 70008, 47564, 35046, 33985, 35581, 10555, 25770, 16821, 34959, 6785, 13990, 35023, 601, 251]",,,,,0.05,,
844b6e99645f,edgeiiot,fine,scaffold,2,,sensitivity,0.8287479294803444,0.8895810284284958,0.8130421982906424,0.8900949534866882,0.6773739084143104,0.6745726153536036,0.7792304769978953,"[1.0, 1.0, 0.9993372606774669, 1.0, 0.9487681682300794, 0.7789152475637365, 0.762063227953411, 0.5961120174007613, 0.6671526765257239, 0.5852534562211982, 0.6732161323681489, 0.9959899749373433, 0.9146085391460854, 0.5389221556886228, 0.7352941176470589]",124734,67599,132480,1.4513120199990226,1.5103208199980145,209.1409479020058,211.19841980934143,270.396,1532.10546875,329.82177734375,40,0.8316554117586935,"[""Normal"", ""DDoS_UDP"", ""DDoS_ICMP"", ""DDoS_TCP"", ""DDoS_HTTP"", ""SQL_injection"", ""XSS"", ""Uploading"", ""Backdoor"", ""Password"", ""Ransomware"", ""Port_Scanning"", ""Vulnerability_scanner"", ""Fingerprinting"", ""MITM""]","[70018, 70016, 47573, 35057, 33995, 35593, 10563, 25775, 16828, 34962, 6790, 13994, 35026, 604, 257]",,,,,0.5,,
5845fe9f5c03,edgeiiot,fine,scaffold,2,,sensitivity,0.8163642252529659,0.8875811753387317,0.8095704125965334,0.8874037506620175,0.6564807342905626,0.6907376930887591,0.7894350699068033,"[0.9610824871192036, 1.0, 1.0, 0.9999000699510343, 0.9304267161410018, 0.8405511811023622, 0.6590153027278776, 0.5870836165873555, 0.6803500729318608, 0.6147294589178357, 0.7858251422659079, 1.0, 0.9035096490350965, 0.28402366863905326, 0.8970588235294118]",124730,67599,132480,1.6284932800044771,1.5044566050073627,215.2214949310037,217.34793639183044,270.396,1521.70703125,320.54833984375,50,0.8162120619358041,"[""Normal"", ""DDoS_UDP"", ""DDoS_ICMP"", ""DDoS_TCP"", ""DDoS_HTTP"", ""SQL_injection"", ""XSS"", ""Uploading"", ""Backdoor"", ""Password"", ""Ransomware"", ""Port_Scanning"", ""Vulnerability_scanner"", ""Fingerprinting"", ""MITM""]","[70020, 70019, 47574, 35057, 33997, 35592, 10563, 25779, 16832, 34968, 6793, 13996, 35027, 601, 257]",,,,,1.0,,
79109380e3a9,edgeiiot,fine,fedstap,0,,sensitivity,0.6976477825359482,0.8424507132553294,0.707695658063497,0.8205837366818123,0.3450557703465556,0.6354642194214162,0.8109768662585006,"[1.0, 1.0, 0.9882959146117041, 1.0, 0.9325159695034, 0.8239984250418348, 0.1086017934241116, 0.668931774938842, 0.7903830141548709, 0.10717147435897435, 0.4455343314403717, 1.0, 0.9239152169566087, 0.0, 0.8260869565217391]",124780,67599,132480,1.50578190500255,1.5226324749983178,209.49930858700372,211.28600764274597,135.21328,1560.87890625,337.79931640625,50,0.7004442907519284,"[""Normal"", ""DDoS_UDP"", ""DDoS_ICMP"", ""DDoS_TCP"", ""DDoS_HTTP"", ""SQL_injection"", ""XSS"", ""Uploading"", ""Backdoor"", ""Password"", ""Ransomware"", ""Port_Scanning"", ""Vulnerability_scanner"", ""Fingerprinting"", ""MITM""]","[70007, 70010, 47563, 35050, 33986, 35591, 10551, 25772, 16821, 34958, 6785, 13987, 35025, 600, 254]",,,,,0.05,,
533e6007c517,edgeiiot,fine,fedstap,0,,sensitivity,0.8655599272440841,0.9201356595362561,0.8752750894803936,0.9207817905599232,0.800085147512535,0.7860082272824667,0.8528436164224364,"[1.0, 1.0, 0.9958762886597938, 0.9999000499750125, 0.901762704875786, 0.7350132887095187, 0.9165281010974393, 0.8993744900734294, 0.6999374869764534, 0.7607214428857716, 0.61315380631797, 1.0, 0.9362, 0.6706586826347305, 1.0]",124724,67599,132480,1.122589980000157,1.153630045000682,211.96004845000334,213.52051973342896,135.21328,1554.265625,324.35888671875,45,0.8709820211696947,"[""Normal"", ""DDoS_UDP"", ""DDoS_ICMP"", ""DDoS_TCP"", ""DDoS_HTTP"", ""SQL_injection"", ""XSS"", ""Uploading"", ""Backdoor"", ""Password"", ""Ransomware"", ""Port_Scanning"", ""Vulnerability_scanner"", ""Fingerprinting"", ""MITM""]","[70017, 70017, 47573, 35060, 33998, 35592, 10558, 25780, 16832, 34968, 6795, 13993, 35029, 604, 260]",,,,,0.5,,
271087249762,edgeiiot,fine,fedstap,0,,sensitivity,0.8708567664989465,0.9295518319570272,0.8771271125105865,0.9307461814630809,0.7871126585309998,0.8239871708728019,0.8738055374215417,"[0.9999499774898705, 1.0, 0.9975701347470731, 1.0, 0.8975468975468975, 0.7438700147710487, 0.9201862321250416, 0.8951733514615907, 0.6652083333333333, 0.8793949714514675, 0.7134715025906736, 0.9997493734335839, 0.92999299929993, 0.514792899408284, 1.0]",124730,67599,132480,1.2533316200006084,1.3411351749982714,210.23377436199917,211.9642457962036,135.21328,1559.1484375,320.953125,45,0.866183819401829,"[""Normal"", ""DDoS_UDP"", ""DDoS_ICMP"", ""DDoS_TCP"", ""DDoS_HTTP"", ""SQL_injection"", ""XSS"", ""Uploading"", ""Backdoor"", ""Password"", ""Ransomware"", ""Port_Scanning"", ""Vulnerability_scanner"", ""Fingerprinting"", ""MITM""]","[70018, 70016, 47572, 35058, 33995, 35598, 10561, 25778, 16829, 34963, 6798, 13995, 35031, 601, 255]",,,,,1.0,,
2f59a380c620,edgeiiot,fine,fedstap,1,,sensitivity,0.7124214673169242,0.8146521672930674,0.7372932799061619,0.8007972812680649,0.5471634313689171,0.5473726997215581,0.7756517947844837,"[1.0, 1.0, 0.9998527788001472, 1.0, 0.6191015866474345, 0.45636131063662305, 0.8542496679946879, 0.8361635647330525, 0.9662710805746408, 0.11355898257560584, 0.0, 1.0, 0.8794361691492553, 0.42011834319526625, 0.9142857142857143]",124787,67599,132480,1.4937009200002649,1.2101061799967283,204.39369453300606,206.15270400047302,135.21328,1554.109375,330.17333984375,35,0.7132853747624384,"[""Normal"", ""DDoS_UDP"", ""DDoS_ICMP"", ""DDoS_TCP"", ""DDoS_HTTP"", ""SQL_injection"", ""XSS"", ""Uploading"", ""Backdoor"", ""Password"", ""Ransomware"", ""Port_Scanning"", ""Vulnerability_scanner"", ""Fingerprinting"", ""MITM""]","[70009, 70008, 47564, 35048, 33988, 35583, 10549, 25767, 16822, 34955, 6786, 13992, 35022, 600, 253]",,,,,0.05,,
c8b1043b9556,edgeiiot,fine,fedstap,1,,sensitivity,0.8709800807350072,0.9267326732673268,0.8818497000555412,0.927610443431521,0.8052085398220342,0.7695516372332171,0.8586259608483082,"[1.0, 1.0, 0.9955807615820873, 1.0, 0.8946500360787548, 0.824884339009745, 0.9115691489361702, 0.8947797716150081, 0.6949364450927277, 0.7684600741408677, 0.6128364389233955, 1.0, 0.9336199140257923, 0.6964285714285714, 1.0]",124735,67599,132480,1.6563271349969,1.2930626450042837,210.05163660700055,211.8117983341217,135.21328,1548.83984375,317.64697265625,45,0.8625917651103523,"[""Normal"", ""DDoS_UDP"", ""DDoS_ICMP"", ""DDoS_TCP"", ""DDoS_HTTP"", ""SQL_injection"", ""XSS"", ""Uploading"", ""Backdoor"", ""Password"", ""Ransomware"", ""Port_Scanning"", ""Vulnerability_scanner"", ""Fingerprinting"", ""MITM""]","[70014, 70017, 47578, 35061, 33997, 35592, 10557, 25775, 16831, 34966, 6794, 13993, 35024, 603, 254]",,,,,0.5,,
7433ae1663ae,edgeiiot,fine,fedstap,1,,sensitivity,0.8655658238299497,0.9245694493441519,0.8853820378579222,0.9262570264281659,0.8500664199880137,0.8078852389184709,0.8750462600100184,"[1.0, 1.0, 0.993519882179676, 1.0, 0.8919921673709162, 0.7374483165977554, 0.9138389886892881, 0.8924248606011151, 0.5811627422379663, 0.8549098196392786, 0.8296219575349559, 1.0, 0.929007099290071, 0.6568047337278107, 1.0]",124724,67599,132480,1.122345994999705,1.1212384650025342,212.31577514699802,213.93322610855103,135.21328,1555.35546875,315.9287109375,50,0.8675708880978091,"[""Normal"", ""DDoS_UDP"", ""DDoS_ICMP"", ""DDoS_TCP"", ""DDoS_HTTP"", ""SQL_injection"", ""XSS"", ""Uploading"", ""Backdoor"", ""Password"", ""Ransomware"", ""Port_Scanning"", ""Vulnerability_scanner"", ""Fingerprinting"", ""MITM""]","[70018, 70019, 47574, 35062, 33994, 35594, 10563, 25781, 16832, 34967, 6796, 13995, 35028, 601, 256]",,,,,1.0,,
c6c8eadced99,edgeiiot,fine,fedstap,2,,sensitivity,0.44807649060287436,0.6761707856524666,0.5534789210570329,0.6025216397344765,0.36031648643812153,0.33333333333333337,0.708906384566937,"[1.0, 1.0, 1.0, 0.0026970332634102486, 0.0, 0.0, 0.9797274842140246, 0.0, 0.9273522064945878, 0.9997996794871795, 0.0, 0.999248496993988, 0.9318204538638408, 0.46153846153846156, 0.0]",124788,67599,132480,1.5466619600010745,1.3784806400008165,210.5623905340026,212.31313943862915,135.21328,1560.76953125,338.91845703125,40,0.44689917136159324,"[""Normal"", ""DDoS_UDP"", ""DDoS_ICMP"", ""DDoS_TCP"", ""DDoS_HTTP"", ""SQL_injection"", ""XSS"", ""Uploading"", ""Backdoor"", ""Password"", ""Ransomware"", ""Port_Scanning"", ""Vulnerability_scanner"", ""Fingerprinting"", ""MITM""]","[70007, 70008, 47564, 35046, 33985, 35581, 10555, 25770, 16821, 34959, 6785, 13990, 35023, 601, 251]",,,,,0.05,,
730e5633e67e,edgeiiot,fine,fedstap,2,,sensitivity,0.862416167445772,0.9246396331393205,0.8711366029898592,0.9259239167417473,0.7774509007475141,0.781773955842306,0.8622288461205339,"[1.0, 1.0, 0.9966863033873343, 1.0, 0.8893928460983404, 0.8299045181612363, 0.913477537437604, 0.8898858075040783, 0.6677775463445116, 0.7719895812462433, 0.6633919338159255, 1.0, 0.9116088391160884, 0.5329341317365269, 1.0]",124734,67599,132480,1.4289610900004845,1.6314008850031314,209.93625752599746,211.73934364318848,135.21328,1559.76953125,324.376953125,50,0.8621288250851458,"[""Normal"", ""DDoS_UDP"", ""DDoS_ICMP"", ""DDoS_TCP"", ""DDoS_HTTP"", ""SQL_injection"", ""XSS"", ""Uploading"", ""Backdoor"", ""Password"", ""Ransomware"", ""Port_Scanning"", ""Vulnerability_scanner"", ""Fingerprinting"", ""MITM""]","[70018, 70016, 47573, 35057, 33995, 35593, 10563, 25775, 16828, 34962, 6790, 13994, 35026, 604, 257]",,,,,0.5,,
bc8de19d2dce,edgeiiot,fine,fedstap,2,,sensitivity,0.8727429699463474,0.92703439429167,0.888134874318941,0.9283208480926695,0.8505287940696145,0.8119806194178267,0.8751737512137605,"[1.0, 1.0, 0.9960972017673049, 0.9999000699510343, 0.8999175427746856, 0.7357283464566929, 0.9111776447105788, 0.8927260367097213, 0.5788705980412586, 0.8808617234468938, 0.7749612002069323, 1.0, 0.9358064193580642, 0.7159763313609467, 1.0]",124730,67599,132480,1.430303434999587,1.2231160450028256,214.19572468799743,215.88251948356628,135.21328,1549.16796875,315.103515625,40,0.8739369319597353,"[""Normal"", ""DDoS_UDP"", ""DDoS_ICMP"", ""DDoS_TCP"", ""DDoS_HTTP"", ""SQL_injection"", ""XSS"", ""Uploading"", ""Backdoor"", ""Password"", ""Ransomware"", ""Port_Scanning"", ""Vulnerability_scanner"", ""Fingerprinting"", ""MITM""]","[70020, 70019, 47574, 35057, 33997, 35592, 10563, 25779, 16832, 34968, 6793, 13996, 35027, 601, 257]",,,,,1.0,,
7f65f36de298,ciciot2023,fine,fedavg,0,,sensitivity,0.521836532966757,0.7231575753656996,0.5537498845632353,0.6847491874462395,0.10796198840700338,0.43854480171867044,0.5813210171109878,"[0.9790958191638328, 0.9897979595919184, 0.9707883153261304, 0.9351870374074815, 0.9752950590118024, 0.9984995498649595, 0.554666399919976, 0.8001091107474086, 0.9324165867178339, 0.9761976197619762, 0.8233766233766234, 0.8614718614718615, 0.09851970394078816, 0.07591518303660733, 0.7979595919183837, 0.7087087087087087, 0.992999299929993, 0.0011002200440088017, 0.9901980396079216, 0.0, 0.3425431711145997, 0.4498685692827638, 0.9216013344453712, 0.37721518987341773, 0.8332763922104544, 0.5102510251025103, 0.7821564312862572, 0.0, 0.0, 0.0, 0.0, 0.011695906432748537, 0.0, 0.13658536585365855]",201053,56290,109824,1.16150125501008,1.342129169988766,332.07926730199324,333.4939754009247,56.29,1499.98046875,304.5302734375,50,0.5208830031450429,"[""DDoS-RSTFINFlood"", ""DDoS-PSHACK_Flood"", ""DDoS-SYN_Flood"", ""DDoS-UDP_Flood"", ""DDoS-TCP_Flood"", ""DDoS-ICMP_Flood"", ""DDoS-SynonymousIP_Flood"", ""DDoS-ACK_Fragmentation"", ""DDoS-UDP_Fragmentation"", ""DDoS-ICMP_Fragmentation"", ""DDoS-SlowLoris"", ""DDoS-HTTP_Flood"", ""DoS-UDP_Flood"", ""DoS-SYN_Flood"", ""DoS-TCP_Flood"", ""DoS-HTTP_Flood"", ""Mirai-greeth_flood"", ""Mirai-greip_flood"", ""Mirai-udpplain"", ""Recon-PingSweep"", ""Recon-OSScan"", ""Recon-PortScan"", ""VulnerabilityScan"", ""Recon-HostDiscovery"", ""DNS_Spoofing"", ""MITM-ArpSpoofing"", ""BenignTraffic"", ""BrowserHijacking"", ""Backdoor_Malware"", ""XSS"", ""Uploading_Attack"", ""SqlInjection"", ""CommandInjection"", ""DictionaryBruteForce""]","[35006, 35004, 35008, 35004, 35006, 35006, 35007, 32090, 32852, 35003, 2714, 3255, 35005, 35004, 35004, 8171, 35002, 35004, 35004, 237, 11160, 9331, 4210, 15214, 20498, 35002, 35004, 647, 393, 416, 146, 601, 594, 1443]",,,,,,10.0,
7f0c11479283,ciciot2023,fine,fedavg,0,,sensitivity,0.5334219837715123,0.7400637354976846,0.5412895864272823,0.7279658683621107,0.07080718155605942,0.3859510107074468,0.5987992764767646,"[0.7715487035739313, 0.9949919871794872, 0.716016016016016, 0.8803684052457703, 0.9526336871620268, 0.535328262610088, 0.16379655586704045, 0.9588203167667941, 0.930758561826523, 0.9851807349554421, 0.5738562091503268, 0.7296416938110749, 0.801481629792772, 0.7501751576418777, 0.7601080864691754, 0.6646577701248386, 0.7322125487841489, 0.7576091309571485, 0.963953139080805, 0.0, 0.2195659012268009, 0.6047386235426853, 0.6234309623430963, 0.7642857142857142, 0.11935704514363885, 0.6097878302642114, 0.7761328398519556, 0.0, 0.0, 0.0, 0.0, 0.024096385542168676, 0.0, 0.03931203931203931]",200830,56290,109824,1.4750475250002637,1.5616688800037082,345.4316575710036,348.4535686969757,281.45,1500.4296875,265.736328125,50,0.5338471114239166,"[""DDoS-RSTFINFlood"", ""DDoS-PSHACK_Flood"", ""DDoS-SYN_Flood"", ""DDoS-UDP_Flood"", ""DDoS-TCP_Flood"", ""DDoS-ICMP_Flood"", ""DDoS-SynonymousIP_Flood"", ""DDoS-ACK_Fragmentation"", ""DDoS-UDP_Fragmentation"", ""DDoS-ICMP_Fragmentation"", ""DDoS-SlowLoris"", ""DDoS-HTTP_Flood"", ""DoS-UDP_Flood"", ""DoS-SYN_Flood"", ""DoS-TCP_Flood"", ""DoS-HTTP_Flood"", ""Mirai-greeth_flood"", ""Mirai-greip_flood"", ""Mirai-udpplain"", ""Recon-PingSweep"", ""Recon-OSScan"", ""Recon-PortScan"", ""VulnerabilityScan"", ""Recon-HostDiscovery"", ""DNS_Spoofing"", ""MITM-ArpSpoofing"", ""BenignTraffic"", ""BrowserHijacking"", ""Backdoor_Malware"", ""XSS"", ""Uploading_Attack"", ""SqlInjection"", ""CommandInjection"", ""DictionaryBruteForce""]","[35024, 35032, 35021, 35022, 35027, 35020, 35025, 32111, 32868, 35027, 2724, 3262, 35023, 35017, 35015, 8186, 35019, 35023, 35026, 244, 11172, 9339, 4218, 15226, 20507, 35016, 35008, 652, 403, 428, 148, 610, 602, 1449]",,,,,,50.0,
8e97bbc496a0,ciciot2023,fine,fedavg,0,,sensitivity,0.44061939699452624,0.6367371155351471,0.45505785940046023,0.5975910065896063,0.040911859680023484,0.3565679364455691,0.5300746463969054,"[0.6999799518845229, 0.7220997796032859, 0.0638532477947073, 0.24724393666065345, 0.12839530921118572, 0.8933547158464469, 0.14907268170426066, 0.951584699453552, 0.9524572649572649, 0.977452650566189, 0.24570673712021135, 0.4, 0.9353577871316897, 0.9437932070934776, 0.8496993987975952, 0.5595854922279793, 0.6334669338677354, 0.654937343358396, 0.9287717892205971, 0.0, 0.11888994008199306, 0.20512820512820512, 0.7287993282955499, 0.5815079548074706, 0.4743150684931507, 0.5979371119567395, 0.706076684352788, 0.0, 0.0, 0.0, 0.0, 0.0, 0.0, 0.1225]",200571,56290,109824,1.2527417749879532,1.1776236650075589,345.2052956450025,349.45654821395874,562.9,1497.26953125,269.59228515625,50,0.44067969364004356,"[""DDoS-RSTFINFlood"", ""DDoS-PSHACK_Flood"", ""DDoS-SYN_Flood"", ""DDoS-UDP_Flood"", ""DDoS-TCP_Flood"", ""DDoS-ICMP_Flood"", ""DDoS-SynonymousIP_Flood"", ""DDoS-ACK_Fragmentation"", ""DDoS-UDP_Fragmentation"", ""DDoS-ICMP_Fragmentation"", ""DDoS-SlowLoris"", ""DDoS-HTTP_Flood"", ""DoS-UDP_Flood"", ""DoS-SYN_Flood"", ""DoS-TCP_Flood"", ""DoS-HTTP_Flood"", ""Mirai-greeth_flood"", ""Mirai-greip_flood"", ""Mirai-udpplain"", ""Recon-PingSweep"", ""Recon-OSScan"", ""Recon-PortScan"", ""VulnerabilityScan"", ""Recon-HostDiscovery"", ""DNS_Spoofing"", ""MITM-ArpSpoofing"", ""BenignTraffic"", ""BrowserHijacking"", ""Backdoor_Malware"", ""XSS"", ""Uploading_Attack"", ""SqlInjection"", ""CommandInjection"", ""DictionaryBruteForce""]","[35047, 35040, 35048, 35049, 35045, 35050, 35050, 32125, 32896, 35042, 2743, 3282, 35043, 35038, 35040, 8203, 35040, 35047, 35037, 253, 11188, 9351, 4227, 15230, 20525, 35029, 35023, 660, 405, 428, 161, 613, 603, 1463]",,,,,,100.0,
1dc35a5d4f95,ciciot2023,fine,fedavg,1,,sensitivity,0.4502852526881807,0.6234419918630445,0.47199565399014637,0.584660948190991,0.04092808762069463,0.42181636905820347,0.5069025856599747,"[0.996499299859972, 0.9967990397119135, 0.0, 0.9978993698109433, 0.429171668667467, 0.9953986195858757, 0.004801440432129639, 0.9466390222610214, 0.9462858360865395, 0.9060812162432487, 0.36835278858625164, 0.7048648648648649, 0.20444088817763553, 0.9784935480644193, 0.955491098219644, 0.7297297297297297, 0.3269653930786157, 0.26535307061412283, 0.08661732346469293, 0.0, 0.7978021978021979, 0.04842342342342342, 0.8308333333333333, 0.47387802071346374, 0.6168431841475914, 0.8785878587858786, 0.5616, 0.0, 0.0, 0.0, 0.0, 0.0, 0.0, 0.0]",201058,56290,109824,1.252886149995902,1.2286084749939619,316.89392320199477,318.31177973747253,56.29,1497.27734375,299.634765625,50,0.4488412038604117,"[""DDoS-RSTFINFlood"", ""DDoS-PSHACK_Flood"", ""DDoS-SYN_Flood"", ""DDoS-UDP_Flood"", ""DDoS-TCP_Flood"", ""DDoS-ICMP_Flood"", ""DDoS-SynonymousIP_Flood"", ""DDoS-ACK_Fragmentation"", ""DDoS-UDP_Fragmentation"", ""DDoS-ICMP_Fragmentation"", ""DDoS-SlowLoris"", ""DDoS-HTTP_Flood"", ""DoS-UDP_Flood"", ""DoS-SYN_Flood"", ""DoS-TCP_Flood"", ""DoS-HTTP_Flood"", ""Mirai-greeth_flood"", ""Mirai-greip_flood"", ""Mirai-udpplain"", ""Recon-PingSweep"", ""Recon-OSScan"", ""Recon-PortScan"", ""VulnerabilityScan"", ""Recon-HostDiscovery"", ""DNS_Spoofing"", ""MITM-ArpSpoofing"", ""BenignTraffic"", ""BrowserHijacking"", ""Backdoor_Malware"", ""XSS"", ""Uploading_Attack"", ""SqlInjection"", ""CommandInjection"", ""DictionaryBruteForce""]","[35004, 35006, 35004, 35006, 35008, 35006, 35006, 32091, 32849, 35005, 2713, 3254, 35004, 35006, 35004, 8173, 35005, 35004, 35004, 239, 11160, 9328, 4208, 15214, 20497, 35002, 35000, 644, 393, 416, 144, 601, 593, 1442]",,,,,,10.0,
f1371dd6ba3b,ciciot2023,fine,fedavg,1,,sensitivity,0.47623788251268084,0.6624988796271399,0.48137070811610827,0.6465910663147875,0.09621815309888704,0.4038058491042521,0.5709496586143668,"[0.8842379331063489, 0.5275385539755658, 0.7047867013819347, 0.5303364036844213, 0.8967761313576291, 0.36366366366366365, 0.4970970970970971, 0.9064410480349345, 0.9432412247946228, 0.973768522226672, 0.7064220183486238, 0.7543668122270742, 0.4825825825825826, 0.6691021919727755, 0.40804885373911304, 0.49140154772141015, 0.80564451561249, 0.6930930930930931, 0.9907917125412872, 0.0, 0.09660163624921334, 0.0, 0.8375209380234506, 0.4102327725282323, 0.02684219524705078, 0.781346942860002, 0.8251776243370359, 0.0, 0.0, 0.0, 0.0, 0.012121212121212121, 0.0, 0.14742014742014742]",200826,56290,109824,1.3382651350002561,1.1943838849947497,343.90283795299547,346.7139630317688,281.45,1500.90625,266.16796875,50,0.4774539871939205,"[""DDoS-RSTFINFlood"", ""DDoS-PSHACK_Flood"", ""DDoS-SYN_Flood"", ""DDoS-UDP_Flood"", ""DDoS-TCP_Flood"", ""DDoS-ICMP_Flood"", ""DDoS-SynonymousIP_Flood"", ""DDoS-ACK_Fragmentation"", ""DDoS-UDP_Fragmentation"", ""DDoS-ICMP_Fragmentation"", ""DDoS-SlowLoris"", ""DDoS-HTTP_Flood"", ""DoS-UDP_Flood"", ""DoS-SYN_Flood"", ""DoS-TCP_Flood"", ""DoS-HTTP_Flood"", ""Mirai-greeth_flood"", ""Mirai-greip_flood"", ""Mirai-udpplain"", ""Recon-PingSweep"", ""Recon-OSScan"", ""Recon-PortScan"", ""VulnerabilityScan"", ""Recon-HostDiscovery"", ""DNS_Spoofing"", ""MITM-ArpSpoofing"", ""BenignTraffic"", ""BrowserHijacking"", ""Backdoor_Malware"", ""XSS"", ""Uploading_Attack"", ""SqlInjection"", ""CommandInjection"", ""DictionaryBruteForce""]","[35027, 35029, 35027, 35022, 35028, 35021, 35021, 32101, 32869, 35023, 2728, 3270, 35021, 35019, 35021, 8183, 35016, 35022, 35018, 245, 11173, 9346, 4220, 15228, 20508, 35014, 35014, 649, 403, 421, 150, 612, 601, 1450]",,,,,,50.0,
fea7550f139f,ciciot2023,fine,fedavg,1,,sensitivity,0.44607419084297956,0.6538806684481314,0.447039061339396,0.6301032934553026,0.023346134085704087,0.36649680682024455,0.5538068040788706,"[0.7237198116043692, 0.9798597194388777, 0.9273619877767759, 0.6371291098636728, 0.6718812675491376, 0.9935833166232204, 0.2022652099829608, 0.8889010388190268, 0.42362743003631703, 0.9766556457268811, 0.17546174142480211, 0.35494505494505496, 0.7132691922228903, 0.4830177336940186, 0.5236902734648903, 0.524547803617571, 0.8742988782051282, 0.2397315167301142, 0.9818673612502504, 0.0, 0.17697160883280758, 0.0007541478129713424, 0.691722972972973, 0.4971138305241284, 0.05922629236562821, 0.8645510061067174, 0.5785206686017416, 0.0, 0.0, 0.0, 0.0, 0.0, 0.0, 0.034653465346534656]",200584,56290,109824,1.1787702549918322,1.1525110900038271,338.8460490619982,343.2319324016571,562.9,1501.68359375,270.8271484375,50,0.4479422231143957,"[""DDoS-RSTFINFlood"", ""DDoS-PSHACK_Flood"", ""DDoS-SYN_Flood"", ""DDoS-UDP_Flood"", ""DDoS-TCP_Flood"", ""DDoS-ICMP_Flood"", ""DDoS-SynonymousIP_Flood"", ""DDoS-ACK_Fragmentation"", ""DDoS-UDP_Fragmentation"", ""DDoS-ICMP_Fragmentation"", ""DDoS-SlowLoris"", ""DDoS-HTTP_Flood"", ""DoS-UDP_Flood"", ""DoS-SYN_Flood"", ""DoS-TCP_Flood"", ""DoS-HTTP_Flood"", ""Mirai-greeth_flood"", ""Mirai-greip_flood"", ""Mirai-udpplain"", ""Recon-PingSweep"", ""Recon-OSScan"", ""Recon-PortScan"", ""VulnerabilityScan"", ""Recon-HostDiscovery"", ""DNS_Spoofing"", ""MITM-ArpSpoofing"", ""BenignTraffic"", ""BrowserHijacking"", ""Backdoor_Malware"", ""XSS"", ""Uploading_Attack"", ""SqlInjection"", ""CommandInjection"", ""DictionaryBruteForce""]","[35045, 35038, 35041, 35047, 35055, 35052, 35046, 32127, 32891, 35037, 2737, 3283, 35043, 35038, 35033, 8190, 35029, 35037, 35035, 255, 11189, 9355, 4238, 15242, 20524, 35022, 35021, 660, 404, 431, 152, 612, 607, 1456]",,,,,,100.0,
268510df8ba6,ciciot2023,fine,fedavg,2,,sensitivity,0.5114871848765707,0.75,0.5232543995063341,0.7075496660384629,0.048714251531456094,0.3260141524459539,0.5681904530814469,"[0.9977991196478592, 0.993498699739948, 0.991998399679936, 0.9928985797159432, 0.7450490098019604, 0.9984995498649595, 0.8990596238495399, 0.929171668667467, 0.9940304871548875, 0.9787957591518304, 0.2189119170984456, 0.765658747300216, 0.14692938587717544, 0.9716943388677736, 0.9895968790637191, 0.6645216645216645, 0.5635563556355636, 0.16946778711484595, 0.9926992699269926, 0.0, 0.0, 0.02929027412692452, 0.685, 0.5644567219152854, 0.01759480696959344, 0.47059411882376473, 0.8003600720144028, 0.0, 0.0, 0.0, 0.0, 0.0058823529411764705, 0.07738095238095238, 0.1362530413625304]",201048,56290,109824,1.6644749049919483,1.6113690650126955,326.8285788699868,328.4498405456543,56.29,1493.9609375,310.24560546875,50,0.5155728466787616,"[""DDoS-RSTFINFlood"", ""DDoS-PSHACK_Flood"", ""DDoS-SYN_Flood"", ""DDoS-UDP_Flood"", ""DDoS-TCP_Flood"", ""DDoS-ICMP_Flood"", ""DDoS-SynonymousIP_Flood"", ""DDoS-ACK_Fragmentation"", ""DDoS-UDP_Fragmentation"", ""DDoS-ICMP_Fragmentation"", ""DDoS-SlowLoris"", ""DDoS-HTTP_Flood"", ""DoS-UDP_Flood"", ""DoS-SYN_Flood"", ""DoS-TCP_Flood"", ""DoS-HTTP_Flood"", ""Mirai-greeth_flood"", ""Mirai-greip_flood"", ""Mirai-udpplain"", ""Recon-PingSweep"", ""Recon-OSScan"", ""Recon-PortScan"", ""VulnerabilityScan"", ""Recon-HostDiscovery"", ""DNS_Spoofing"", ""MITM-ArpSpoofing"", ""BenignTraffic"", ""BrowserHijacking"", ""Backdoor_Malware"", ""XSS"", ""Uploading_Attack"", ""SqlInjection"", ""CommandInjection"", ""DictionaryBruteForce""]","[35009, 35004, 35004, 35005, 35004, 35007, 35008, 32093, 32851, 35004, 2710, 3250, 35004, 35004, 35006, 8172, 35002, 35008, 35003, 239, 11158, 9331, 4209, 15216, 20498, 35004, 35004, 646, 395, 418, 145, 602, 595, 1442]",,,,,,10.0,
668aaebc0f1d,ciciot2023,fine,fedavg,2,,sensitivity,0.4751787436888623,0.6679893850604185,0.4933791333443074,0.6434816695265542,0.08404875463698994,0.30969008686041616,0.5605964683457182,"[0.9948923385077616, 0.5576692030436524, 0.317017017017017, 0.9313382043839455, 0.8066292809933907, 0.9794774251676844, 0.7998197476467054, 0.9012992684790916, 0.9454933333333333, 0.9672672672672673, 0.7294117647058823, 0.5917480998914224, 0.5672672672672673, 0.7127127127127127, 0.4624161745571014, 0.5107573149741824, 0.9870883795415875, 0.009706794756329431, 0.9858901230861603, 0.0, 0.00031426775612822125, 0.30406932931424263, 0.8058577405857741, 0.630184331797235, 0.7075213675213675, 0.39619809904952474, 0.1458166533226581, 0.0, 0.0, 0.0, 0.0, 0.0, 0.0, 0.02702702702702703]",200849,56290,109824,1.153573885003425,1.1499669099976018,348.3274584760111,351.0634903907776,281.45,1500.75390625,269.76220703125,50,0.47482995776780645,"[""DDoS-RSTFINFlood"", ""DDoS-PSHACK_Flood"", ""DDoS-SYN_Flood"", ""DDoS-UDP_Flood"", ""DDoS-TCP_Flood"", ""DDoS-ICMP_Flood"", ""DDoS-SynonymousIP_Flood"", ""DDoS-ACK_Fragmentation"", ""DDoS-UDP_Fragmentation"", ""DDoS-ICMP_Fragmentation"", ""DDoS-SlowLoris"", ""DDoS-HTTP_Flood"", ""DoS-UDP_Flood"", ""DoS-SYN_Flood"", ""DoS-TCP_Flood"", ""DoS-HTTP_Flood"", ""Mirai-greeth_flood"", ""Mirai-greip_flood"", ""Mirai-udpplain"", ""Recon-PingSweep"", ""Recon-OSScan"", ""Recon-PortScan"", ""VulnerabilityScan"", ""Recon-HostDiscovery"", ""DNS_Spoofing"", ""MITM-ArpSpoofing"", ""BenignTraffic"", ""BrowserHijacking"", ""Backdoor_Malware"", ""XSS"", ""Uploading_Attack"", ""SqlInjection"", ""CommandInjection"", ""DictionaryBruteForce""]","[35032, 35023, 35021, 35017, 35027, 35021, 35028, 32101, 32864, 35022, 2724, 3260, 35019, 35023, 35019, 8186, 35016, 35014, 35015, 248, 11166, 9349, 4221, 15225, 20506, 35011, 35016, 651, 399, 422, 148, 607, 599, 1450]",,,,,,50.0,
16c0140d9d23,ciciot2023,fine,fedavg,2,,sensitivity,0.42576587978462915,0.622659666232879,0.4337582797599274,0.5937892797796898,0.01641747288185283,0.3492721625006225,0.5478319342003923,"[0.9568879085622619, 0.7371428571428571, 0.9030479246039703, 0.8896572459410703, 0.7747142570683778, 0.5322370400080216, 0.4724812030075188, 0.9781253417915345, 0.8053598120862695, 0.9644217278011625, 0.14775725593667546, 0.49176728869374314, 0.4758468630988174, 0.03957519286644625, 0.32274867274366426, 0.4566249460509279, 0.015027048687637748, 0.8880208333333334, 0.985681385801542, 0.0, 0.13251495121183507, 0.12334967936627687, 0.46166807076663857, 0.47009928422997, 0.7574045540147235, 0.3170121157504756, 0.6486080512717805, 0.0, 0.0, 0.0, 0.0, 0.0, 0.0, 0.0]",200559,56290,109824,1.189496329989197,1.245872679992317,354.3983308480165,358.7473301887512,562.9,1501.51953125,268.92138671875,50,0.42501172162690487,"[""DDoS-RSTFINFlood"", ""DDoS-PSHACK_Flood"", ""DDoS-SYN_Flood"", ""DDoS-UDP_Flood"", ""DDoS-TCP_Flood"", ""DDoS-ICMP_Flood"", ""DDoS-SynonymousIP_Flood"", ""DDoS-ACK_Fragmentation"", ""DDoS-UDP_Fragmentation"", ""DDoS-ICMP_Fragmentation"", ""DDoS-SlowLoris"", ""DDoS-HTTP_Flood"", ""DoS-UDP_Flood"", ""DoS-SYN_Flood"", ""DoS-TCP_Flood"", ""DoS-HTTP_Flood"", ""Mirai-greeth_flood"", ""Mirai-greip_flood"", ""Mirai-udpplain"", ""Recon-PingSweep"", ""Recon-OSScan"", ""Recon-PortScan"", ""VulnerabilityScan"", ""Recon-HostDiscovery"", ""DNS_Spoofing"", ""MITM-ArpSpoofing"", ""BenignTraffic"", ""BrowserHijacking"", ""Backdoor_Malware"", ""XSS"", ""Uploading_Attack"", ""SqlInjection"", ""CommandInjection"", ""DictionaryBruteForce""]","[35050, 35051, 35053, 35044, 35050, 35052, 35049, 32134, 32881, 35045, 2737, 3278, 35045, 35040, 35035, 8199, 35035, 35033, 35028, 256, 11176, 9353, 4231, 15242, 20523, 35027, 35028, 658, 412, 429, 152, 616, 613, 1460]",,,,,,100.0,
36a36b5652ef,ciciot2023,fine,statavg,0,,sensitivity,0.5353125226230225,0.744679263676742,0.5597553177099837,0.7091239352582039,0.11824516946468165,0.46254783895944657,0.6219920018802806,"[0.9981996399279855, 0.9988997799559912, 0.9954981992797118, 0.8018603720744149, 0.9865973194638927, 0.9990997299189757, 0.6748024407322196, 0.9787234042553191, 0.9874213836477987, 0.9841984198419842, 0.912987012987013, 0.8647186147186147, 0.6784356871374275, 0.0035007001400280055, 0.46549309861972393, 0.7623337623337624, 0.9946994699469947, 0.00010002000400080016, 0.9935987197439488, 0.0, 0.17362637362637362, 0.19414194517461508, 0.8215179316096747, 0.40552359033371693, 0.8298599248377178, 0.5117511751175118, 0.862872574514903, 0.0, 0.0, 0.0, 0.0, 0.0, 0.0, 0.15121951219512195]",201053,56290,109824,1.238879544998781,1.126747369999066,332.49101364602757,333.91430377960205,56.29372,1498.23046875,304.5302734375,50,0.5367082927179745,"[""DDoS-RSTFINFlood"", ""DDoS-PSHACK_Flood"", ""DDoS-SYN_Flood"", ""DDoS-UDP_Flood"", ""DDoS-TCP_Flood"", ""DDoS-ICMP_Flood"", ""DDoS-SynonymousIP_Flood"", ""DDoS-ACK_Fragmentation"", ""DDoS-UDP_Fragmentation"", ""DDoS-ICMP_Fragmentation"", ""DDoS-SlowLoris"", ""DDoS-HTTP_Flood"", ""DoS-UDP_Flood"", ""DoS-SYN_Flood"", ""DoS-TCP_Flood"", ""DoS-HTTP_Flood"", ""Mirai-greeth_flood"", ""Mirai-greip_flood"", ""Mirai-udpplain"", ""Recon-PingSweep"", ""Recon-OSScan"", ""Recon-PortScan"", ""VulnerabilityScan"", ""Recon-HostDiscovery"", ""DNS_Spoofing"", ""MITM-ArpSpoofing"", ""BenignTraffic"", ""BrowserHijacking"", ""Backdoor_Malware"", ""XSS"", ""Uploading_Attack"", ""SqlInjection"", ""CommandInjection"", ""DictionaryBruteForce""]","[35006, 35004, 35008, 35004, 35006, 35006, 35007, 32090, 32852, 35003, 2714, 3255, 35005, 35004, 35004, 8171, 35002, 35004, 35004, 237, 11160, 9331, 4210, 15214, 20498, 35002, 35004, 647, 393, 416, 146, 601, 594, 1443]",,,,,,10.0,
a16adedd79e0,ciciot2023,fine,statavg,0,,sensitivity,0.5116239905979713,0.7154110441667082,0.5314776164205144,0.6754664273360783,0.08545122662769722,0.49967037400725983,0.6613279419264397,"[0.9991991190309341, 0.9980969551282052, 0.14124124124124124, 0.8924817299028932, 0.9823753254556379, 0.9989991993594876, 0.19283139767721266, 0.9828509011469142, 0.9800490771364557, 0.9966957044157405, 0.592156862745098, 0.8251900108577633, 0.4834317749524477, 0.9595636072465219, 0.4723779023218575, 0.6978045630650022, 0.9906934854398078, 0.012915498598317981, 0.9919895864624011, 0.0, 0.13494809688581316, 0.4877773599097405, 0.704602510460251, 0.7988479262672811, 0.052838577291381666, 0.63871096877502, 0.884665399619886, 0.0, 0.0, 0.0, 0.0, 0.0, 0.0, 0.1769041769041769]",200830,56290,109824,1.3631004600028973,1.518838659994799,339.1646417599841,342.08143973350525,281.4686,1500.33203125,265.736328125,50,0.5145626109189788,"[""DDoS-RSTFINFlood"", ""DDoS-PSHACK_Flood"", ""DDoS-SYN_Flood"", ""DDoS-UDP_Flood"", ""DDoS-TCP_Flood"", ""DDoS-ICMP_Flood"", ""DDoS-SynonymousIP_Flood"", ""DDoS-ACK_Fragmentation"", ""DDoS-UDP_Fragmentation"", ""DDoS-ICMP_Fragmentation"", ""DDoS-SlowLoris"", ""DDoS-HTTP_Flood"", ""DoS-UDP_Flood"", ""DoS-SYN_Flood"", ""DoS-TCP_Flood"", ""DoS-HTTP_Flood"", ""Mirai-greeth_flood"", ""Mirai-greip_flood"", ""Mirai-udpplain"", ""Recon-PingSweep"", ""Recon-OSScan"", ""Recon-PortScan"", ""VulnerabilityScan"", ""Recon-HostDiscovery"", ""DNS_Spoofing"", ""MITM-ArpSpoofing"", ""BenignTraffic"", ""BrowserHijacking"", ""Backdoor_Malware"", ""XSS"", ""Uploading_Attack"", ""SqlInjection"", ""CommandInjection"", ""DictionaryBruteForce""]","[35024, 35032, 35021, 35022, 35027, 35020, 35025, 32111, 32868, 35027, 2724, 3262, 35023, 35017, 35015, 8186, 35019, 35023, 35026, 244, 11172, 9339, 4218, 15226, 20507, 35016, 35008, 652, 403, 428, 148, 610, 602, 1449]",,,,,,50.0,
cc5037999de2,ciciot2023,fine,statavg,0,,sensitivity,0.5016546922652371,0.7153277393042863,0.5208427557067714,0.6787228323238244,0.10610193747247908,0.4667143770220366,0.6590113947531419,"[0.9989975942261428, 0.9973953115608094, 0.9757417802726543, 0.9950891962317098, 0.9661220807858073, 0.9979953893956099, 0.3944862155388471, 0.9856830601092896, 0.9863247863247864, 0.9771520192404048, 0.8124174372523117, 0.5175824175824176, 0.27540589296452195, 0.34776074541629093, 0.49198396793587174, 0.8721934369602763, 0.0, 0.9870676691729323, 0.9940893608495291, 0.0, 0.000630715862503942, 0.058069381598793365, 0.7355163727959698, 0.4392437168549689, 0.5335616438356164, 0.31764470258361704, 0.9079987986785464, 0.0, 0.0, 0.0, 0.0, 0.0, 0.0, 0.1425]",200571,56290,109824,1.4813067999966734,1.678853364992392,343.00522776100115,347.59926652908325,562.9372,1497.546875,269.59228515625,25,0.5024558855507175,"[""DDoS-RSTFINFlood"", ""DDoS-PSHACK_Flood"", ""DDoS-SYN_Flood"", ""DDoS-UDP_Flood"", ""DDoS-TCP_Flood"", ""DDoS-ICMP_Flood"", ""DDoS-SynonymousIP_Flood"", ""DDoS-ACK_Fragmentation"", ""DDoS-UDP_Fragmentation"", ""DDoS-ICMP_Fragmentation"", ""DDoS-SlowLoris"", ""DDoS-HTTP_Flood"", ""DoS-UDP_Flood"", ""DoS-SYN_Flood"", ""DoS-TCP_Flood"", ""DoS-HTTP_Flood"", ""Mirai-greeth_flood"", ""Mirai-greip_flood"", ""Mirai-udpplain"", ""Recon-PingSweep"", ""Recon-OSScan"", ""Recon-PortScan"", ""VulnerabilityScan"", ""Recon-HostDiscovery"", ""DNS_Spoofing"", ""MITM-ArpSpoofing"", ""BenignTraffic"", ""BrowserHijacking"", ""Backdoor_Malware"", ""XSS"", ""Uploading_Attack"", ""SqlInjection"", ""CommandInjection"", ""DictionaryBruteForce""]","[35047, 35040, 35048, 35049, 35045, 35050, 35050, 32125, 32896, 35042, 2743, 3282, 35043, 35038, 35040, 8203, 35040, 35047, 35037, 253, 11188, 9351, 4227, 15230, 20525, 35029, 35023, 660, 405, 428, 161, 613, 603, 1463]",,,,,,100.0,
d7f15e49dfdc,ciciot2023,fine,statavg,1,,sensitivity,0.4496835760142886,0.652025783604731,0.475360577638828,0.6050293419638771,0.02651678916270356,0.39706802401531405,0.5586923303821927,"[0.9991998399679936, 0.9993998199459838, 0.0, 0.9988996699009703, 0.012304921968787515, 0.998299489846954, 0.4531359407822347, 0.9840680925360105, 0.99381860812107, 0.9718943788757751, 0.23865110246433205, 0.9113513513513514, 0.22214442888577715, 0.9925977793338001, 0.9906981396279256, 0.7335907335907336, 0.4361872374474895, 0.7294458891778356, 0.34816963392678535, 0.0, 0.2141287284144427, 0.14226726726726727, 0.8525, 0.39102416570771004, 0.18158524086094976, 0.9717971797179717, 0.3951, 0.0, 0.0, 0.0, 0.0, 0.0, 0.0, 0.0]",201058,56290,109824,1.597501115011255,1.6498278250037401,318.59718229799546,320.18462657928467,56.29372,1497.48828125,299.634765625,50,0.44994807024397465,"[""DDoS-RSTFINFlood"", ""DDoS-PSHACK_Flood"", ""DDoS-SYN_Flood"", ""DDoS-UDP_Flood"", ""DDoS-TCP_Flood"", ""DDoS-ICMP_Flood"", ""DDoS-SynonymousIP_Flood"", ""DDoS-ACK_Fragmentation"", ""DDoS-UDP_Fragmentation"", ""DDoS-ICMP_Fragmentation"", ""DDoS-SlowLoris"", ""DDoS-HTTP_Flood"", ""DoS-UDP_Flood"", ""DoS-SYN_Flood"", ""DoS-TCP_Flood"", ""DoS-HTTP_Flood"", ""Mirai-greeth_flood"", ""Mirai-greip_flood"", ""Mirai-udpplain"", ""Recon-PingSweep"", ""Recon-OSScan"", ""Recon-PortScan"", ""VulnerabilityScan"", ""Recon-HostDiscovery"", ""DNS_Spoofing"", ""MITM-ArpSpoofing"", ""BenignTraffic"", ""BrowserHijacking"", ""Backdoor_Malware"", ""XSS"", ""Uploading_Attack"", ""SqlInjection"", ""CommandInjection"", ""DictionaryBruteForce""]","[35004, 35006, 35004, 35006, 35008, 35006, 35006, 32091, 32849, 35005, 2713, 3254, 35004, 35006, 35004, 8173, 35005, 35004, 35004, 239, 11160, 9328, 4208, 15214, 20497, 35002, 35000, 644, 393, 416, 144, 601, 593, 1442]",,,,,,10.0,
71f6530a1440,ciciot2023,fine,statavg,1,,sensitivity,0.524509640391016,0.7420553115632438,0.5432863887369332,0.7029054776170912,0.10460929176525507,0.47822713839995384,0.6681444302267704,"[0.9982976166633286, 0.9966953735229321, 0.9501301822551572, 0.9246095314377253, 0.985983179815779, 0.9980980980980981, 0.7055055055055055, 0.9861353711790393, 0.989010989010989, 0.9819783740488587, 0.7575360419397117, 0.6735807860262009, 0.45335335335335336, 0.2551296166549895, 0.4767243968365202, 0.8443680137575237, 0.0, 0.9877877877877878, 0.994094685216695, 0.0, 0.2039018250471995, 0.0, 0.9388609715242882, 0.491126987785204, 0.07334587108907506, 0.7187030921645151, 0.9028319823876714, 0.0, 0.0, 0.0, 0.0, 0.024242424242424242, 0.0, 0.1597051597051597]",200826,56290,109824,1.441729905000102,1.549138150003273,335.5757573629962,338.4685869216919,281.4686,1501.45703125,266.16796875,50,0.5259154686845535,"[""DDoS-RSTFINFlood"", ""DDoS-PSHACK_Flood"", ""DDoS-SYN_Flood"", ""DDoS-UDP_Flood"", ""DDoS-TCP_Flood"", ""DDoS-ICMP_Flood"", ""DDoS-SynonymousIP_Flood"", ""DDoS-ACK_Fragmentation"", ""DDoS-UDP_Fragmentation"", ""DDoS-ICMP_Fragmentation"", ""DDoS-SlowLoris"", ""DDoS-HTTP_Flood"", ""DoS-UDP_Flood"", ""DoS-SYN_Flood"", ""DoS-TCP_Flood"", ""DoS-HTTP_Flood"", ""Mirai-greeth_flood"", ""Mirai-greip_flood"", ""Mirai-udpplain"", ""Recon-PingSweep"", ""Recon-OSScan"", ""Recon-PortScan"", ""VulnerabilityScan"", ""Recon-HostDiscovery"", ""DNS_Spoofing"", ""MITM-ArpSpoofing"", ""BenignTraffic"", ""BrowserHijacking"", ""Backdoor_Malware"", ""XSS"", ""Uploading_Attack"", ""SqlInjection"", ""CommandInjection"", ""DictionaryBruteForce""]","[35027, 35029, 35027, 35022, 35028, 35021, 35021, 32101, 32869, 35023, 2728, 3270, 35021, 35019, 35021, 8183, 35016, 35022, 35018, 245, 11173, 9346, 4220, 15228, 20508, 35014, 35014, 649, 403, 421, 150, 612, 601, 1450]",,,,,,50.0,
95ea5c21001c,ciciot2023,fine,statavg,1,,sensitivity,0.5189195283905725,0.7399294061340884,0.5308356608722742,0.7061983550086399,0.05762080165800221,0.4361095451938575,0.6551873879594049,"[0.9991983164645756, 0.9981963927855712, 0.9703436529405871, 0.7825781876503609, 0.9292017649418371, 0.9987968718668538, 0.6387691690889045, 0.9843630399125205, 0.8598590044862209, 0.9849714457469192, 0.3403693931398417, 0.5846153846153846, 0.5864902786129484, 0.3309287646528404, 0.5086647300410698, 0.8436692506459949, 0.9915865384615384, 0.014225606090963735, 0.9935884592266079, 0.0, 0.18738170347003155, 0.007164404223227752, 0.9011824324324325, 0.7233895174324636, 0.09825402259500171, 0.7757533286615277, 0.83665298768892, 0.0, 0.0, 0.0, 0.0, 0.0, 0.0, 0.1782178217821782]",200584,56290,109824,1.4955420399928698,1.3909683550082264,342.2524925119942,346.8817677497864,562.9372,1502.0234375,270.8271484375,50,0.5180099502902934,"[""DDoS-RSTFINFlood"", ""DDoS-PSHACK_Flood"", ""DDoS-SYN_Flood"", ""DDoS-UDP_Flood"", ""DDoS-TCP_Flood"", ""DDoS-ICMP_Flood"", ""DDoS-SynonymousIP_Flood"", ""DDoS-ACK_Fragmentation"", ""DDoS-UDP_Fragmentation"", ""DDoS-ICMP_Fragmentation"", ""DDoS-SlowLoris"", ""DDoS-HTTP_Flood"", ""DoS-UDP_Flood"", ""DoS-SYN_Flood"", ""DoS-TCP_Flood"", ""DoS-HTTP_Flood"", ""Mirai-greeth_flood"", ""Mirai-greip_flood"", ""Mirai-udpplain"", ""Recon-PingSweep"", ""Recon-OSScan"", ""Recon-PortScan"", ""VulnerabilityScan"", ""Recon-HostDiscovery"", ""DNS_Spoofing"", ""MITM-ArpSpoofing"", ""BenignTraffic"", ""BrowserHijacking"", ""Backdoor_Malware"", ""XSS"", ""Uploading_Attack"", ""SqlInjection"", ""CommandInjection"", ""DictionaryBruteForce""]","[35045, 35038, 35041, 35047, 35055, 35052, 35046, 32127, 32891, 35037, 2737, 3283, 35043, 35038, 35033, 8190, 35029, 35037, 35035, 255, 11189, 9355, 4238, 15242, 20524, 35022, 35021, 660, 404, 431, 152, 612, 607, 1456]",,,,,,100.0,
4e717013198c,ciciot2023,fine,statavg,2,,sensitivity,0.47368429633282394,0.6930633480561856,0.5096945552654604,0.6335550333077323,0.1290152070679156,0.4801956986338037,0.5974397150478545,"[0.9985994397759104, 0.9973994798959792, 0.0, 0.9610922184436888, 0.8805761152230446, 0.998999699909973, 0.9397759103641457, 0.9903961584633854, 0.9812386739153608, 0.9808961792358472, 0.9702072538860104, 0.24190064794816415, 0.06761352270454091, 0.4209841968393679, 0.5056516955086526, 0.9223509223509223, 0.0, 0.990296118447379, 0.974997499749975, 0.0, 0.00031387319522912746, 0.2264363499812242, 0.7833333333333333, 0.6712707182320442, 0.019132217287324907, 0.631626325265053, 0.9835967193438687, 0.0, 0.0, 0.017094017094017096, 0.0, 0.0, 0.005952380952380952, 0.1678832116788321]",201048,56290,109824,1.3658989850046055,1.1447144900012063,328.18455757300035,329.61208057403564,56.29372,1494.49609375,310.24560546875,25,0.4757909404340512,"[""DDoS-RSTFINFlood"", ""DDoS-PSHACK_Flood"", ""DDoS-SYN_Flood"", ""DDoS-UDP_Flood"", ""DDoS-TCP_Flood"", ""DDoS-ICMP_Flood"", ""DDoS-SynonymousIP_Flood"", ""DDoS-ACK_Fragmentation"", ""DDoS-UDP_Fragmentation"", ""DDoS-ICMP_Fragmentation"", ""DDoS-SlowLoris"", ""DDoS-HTTP_Flood"", ""DoS-UDP_Flood"", ""DoS-SYN_Flood"", ""DoS-TCP_Flood"", ""DoS-HTTP_Flood"", ""Mirai-greeth_flood"", ""Mirai-greip_flood"", ""Mirai-udpplain"", ""Recon-PingSweep"", ""Recon-OSScan"", ""Recon-PortScan"", ""VulnerabilityScan"", ""Recon-HostDiscovery"", ""DNS_Spoofing"", ""MITM-ArpSpoofing"", ""BenignTraffic"", ""BrowserHijacking"", ""Backdoor_Malware"", ""XSS"", ""Uploading_Attack"", ""SqlInjection"", ""CommandInjection"", ""DictionaryBruteForce""]","[35009, 35004, 35004, 35005, 35004, 35007, 35008, 32093, 32851, 35004, 2710, 3250, 35004, 35004, 35006, 8172, 35002, 35008, 35003, 239, 11158, 9331, 4209, 15216, 20498, 35004, 35004, 646, 395, 418, 145, 602, 595, 1442]",,,,,,10.0,
9a9c2a596a0d,ciciot2023,fine,statavg,2,,sensitivity,0.4780745002879562,0.6688357920626938,0.5087437764082081,0.6191870416691103,0.09026852164107066,0.4212983271416909,0.612608893907352,"[0.9993990986479719, 0.9983980776932319, 0.0003003003003003003, 0.9982984686217596, 0.9909873823352694, 0.9990990089098007, 0.9703585019026637, 0.9884266841358227, 0.9915733333333333, 0.9769769769769769, 0.6797385620915033, 0.5396308360477742, 0.23203203203203204, 0.3721721721721722, 0.204083675307777, 0.790447504302926, 0.9938945050545491, 0.0009006304413089162, 0.9933953767637346, 0.0, 0.00031426775612822125, 0.44913338357196686, 0.8987447698744769, 0.7806451612903226, 0.7047863247863247, 0.38489244622311153, 0.22598078462770216, 0.0, 0.0, 0.0, 0.0, 0.0, 0.0, 0.13267813267813267]",200849,56290,109824,1.4396275050057739,1.5118913449987303,341.70006741900215,344.53804206848145,281.4686,1500.5546875,269.76220703125,50,0.4794665665926621,"[""DDoS-RSTFINFlood"", ""DDoS-PSHACK_Flood"", ""DDoS-SYN_Flood"", ""DDoS-UDP_Flood"", ""DDoS-TCP_Flood"", ""DDoS-ICMP_Flood"", ""DDoS-SynonymousIP_Flood"", ""DDoS-ACK_Fragmentation"", ""DDoS-UDP_Fragmentation"", ""DDoS-ICMP_Fragmentation"", ""DDoS-SlowLoris"", ""DDoS-HTTP_Flood"", ""DoS-UDP_Flood"", ""DoS-SYN_Flood"", ""DoS-TCP_Flood"", ""DoS-HTTP_Flood"", ""Mirai-greeth_flood"", ""Mirai-greip_flood"", ""Mirai-udpplain"", ""Recon-PingSweep"", ""Recon-OSScan"", ""Recon-PortScan"", ""VulnerabilityScan"", ""Recon-HostDiscovery"", ""DNS_Spoofing"", ""MITM-ArpSpoofing"", ""BenignTraffic"", ""BrowserHijacking"", ""Backdoor_Malware"", ""XSS"", ""Uploading_Attack"", ""SqlInjection"", ""CommandInjection"", ""DictionaryBruteForce""]","[35032, 35023, 35021, 35017, 35027, 35021, 35028, 32101, 32864, 35022, 2724, 3260, 35019, 35023, 35019, 8186, 35016, 35014, 35015, 248, 11166, 9349, 4221, 15225, 20506, 35011, 35016, 651, 399, 422, 148, 607, 599, 1450]",,,,,,50.0,
81af7b2c4c45,ciciot2023,fine,statavg,2,,sensitivity,0.5106923280721541,0.71827741462612,0.524884791862911,0.691106997330192,0.06083113822011959,0.4847237117205112,0.6663932298338695,"[0.998897132544616, 0.9982957393483709, 0.9788449969921796, 0.997995590298657, 0.9894726288349709, 0.9987967512283165, 0.6282706766917293, 0.9924532429180795, 0.981742472773863, 0.9754459811585489, 0.3654353562005277, 0.6608122941822173, 0.2828222088594909, 0.06953211101092074, 0.46749474105980166, 0.762192490289167, 0.7190943698657584, 0.3004807692307692, 0.9952938820466607, 0.0, 0.023607176581680833, 0.08675971331572992, 0.8525695029486099, 0.7610251673978295, 0.7378873480568395, 0.3865024531891459, 0.6523132385339475, 0.0, 0.0, 0.0, 0.0, 0.0, 0.0, 0.18204488778054864]",200559,56290,109824,1.2466205500095384,1.3557766799931414,351.14710636999007,355.4481477737427,562.9372,1501.953125,268.92138671875,50,0.5088392558813544,"[""DDoS-RSTFINFlood"", ""DDoS-PSHACK_Flood"", ""DDoS-SYN_Flood"", ""DDoS-UDP_Flood"", ""DDoS-TCP_Flood"", ""DDoS-ICMP_Flood"", ""DDoS-SynonymousIP_Flood"", ""DDoS-ACK_Fragmentation"", ""DDoS-UDP_Fragmentation"", ""DDoS-ICMP_Fragmentation"", ""DDoS-SlowLoris"", ""DDoS-HTTP_Flood"", ""DoS-UDP_Flood"", ""DoS-SYN_Flood"", ""DoS-TCP_Flood"", ""DoS-HTTP_Flood"", ""Mirai-greeth_flood"", ""Mirai-greip_flood"", ""Mirai-udpplain"", ""Recon-PingSweep"", ""Recon-OSScan"", ""Recon-PortScan"", ""VulnerabilityScan"", ""Recon-HostDiscovery"", ""DNS_Spoofing"", ""MITM-ArpSpoofing"", ""BenignTraffic"", ""BrowserHijacking"", ""Backdoor_Malware"", ""XSS"", ""Uploading_Attack"", ""SqlInjection"", ""CommandInjection"", ""DictionaryBruteForce""]","[35050, 35051, 35053, 35044, 35050, 35052, 35049, 32134, 32881, 35045, 2737, 3278, 35045, 35040, 35035, 8199, 35035, 35033, 35028, 256, 11176, 9353, 4231, 15242, 20523, 35027, 35028, 658, 412, 429, 152, 616, 613, 1460]",,,,,,100.0,
2084969b7ee9,ciciot2023,fine,fedlc,0,,sensitivity,0.5211527228170907,0.7194321895221658,0.5373372280888329,0.6939205680578733,0.10405131248092309,0.47335845758226947,0.5788351493386049,"[0.968493698739748, 0.9903980796159232, 0.8716486594637856, 0.33766753350670137, 0.9871974394878976, 0.9984995498649595, 0.5056516955086526, 0.9266775777414076, 0.9130156699712184, 0.967996799679968, 0.7584415584415585, 0.8311688311688312, 0.026105221044208843, 0.7084416883376675, 0.41758351670334065, 0.5722865722865723, 0.7775777577757775, 0.710242048409682, 0.9931986397279456, 0.0, 0.0, 0.41194141945174617, 0.8849040867389492, 0.4533947065592635, 0.6429791595490263, 0.5359535953595359, 0.8999799959991999, 0.0, 0.0, 0.0, 0.0, 0.029239766081871343, 0.0, 0.14878048780487804]",201053,56290,109824,1.4706716899854655,1.5583893000075477,331.96589983400554,333.49175667762756,56.29,1553.03515625,304.5302734375,45,0.5229300987643135,"[""DDoS-RSTFINFlood"", ""DDoS-PSHACK_Flood"", ""DDoS-SYN_Flood"", ""DDoS-UDP_Flood"", ""DDoS-TCP_Flood"", ""DDoS-ICMP_Flood"", ""DDoS-SynonymousIP_Flood"", ""DDoS-ACK_Fragmentation"", ""DDoS-UDP_Fragmentation"", ""DDoS-ICMP_Fragmentation"", ""DDoS-SlowLoris"", ""DDoS-HTTP_Flood"", ""DoS-UDP_Flood"", ""DoS-SYN_Flood"", ""DoS-TCP_Flood"", ""DoS-HTTP_Flood"", ""Mirai-greeth_flood"", ""Mirai-greip_flood"", ""Mirai-udpplain"", ""Recon-PingSweep"", ""Recon-OSScan"", ""Recon-PortScan"", ""VulnerabilityScan"", ""Recon-HostDiscovery"", ""DNS_Spoofing"", ""MITM-ArpSpoofing"", ""BenignTraffic"", ""BrowserHijacking"", ""Backdoor_Malware"", ""XSS"", ""Uploading_Attack"", ""SqlInjection"", ""CommandInjection"", ""DictionaryBruteForce""]","[35006, 35004, 35008, 35004, 35006, 35006, 35007, 32090, 32852, 35003, 2714, 3255, 35005, 35004, 35004, 8171, 35002, 35004, 35004, 237, 11160, 9331, 4210, 15214, 20498, 35002, 35004, 647, 393, 416, 146, 601, 594, 1443]",,,,,,10.0,
7111c7d7b0c9,ciciot2023,fine,fedlc,0,,sensitivity,0.47998221931737595,0.6837673654334512,0.4984882421905226,0.6491891224804595,0.07791891713460342,0.4144488497486874,0.5812429695570227,"[0.4662128341175293, 0.9752604166666666, 0.8986986986986987, 0.12363599959955951, 0.9368115361506109, 0.8734987990392313, 0.35052062474969964, 0.9593664664117968, 0.9478288701589672, 0.9758686292179833, 0.6496732026143791, 0.6775244299674267, 0.9657623385724297, 0.6403763387048343, 0.6384107285828663, 0.6599225139905295, 0.10137095967177023, 0.9648578293952743, 0.92880744968459, 0.0, 0.0050330292544825414, 0.3012410680707033, 0.8560669456066946, 0.5168202764976959, 0.052667578659370724, 0.47277822257806246, 0.9579873962188656, 0.0, 0.0, 0.0, 0.0, 0.0, 0.0, 0.051597051597051594]",200830,56290,109824,1.4032498499909707,1.4659336649856414,344.4772859980003,347.4285719394684,281.45,1553.90234375,265.736328125,50,0.4782671721264333,"[""DDoS-RSTFINFlood"", ""DDoS-PSHACK_Flood"", ""DDoS-SYN_Flood"", ""DDoS-UDP_Flood"", ""DDoS-TCP_Flood"", ""DDoS-ICMP_Flood"", ""DDoS-SynonymousIP_Flood"", ""DDoS-ACK_Fragmentation"", ""DDoS-UDP_Fragmentation"", ""DDoS-ICMP_Fragmentation"", ""DDoS-SlowLoris"", ""DDoS-HTTP_Flood"", ""DoS-UDP_Flood"", ""DoS-SYN_Flood"", ""DoS-TCP_Flood"", ""DoS-HTTP_Flood"", ""Mirai-greeth_flood"", ""Mirai-greip_flood"", ""Mirai-udpplain"", ""Recon-PingSweep"", ""Recon-OSScan"", ""Recon-PortScan"", ""VulnerabilityScan"", ""Recon-HostDiscovery"", ""DNS_Spoofing"", ""MITM-ArpSpoofing"", ""BenignTraffic"", ""BrowserHijacking"", ""Backdoor_Malware"", ""XSS"", ""Uploading_Attack"", ""SqlInjection"", ""CommandInjection"", ""DictionaryBruteForce""]","[35024, 35032, 35021, 35022, 35027, 35020, 35025, 32111, 32868, 35027, 2724, 3262, 35023, 35017, 35015, 8186, 35019, 35023, 35026, 244, 11172, 9339, 4218, 15226, 20507, 35016, 35008, 652, 403, 428, 148, 610, 602, 1449]",,,,,,50.0,
154c331cff55,ciciot2023,fine,fedlc,0,,sensitivity,0.4324151294056779,0.6091010165976138,0.4364581098712964,0.5962225192462864,0.04308197563481579,0.36840167262045936,0.5467606016653701,"[0.6976744186046512, 0.5572029653376077, 0.22393744987971131, 0.5166366005211466, 0.4821088503558184, 0.7398015435501654, 0.14987468671679197, 0.9526775956284153, 0.8450854700854701, 0.9601162441126365, 0.26023778071334214, 0.3791208791208791, 0.6681699739426739, 0.7086464282136059, 0.5555110220440882, 0.7145941278065631, 0.7625250501002004, 0.4086215538847118, 0.9519134441995593, 0.0, 0.01639861242510249, 0.07315233785822021, 0.7749790092359362, 0.46230112981323496, 0.48613013698630136, 0.5243340676947726, 0.8403243567924717, 0.0, 0.0, 0.0, 0.0, 0.0, 0.0, 0.1275]",200571,56290,109824,1.4875063249928644,1.3281594299951394,356.27330640899527,360.87387704849243,562.9,1552.0078125,269.59228515625,40,0.43060639609851253,"[""DDoS-RSTFINFlood"", ""DDoS-PSHACK_Flood"", ""DDoS-SYN_Flood"", ""DDoS-UDP_Flood"", ""DDoS-TCP_Flood"", ""DDoS-ICMP_Flood"", ""DDoS-SynonymousIP_Flood"", ""DDoS-ACK_Fragmentation"", ""DDoS-UDP_Fragmentation"", ""DDoS-ICMP_Fragmentation"", ""DDoS-SlowLoris"", ""DDoS-HTTP_Flood"", ""DoS-UDP_Flood"", ""DoS-SYN_Flood"", ""DoS-TCP_Flood"", ""DoS-HTTP_Flood"", ""Mirai-greeth_flood"", ""Mirai-greip_flood"", ""Mirai-udpplain"", ""Recon-PingSweep"", ""Recon-OSScan"", ""Recon-PortScan"", ""VulnerabilityScan"", ""Recon-HostDiscovery"", ""DNS_Spoofing"", ""MITM-ArpSpoofing"", ""BenignTraffic"", ""BrowserHijacking"", ""Backdoor_Malware"", ""XSS"", ""Uploading_Attack"", ""SqlInjection"", ""CommandInjection"", ""DictionaryBruteForce""]","[35047, 35040, 35048, 35049, 35045, 35050, 35050, 32125, 32896, 35042, 2743, 3282, 35043, 35038, 35040, 8203, 35040, 35047, 35037, 253, 11188, 9351, 4227, 15230, 20525, 35029, 35023, 660, 405, 428, 161, 613, 603, 1463]",,,,,,100.0,
100548514d49,ciciot2023,fine,fedlc,1,,sensitivity,0.3898394816828851,0.5970366759840444,0.4342631901044058,0.5641977144970236,0.0,0.3765555790747879,0.5011530676503059,"[0.99749949989998, 0.9547864359307793, 0.08751750350070014, 0.911073321996599, 0.34953981592637057, 0.9791937581274383, 0.01970591177353206, 0.40080750763858575, 0.687839710114036, 0.9705941188237648, 0.0, 0.5891891891891892, 0.4372874574914983, 0.9113734120236071, 0.8881776355271054, 0.7400257400257401, 0.15783156631326264, 0.7258451690338068, 0.9726945389077816, 0.0, 0.00282574568288854, 0.4005255255255255, 0.9025, 0.867433831990794, 0.0, 0.8106810681068107, 0.0, 0.0, 0.0, 0.0, 0.0, 0.0, 0.0, 0.0]",201058,56290,109824,1.3977032650109322,1.636660620006296,329.3895823240018,330.94870710372925,56.29,1552.25,299.634765625,10,0.39004065677850147,"[""DDoS-RSTFINFlood"", ""DDoS-PSHACK_Flood"", ""DDoS-SYN_Flood"", ""DDoS-UDP_Flood"", ""DDoS-TCP_Flood"", ""DDoS-ICMP_Flood"", ""DDoS-SynonymousIP_Flood"", ""DDoS-ACK_Fragmentation"", ""DDoS-UDP_Fragmentation"", ""DDoS-ICMP_Fragmentation"", ""DDoS-SlowLoris"", ""DDoS-HTTP_Flood"", ""DoS-UDP_Flood"", ""DoS-SYN_Flood"", ""DoS-TCP_Flood"", ""DoS-HTTP_Flood"", ""Mirai-greeth_flood"", ""Mirai-greip_flood"", ""Mirai-udpplain"", ""Recon-PingSweep"", ""Recon-OSScan"", ""Recon-PortScan"", ""VulnerabilityScan"", ""Recon-HostDiscovery"", ""DNS_Spoofing"", ""MITM-ArpSpoofing"", ""BenignTraffic"", ""BrowserHijacking"", ""Backdoor_Malware"", ""XSS"", ""Uploading_Attack"", ""SqlInjection"", ""CommandInjection"", ""DictionaryBruteForce""]","[35004, 35006, 35004, 35006, 35008, 35006, 35006, 32091, 32849, 35005, 2713, 3254, 35004, 35006, 35004, 8173, 35005, 35004, 35004, 239, 11160, 9328, 4208, 15214, 20497, 35002, 35000, 644, 393, 416, 144, 601, 593, 1442]",,,,,,10.0,
25059a10aa63,ciciot2023,fine,fedlc,1,,sensitivity,0.3731595084281944,0.5667543047215002,0.4127711834592757,0.4994366325888391,0.06882259359323578,0.32078881564352074,0.5105525400908976,"[0.6467053875425596, 0.4831764470258362, 0.029040656919687564, 0.020224269122947537, 0.08259911894273128, 0.3087087087087087, 0.5126126126126126, 0.9364628820960699, 0.8823215619332124, 0.9727673207849419, 0.45740498034076016, 0.50764192139738, 0.8632632632632633, 0.6895205685116605, 0.9834818300130144, 0.5249355116079105, 0.00040032025620496394, 0.9721721721721722, 0.9889900910819738, 0.0, 0.05380742605412209, 0.0, 0.932998324958124, 0.36460013828070986, 0.005129081894340913, 0.7669368557990593, 0.8863204242970079, 0.0, 0.0, 0.0, 0.0, 0.012121212121212121, 0.0, 0.14987714987714987]",200826,56290,109824,1.1775425749874557,1.2907466599972395,341.7711187190034,344.5594389438629,281.45,1554.20703125,266.16796875,50,0.37625671372971936,"[""DDoS-RSTFINFlood"", ""DDoS-PSHACK_Flood"", ""DDoS-SYN_Flood"", ""DDoS-UDP_Flood"", ""DDoS-TCP_Flood"", ""DDoS-ICMP_Flood"", ""DDoS-SynonymousIP_Flood"", ""DDoS-ACK_Fragmentation"", ""DDoS-UDP_Fragmentation"", ""DDoS-ICMP_Fragmentation"", ""DDoS-SlowLoris"", ""DDoS-HTTP_Flood"", ""DoS-UDP_Flood"", ""DoS-SYN_Flood"", ""DoS-TCP_Flood"", ""DoS-HTTP_Flood"", ""Mirai-greeth_flood"", ""Mirai-greip_flood"", ""Mirai-udpplain"", ""Recon-PingSweep"", ""Recon-OSScan"", ""Recon-PortScan"", ""VulnerabilityScan"", ""Recon-HostDiscovery"", ""DNS_Spoofing"", ""MITM-ArpSpoofing"", ""BenignTraffic"", ""BrowserHijacking"", ""Backdoor_Malware"", ""XSS"", ""Uploading_Attack"", ""SqlInjection"", ""CommandInjection"", ""DictionaryBruteForce""]","[35027, 35029, 35027, 35022, 35028, 35021, 35021, 32101, 32869, 35023, 2728, 3270, 35021, 35019, 35021, 8183, 35016, 35022, 35018, 245, 11173, 9346, 4220, 15228, 20508, 35014, 35014, 649, 403, 421, 150, 612, 601, 1450]",,,,,,50.0,
5f9180423cd2,ciciot2023,fine,fedlc,1,,sensitivity,0.39681028476540664,0.5740737047820365,0.4096926527368286,0.5579056440794056,0.025232140628310848,0.35542066342787215,0.5359059770809047,"[0.7042789858703277, 0.7467935871743487, 0.41809437932070936, 0.6521651964715317, 0.35880465302847975, 0.9835572488470022, 0.25598877418061544, 0.6400218698742483, 0.7099978637043367, 0.9449954914337241, 0.20976253298153033, 0.5516483516483517, 0.19122068550811785, 0.6072537821861537, 0.27486727436642294, 0.5917312661498708, 0.6467347756410257, 0.43047485473852937, 0.9811660989781607, 0.0, 0.016403785488958992, 0.016214177978883863, 0.856418918918919, 0.5980143154006003, 0.030640191715166038, 0.6446090699769746, 0.8503653287959163, 0.0, 0.0, 0.0, 0.0, 0.0, 0.0, 0.017326732673267328]",200584,56290,109824,1.4659364950057352,1.5178651950009225,356.37500881798405,361.07956528663635,562.9,1555.40625,270.8271484375,35,0.3953987447866464,"[""DDoS-RSTFINFlood"", ""DDoS-PSHACK_Flood"", ""DDoS-SYN_Flood"", ""DDoS-UDP_Flood"", ""DDoS-TCP_Flood"", ""DDoS-ICMP_Flood"", ""DDoS-SynonymousIP_Flood"", ""DDoS-ACK_Fragmentation"", ""DDoS-UDP_Fragmentation"", ""DDoS-ICMP_Fragmentation"", ""DDoS-SlowLoris"", ""DDoS-HTTP_Flood"", ""DoS-UDP_Flood"", ""DoS-SYN_Flood"", ""DoS-TCP_Flood"", ""DoS-HTTP_Flood"", ""Mirai-greeth_flood"", ""Mirai-greip_flood"", ""Mirai-udpplain"", ""Recon-PingSweep"", ""Recon-OSScan"", ""Recon-PortScan"", ""VulnerabilityScan"", ""Recon-HostDiscovery"", ""DNS_Spoofing"", ""MITM-ArpSpoofing"", ""BenignTraffic"", ""BrowserHijacking"", ""Backdoor_Malware"", ""XSS"", ""Uploading_Attack"", ""SqlInjection"", ""CommandInjection"", ""DictionaryBruteForce""]","[35045, 35038, 35041, 35047, 35055, 35052, 35046, 32127, 32891, 35037, 2737, 3283, 35043, 35038, 35033, 8190, 35029, 35037, 35035, 255, 11189, 9355, 4238, 15242, 20524, 35022, 35021, 660, 404, 431, 152, 612, 607, 1456]",,,,,,100.0,
e55b980bce9e,ciciot2023,fine,fedlc,2,,sensitivity,0.5027486683934804,0.7029515339620389,0.5113469573630176,0.6769099219578941,0.06278653942320218,0.414924736332808,0.5665964320019483,"[0.9968987595038015, 0.9739947989597919, 0.0, 0.8600720144028806, 0.991998399679936, 0.996999099729919, 0.9750900360144058, 0.9672596311251773, 0.46935294744696726, 0.9724944988997799, 0.3898963730569948, 0.5561555075593952, 0.504000800160032, 0.1917383476695339, 0.7144143242972892, 0.7434577434577434, 0.5983598359835983, 0.5887354941976791, 0.9852985298529853, 0.0, 0.0, 0.35411190386781827, 0.9091666666666667, 0.7023480662983426, 0.19405534677143832, 0.6570314062812562, 0.9176835367073415, 0.0, 0.0, 0.0, 0.0, 0.0, 0.0, 0.17518248175182483]",201048,56290,109824,1.1679286000071443,1.3348691999999573,328.1799522679976,329.5696406364441,56.29,1547.36328125,310.24560546875,30,0.5050351150177002,"[""DDoS-RSTFINFlood"", ""DDoS-PSHACK_Flood"", ""DDoS-SYN_Flood"", ""DDoS-UDP_Flood"", ""DDoS-TCP_Flood"", ""DDoS-ICMP_Flood"", ""DDoS-SynonymousIP_Flood"", ""DDoS-ACK_Fragmentation"", ""DDoS-UDP_Fragmentation"", ""DDoS-ICMP_Fragmentation"", ""DDoS-SlowLoris"", ""DDoS-HTTP_Flood"", ""DoS-UDP_Flood"", ""DoS-SYN_Flood"", ""DoS-TCP_Flood"", ""DoS-HTTP_Flood"", ""Mirai-greeth_flood"", ""Mirai-greip_flood"", ""Mirai-udpplain"", ""Recon-PingSweep"", ""Recon-OSScan"", ""Recon-PortScan"", ""VulnerabilityScan"", ""Recon-HostDiscovery"", ""DNS_Spoofing"", ""MITM-ArpSpoofing"", ""BenignTraffic"", ""BrowserHijacking"", ""Backdoor_Malware"", ""XSS"", ""Uploading_Attack"", ""SqlInjection"", ""CommandInjection"", ""DictionaryBruteForce""]","[35009, 35004, 35004, 35005, 35004, 35007, 35008, 32093, 32851, 35004, 2710, 3250, 35004, 35004, 35006, 8172, 35002, 35008, 35003, 239, 11158, 9331, 4209, 15216, 20498, 35004, 35004, 646, 395, 418, 145, 602, 595, 1442]",,,,,,10.0,
602ab27a7a32,ciciot2023,fine,fedlc,2,,sensitivity,0.4401166593390009,0.656891495601173,0.461196959189067,0.6151785797843082,0.024812334616256187,0.31311748629193475,0.549675303250509,"[0.985678517776665, 0.5378454144973969, 0.0, 0.6985286758082274, 0.9308031243741238, 0.9480428471318451, 0.9126777488483877, 0.8392837646031226, 0.97536, 0.9675675675675676, 0.17908496732026144, 0.36047774158523344, 0.6560560560560561, 0.6165165165165165, 0.30917826043439095, 0.6815834767641996, 0.964868381543389, 0.0016011207845491844, 0.967277093965776, 0.0, 0.0028284098051539913, 0.19065561416729465, 0.8669456066945607, 0.471889400921659, 0.27384615384615385, 0.8806403201600801, 0.4172337870296237, 0.0, 0.0, 0.0, 0.0, 0.0, 0.0, 0.044226044226044224]",200849,56290,109824,1.4350134099913703,1.487165830003505,347.2016147550203,350.1154375076294,281.45,1554.71875,269.76220703125,40,0.44103593552856507,"[""DDoS-RSTFINFlood"", ""DDoS-PSHACK_Flood"", ""DDoS-SYN_Flood"", ""DDoS-UDP_Flood"", ""DDoS-TCP_Flood"", ""DDoS-ICMP_Flood"", ""DDoS-SynonymousIP_Flood"", ""DDoS-ACK_Fragmentation"", ""DDoS-UDP_Fragmentation"", ""DDoS-ICMP_Fragmentation"", ""DDoS-SlowLoris"", ""DDoS-HTTP_Flood"", ""DoS-UDP_Flood"", ""DoS-SYN_Flood"", ""DoS-TCP_Flood"", ""DoS-HTTP_Flood"", ""Mirai-greeth_flood"", ""Mirai-greip_flood"", ""Mirai-udpplain"", ""Recon-PingSweep"", ""Recon-OSScan"", ""Recon-PortScan"", ""VulnerabilityScan"", ""Recon-HostDiscovery"", ""DNS_Spoofing"", ""MITM-ArpSpoofing"", ""BenignTraffic"", ""BrowserHijacking"", ""Backdoor_Malware"", ""XSS"", ""Uploading_Attack"", ""SqlInjection"", ""CommandInjection"", ""DictionaryBruteForce""]","[35032, 35023, 35021, 35017, 35027, 35021, 35028, 32101, 32864, 35022, 2724, 3260, 35019, 35023, 35019, 8186, 35016, 35014, 35015, 248, 11166, 9349, 4221, 15225, 20506, 35011, 35016, 651, 399, 422, 148, 607, 599, 1450]",,,,,,50.0,
0fa085547eeb,ciciot2023,fine,fedlc,2,,sensitivity,0.39760308569120917,0.5616053131497465,0.3985742282963403,0.5481205030371358,0.025343048125801005,0.4024693125331769,0.5558230506159928,"[0.9514738319631041, 0.6816040100250627, 0.1028674553839984, 0.6525355782721989, 0.2434329256065771, 0.523513486413316, 0.004511278195488722, 0.44569616099748444, 0.5869101003630152, 0.9091000200440971, 0.22559366754617413, 0.47859495060373214, 0.5432952495490078, 0.7536319006111613, 0.7918461384353401, 0.5878290893396634, 0.4809657383289922, 0.5641025641025641, 0.9741664163412436, 0.0, 0.18980169971671387, 0.01923802338740098, 0.6318449873631002, 0.38328330639575153, 0.42920732751241225, 0.6748773405427055, 0.7191067494492289, 0.0, 0.0, 0.0, 0.0, 0.0, 0.0, 0.0024937655860349127]",200559,56290,109824,1.1867880349927873,1.351672580003651,354.6621195410153,359.0712020397186,562.9,1555.96484375,268.92138671875,35,0.3957506188604744,"[""DDoS-RSTFINFlood"", ""DDoS-PSHACK_Flood"", ""DDoS-SYN_Flood"", ""DDoS-UDP_Flood"", ""DDoS-TCP_Flood"", ""DDoS-ICMP_Flood"", ""DDoS-SynonymousIP_Flood"", ""DDoS-ACK_Fragmentation"", ""DDoS-UDP_Fragmentation"", ""DDoS-ICMP_Fragmentation"", ""DDoS-SlowLoris"", ""DDoS-HTTP_Flood"", ""DoS-UDP_Flood"", ""DoS-SYN_Flood"", ""DoS-TCP_Flood"", ""DoS-HTTP_Flood"", ""Mirai-greeth_flood"", ""Mirai-greip_flood"", ""Mirai-udpplain"", ""Recon-PingSweep"", ""Recon-OSScan"", ""Recon-PortScan"", ""VulnerabilityScan"", ""Recon-HostDiscovery"", ""DNS_Spoofing"", ""MITM-ArpSpoofing"", ""BenignTraffic"", ""BrowserHijacking"", ""Backdoor_Malware"", ""XSS"", ""Uploading_Attack"", ""SqlInjection"", ""CommandInjection"", ""DictionaryBruteForce""]","[35050, 35051, 35053, 35044, 35050, 35052, 35049, 32134, 32881, 35045, 2737, 3278, 35045, 35040, 35035, 8199, 35035, 35033, 35028, 256, 11176, 9353, 4231, 15242, 20523, 35027, 35028, 658, 412, 429, 152, 616, 613, 1460]",,,,,,100.0,
ce26e0f9df6d,ciciot2023,fine,scaffold,0,,sensitivity,0.6642387130080537,0.8787682849795825,0.6652754643548463,0.8727429859138873,0.11809402261221533,0.4984670593524282,0.659334462636983,"[0.9977995599119824, 0.99749949989998, 0.9506802721088435, 0.9749949989997999, 0.9826965393078616, 0.9983995198559568, 0.7480244073221967, 0.9823240589198036, 0.9863553992111715, 0.9825982598259826, 0.8922077922077922, 0.7835497835497836, 0.38437687537507503, 0.9568913782756552, 0.835867173434687, 0.8755898755898756, 0.7683768376837684, 0.9771954390878176, 0.9946989397879575, 0.0, 0.39183673469387753, 0.8002253098009764, 0.9608006672226855, 0.7311852704257767, 0.7763922104543901, 0.8305830583058306, 0.8875775155031006, 0.02185792349726776, 0.0, 0.0, 0.0, 0.0, 0.0, 0.14878048780487804]",201053,56290,109824,1.4052416249978705,1.2069479000001593,337.4748820369987,339.0789577960968,112.58,1491.83203125,306.904296875,50,0.665270742361937,"[""DDoS-RSTFINFlood"", ""DDoS-PSHACK_Flood"", ""DDoS-SYN_Flood"", ""DDoS-UDP_Flood"", ""DDoS-TCP_Flood"", ""DDoS-ICMP_Flood"", ""DDoS-SynonymousIP_Flood"", ""DDoS-ACK_Fragmentation"", ""DDoS-UDP_Fragmentation"", ""DDoS-ICMP_Fragmentation"", ""DDoS-SlowLoris"", ""DDoS-HTTP_Flood"", ""DoS-UDP_Flood"", ""DoS-SYN_Flood"", ""DoS-TCP_Flood"", ""DoS-HTTP_Flood"", ""Mirai-greeth_flood"", ""Mirai-greip_flood"", ""Mirai-udpplain"", ""Recon-PingSweep"", ""Recon-OSScan"", ""Recon-PortScan"", ""VulnerabilityScan"", ""Recon-HostDiscovery"", ""DNS_Spoofing"", ""MITM-ArpSpoofing"", ""BenignTraffic"", ""BrowserHijacking"", ""Backdoor_Malware"", ""XSS"", ""Uploading_Attack"", ""SqlInjection"", ""CommandInjection"", ""DictionaryBruteForce""]","[35006, 35004, 35008, 35004, 35006, 35006, 35007, 32090, 32852, 35003, 2714, 3255, 35005, 35004, 35004, 8171, 35002, 35004, 35004, 237, 11160, 9331, 4210, 15214, 20498, 35002, 35004, 647, 393, 416, 146, 601, 594, 1443]",,,,,,10.0,
02465e53cf8a,ciciot2023,fine,scaffold,0,,sensitivity,0.5308810534840203,0.7360254941990738,0.5325906707834529,0.7219848283259181,0.05958043605102429,0.40144539845693317,0.6008186351645957,"[0.8140955050555612, 0.9802684294871795, 0.07837837837837838, 0.7710481529682651, 0.9677548567995193, 0.8782025620496398, 0.8117741289547457, 0.977389404696887, 0.9490024538568228, 0.9752678482026634, 0.3568627450980392, 0.5591748099891423, 0.9670637701471618, 0.5186668001201081, 0.6648318654923939, 0.7335342229875161, 0.9458621034724307, 0.4252102523027633, 0.9735656353259237, 0.0, 0.651462724127084, 0.28469349379465964, 0.7581589958158996, 0.39101382488479264, 0.13679890560875513, 0.6643314651721377, 0.6943082924877463, 0.0, 0.0, 0.0, 0.0, 0.0, 0.0, 0.17936117936117937]",200830,56290,109824,1.5115670199975284,1.5857479550049902,349.88291547199697,353.4651153087616,562.9,1493.01171875,280.55859375,45,0.5275391690217263,"[""DDoS-RSTFINFlood"", ""DDoS-PSHACK_Flood"", ""DDoS-SYN_Flood"", ""DDoS-UDP_Flood"", ""DDoS-TCP_Flood"", ""DDoS-ICMP_Flood"", ""DDoS-SynonymousIP_Flood"", ""DDoS-ACK_Fragmentation"", ""DDoS-UDP_Fragmentation"", ""DDoS-ICMP_Fragmentation"", ""DDoS-SlowLoris"", ""DDoS-HTTP_Flood"", ""DoS-UDP_Flood"", ""DoS-SYN_Flood"", ""DoS-TCP_Flood"", ""DoS-HTTP_Flood"", ""Mirai-greeth_flood"", ""Mirai-greip_flood"", ""Mirai-udpplain"", ""Recon-PingSweep"", ""Recon-OSScan"", ""Recon-PortScan"", ""VulnerabilityScan"", ""Recon-HostDiscovery"", ""DNS_Spoofing"", ""MITM-ArpSpoofing"", ""BenignTraffic"", ""BrowserHijacking"", ""Backdoor_Malware"", ""XSS"", ""Uploading_Attack"", ""SqlInjection"", ""CommandInjection"", ""DictionaryBruteForce""]","[35024, 35032, 35021, 35022, 35027, 35020, 35025, 32111, 32868, 35027, 2724, 3262, 35023, 35017, 35015, 8186, 35019, 35023, 35026, 244, 11172, 9339, 4218, 15226, 20507, 35016, 35008, 652, 403, 428, 148, 610, 602, 1449]",,,,,,50.0,
104f2f24ce5c,ciciot2023,fine,scaffold,0,,sensitivity,0.40958702988085466,0.6281466413389772,0.4315404030691622,0.6121977531669148,0.0,0.3492024653952953,0.5298580980618302,"[0.6983761026463512, 0.7922260068122621, 0.45148356054530875, 0.5737622770094207, 0.4676756540042097, 0.9509872707226621, 0.35288220551378446, 0.9398907103825137, 0.9726495726495726, 0.9712396031666499, 0.0, 0.0, 0.5893966726798958, 0.4855224927361988, 0.6226452905811624, 0.6917098445595855, 0.8239478957915831, 0.42265664160401, 0.939491083951112, 0.0, 0.16209397666351308, 0.04751131221719457, 0.7749790092359362, 0.49550380447313813, 0.6501712328767123, 0.6545163228519928, 0.14105516067674442, 0.0, 0.0, 0.0, 0.0, 0.0, 0.0, 0.0]",200571,56290,109824,1.715628600004493,1.4965532350015565,359.2006543569969,365.42843651771545,1125.8,1491.5625,302.33447265625,45,0.40879323175469934,"[""DDoS-RSTFINFlood"", ""DDoS-PSHACK_Flood"", ""DDoS-SYN_Flood"", ""DDoS-UDP_Flood"", ""DDoS-TCP_Flood"", ""DDoS-ICMP_Flood"", ""DDoS-SynonymousIP_Flood"", ""DDoS-ACK_Fragmentation"", ""DDoS-UDP_Fragmentation"", ""DDoS-ICMP_Fragmentation"", ""DDoS-SlowLoris"", ""DDoS-HTTP_Flood"", ""DoS-UDP_Flood"", ""DoS-SYN_Flood"", ""DoS-TCP_Flood"", ""DoS-HTTP_Flood"", ""Mirai-greeth_flood"", ""Mirai-greip_flood"", ""Mirai-udpplain"", ""Recon-PingSweep"", ""Recon-OSScan"", ""Recon-PortScan"", ""VulnerabilityScan"", ""Recon-HostDiscovery"", ""DNS_Spoofing"", ""MITM-ArpSpoofing"", ""BenignTraffic"", ""BrowserHijacking"", ""Backdoor_Malware"", ""XSS"", ""Uploading_Attack"", ""SqlInjection"", ""CommandInjection"", ""DictionaryBruteForce""]","[35047, 35040, 35048, 35049, 35045, 35050, 35050, 32125, 32896, 35042, 2743, 3282, 35043, 35038, 35040, 8203, 35040, 35047, 35037, 253, 11188, 9351, 4227, 15230, 20525, 35029, 35023, 660, 405, 428, 161, 613, 603, 1463]",,,,,,100.0,
d72d4ab8653d,ciciot2023,fine,scaffold,1,,sensitivity,0.693924323011044,0.8858339384655174,0.7011586901960837,0.8830904535554611,0.24687356111086142,0.5844602874977224,0.6764544345989932,"[0.9981996399279855, 0.9975992797839351, 0.9221844368873775, 0.9924977493247974, 0.9884953981592637, 0.9980994298289487, 0.6509952985895768, 0.9900698384984723, 0.9827347330278162, 0.9835967193438687, 0.9105058365758755, 0.6486486486486487, 0.9896979395879176, 0.981294388316495, 0.9896979395879176, 0.861003861003861, 0.9841968393678736, 0.49529905981196237, 0.9925985197039408, 0.0, 0.9010989010989011, 0.5533033033033034, 0.8366666666666667, 0.9192174913693901, 0.5698667577724633, 0.7057705770577057, 0.6847, 0.0, 0.0, 0.0, 0.0, 0.5906432748538012, 0.3727810650887574, 0.34793187347931875]",201058,56290,109824,1.441938289999598,1.5548106749974977,327.01687130899336,328.70430612564087,112.58,1492.62890625,302.0087890625,45,0.6912407106334935,"[""DDoS-RSTFINFlood"", ""DDoS-PSHACK_Flood"", ""DDoS-SYN_Flood"", ""DDoS-UDP_Flood"", ""DDoS-TCP_Flood"", ""DDoS-ICMP_Flood"", ""DDoS-SynonymousIP_Flood"", ""DDoS-ACK_Fragmentation"", ""DDoS-UDP_Fragmentation"", ""DDoS-ICMP_Fragmentation"", ""DDoS-SlowLoris"", ""DDoS-HTTP_Flood"", ""DoS-UDP_Flood"", ""DoS-SYN_Flood"", ""DoS-TCP_Flood"", ""DoS-HTTP_Flood"", ""Mirai-greeth_flood"", ""Mirai-greip_flood"", ""Mirai-udpplain"", ""Recon-PingSweep"", ""Recon-OSScan"", ""Recon-PortScan"", ""VulnerabilityScan"", ""Recon-HostDiscovery"", ""DNS_Spoofing"", ""MITM-ArpSpoofing"", ""BenignTraffic"", ""BrowserHijacking"", ""Backdoor_Malware"", ""XSS"", ""Uploading_Attack"", ""SqlInjection"", ""CommandInjection"", ""DictionaryBruteForce""]","[35004, 35006, 35004, 35006, 35008, 35006, 35006, 32091, 32849, 35005, 2713, 3254, 35004, 35006, 35004, 8173, 35005, 35004, 35004, 239, 11160, 9328, 4208, 15214, 20497, 35002, 35000, 644, 393, 416, 144, 601, 593, 1442]",,,,,,10.0,
c3a84fd330b4,ciciot2023,fine,scaffold,1,,sensitivity,0.47479573831198013,0.6663728800055769,0.4939589195901645,0.6492082238813308,0.08577110411972796,0.3802018739483698,0.5516884157312824,"[0.9881834568395754, 0.8408772281193672, 0.46555177248147406, 0.1498798558269924, 0.4314177012414898, 0.5807807807807808, 0.35495495495495494, 0.913646288209607, 0.9615918062520005, 0.9748698438125751, 0.6933158584534731, 0.7281659388646288, 0.8341341341341342, 0.714342908617756, 0.8887776554209631, 0.499140154772141, 0.5539431545236189, 0.6683683683683683, 0.98548693824442, 0.0, 0.08527375707992448, 0.06177024482109228, 0.8115577889447236, 0.7923484673887993, 0.5701829372542315, 0.508355849094366, 0.659061342940058, 0.0, 0.0, 0.0, 0.0, 0.0, 0.0, 0.07862407862407862]",200826,56290,109824,1.4135663349952665,1.5971781250027561,348.3700925519897,352.01520323753357,562.9,1492.765625,280.90478515625,50,0.4746469611823419,"[""DDoS-RSTFINFlood"", ""DDoS-PSHACK_Flood"", ""DDoS-SYN_Flood"", ""DDoS-UDP_Flood"", ""DDoS-TCP_Flood"", ""DDoS-ICMP_Flood"", ""DDoS-SynonymousIP_Flood"", ""DDoS-ACK_Fragmentation"", ""DDoS-UDP_Fragmentation"", ""DDoS-ICMP_Fragmentation"", ""DDoS-SlowLoris"", ""DDoS-HTTP_Flood"", ""DoS-UDP_Flood"", ""DoS-SYN_Flood"", ""DoS-TCP_Flood"", ""DoS-HTTP_Flood"", ""Mirai-greeth_flood"", ""Mirai-greip_flood"", ""Mirai-udpplain"", ""Recon-PingSweep"", ""Recon-OSScan"", ""Recon-PortScan"", ""VulnerabilityScan"", ""Recon-HostDiscovery"", ""DNS_Spoofing"", ""MITM-ArpSpoofing"", ""BenignTraffic"", ""BrowserHijacking"", ""Backdoor_Malware"", ""XSS"", ""Uploading_Attack"", ""SqlInjection"", ""CommandInjection"", ""DictionaryBruteForce""]","[35027, 35029, 35027, 35022, 35028, 35021, 35021, 32101, 32869, 35023, 2728, 3270, 35021, 35019, 35021, 8183, 35016, 35022, 35018, 245, 11173, 9346, 4220, 15228, 20508, 35014, 35014, 649, 403, 421, 150, 612, 601, 1450]",,,,,,50.0,
3e460b2a9128,ciciot2023,fine,scaffold,1,,sensitivity,0.46998530569354885,0.656168986559247,0.48508255549441975,0.6409528610673216,0.07959542656112578,0.37484846430758656,0.5794663760252428,"[0.7227177071850887, 0.9652304609218437, 0.7181645125738904, 0.9590016038492382, 0.6174288006417971, 0.9951874874674153, 0.35551769068858374, 0.932750136686714, 0.8194830164494766, 0.9629295661757339, 0.716358839050132, 0.5736263736263736, 0.3315293646021247, 0.4825167818855826, 0.2611439447060002, 0.6231696813092162, 0.25801282051282054, 0.878982167902224, 0.9756561811260268, 0.0, 0.3700315457413249, 0.43024132730015086, 0.45861486486486486, 0.5562225813899793, 0.5477576172543649, 0.24667133847231956, 0.7338604744269843, 0.0, 0.0, 0.0, 0.0, 0.0, 0.0, 0.0]",200584,56290,109824,1.495589039996048,1.5740012849983032,347.7938717790021,353.87004685401917,1125.8,1494.75390625,303.416015625,50,0.4712602959486367,"[""DDoS-RSTFINFlood"", ""DDoS-PSHACK_Flood"", ""DDoS-SYN_Flood"", ""DDoS-UDP_Flood"", ""DDoS-TCP_Flood"", ""DDoS-ICMP_Flood"", ""DDoS-SynonymousIP_Flood"", ""DDoS-ACK_Fragmentation"", ""DDoS-UDP_Fragmentation"", ""DDoS-ICMP_Fragmentation"", ""DDoS-SlowLoris"", ""DDoS-HTTP_Flood"", ""DoS-UDP_Flood"", ""DoS-SYN_Flood"", ""DoS-TCP_Flood"", ""DoS-HTTP_Flood"", ""Mirai-greeth_flood"", ""Mirai-greip_flood"", ""Mirai-udpplain"", ""Recon-PingSweep"", ""Recon-OSScan"", ""Recon-PortScan"", ""VulnerabilityScan"", ""Recon-HostDiscovery"", ""DNS_Spoofing"", ""MITM-ArpSpoofing"", ""BenignTraffic"", ""BrowserHijacking"", ""Backdoor_Malware"", ""XSS"", ""Uploading_Attack"", ""SqlInjection"", ""CommandInjection"", ""DictionaryBruteForce""]","[35045, 35038, 35041, 35047, 35055, 35052, 35046, 32127, 32891, 35037, 2737, 3283, 35043, 35038, 35033, 8190, 35029, 35037, 35035, 255, 11189, 9355, 4238, 15242, 20524, 35022, 35021, 660, 404, 431, 152, 612, 607, 1456]",,,,,,100.0,
6f999c025b6d,ciciot2023,fine,scaffold,2,,sensitivity,0.6736813015163025,0.9048834109267438,0.6751135663177559,0.9022342575552792,0.11690502775159624,0.4947437283505433,0.6821712786309576,"[0.9983993597438976, 0.9955991198239648, 0.9862972594518904, 0.9890978195639127, 0.9923984796959392, 0.998999699909973, 0.9869947979191677, 0.9845028920659172, 0.9826244536829762, 0.9836967393478696, 0.8471502590673575, 0.82829373650108, 0.991998399679936, 0.9786957391478296, 0.940482144643393, 0.9416559416559417, 0.7452745274527453, 0.6855742296918768, 0.9937993799379938, 0.0, 0.28405524168236035, 0.5137063462260608, 0.945, 0.7755524861878453, 0.7751964468739323, 0.7566513302660532, 0.8471694338867773, 0.0, 0.0, 0.0, 0.0, 0.01764705882352941, 0.0, 0.1873479318734793]",201048,56290,109824,1.358704715003114,1.7442629449942615,326.20150545199976,329.14664101600647,112.58,1486.1640625,312.61962890625,40,0.6756365560288005,"[""DDoS-RSTFINFlood"", ""DDoS-PSHACK_Flood"", ""DDoS-SYN_Flood"", ""DDoS-UDP_Flood"", ""DDoS-TCP_Flood"", ""DDoS-ICMP_Flood"", ""DDoS-SynonymousIP_Flood"", ""DDoS-ACK_Fragmentation"", ""DDoS-UDP_Fragmentation"", ""DDoS-ICMP_Fragmentation"", ""DDoS-SlowLoris"", ""DDoS-HTTP_Flood"", ""DoS-UDP_Flood"", ""DoS-SYN_Flood"", ""DoS-TCP_Flood"", ""DoS-HTTP_Flood"", ""Mirai-greeth_flood"", ""Mirai-greip_flood"", ""Mirai-udpplain"", ""Recon-PingSweep"", ""Recon-OSScan"", ""Recon-PortScan"", ""VulnerabilityScan"", ""Recon-HostDiscovery"", ""DNS_Spoofing"", ""MITM-ArpSpoofing"", ""BenignTraffic"", ""BrowserHijacking"", ""Backdoor_Malware"", ""XSS"", ""Uploading_Attack"", ""SqlInjection"", ""CommandInjection"", ""DictionaryBruteForce""]","[35009, 35004, 35004, 35005, 35004, 35007, 35008, 32093, 32851, 35004, 2710, 3250, 35004, 35004, 35006, 8172, 35002, 35008, 35003, 239, 11158, 9331, 4209, 15216, 20498, 35004, 35004, 646, 395, 418, 145, 602, 595, 1442]",,,,,,10.0,
5464ffe37c9f,ciciot2023,fine,scaffold,2,,sensitivity,0.4937704003286049,0.6796996748801338,0.5090896933415238,0.6671559488346259,0.12155158136137355,0.405351723918607,0.5781154631165905,"[0.9953930896344517, 0.8472166599919904, 0.04384384384384384, 0.877589830847763, 0.4445223312637693, 0.982981279407348, 0.8096334868816343, 0.8832842013320231, 0.9627733333333334, 0.9676676676676677, 0.796078431372549, 0.4592833876221498, 0.8058058058058059, 0.7231231231231231, 0.7626864177759984, 0.4608433734939759, 0.781403262936643, 0.16901831281897328, 0.9705794055839088, 0.0, 0.008799497171590195, 0.7381311228334589, 0.8585774058577406, 0.40276497695852537, 0.44256410256410256, 0.512856428214107, 0.3037429943955164, 0.0, 0.0, 0.0, 0.0, 0.16766467065868262, 0.0, 0.13022113022113022]",200849,56290,109824,1.3145983650065318,1.3962945799994486,355.49727338900266,359.0110538005829,562.9,1492.28515625,283.8173828125,50,0.49953795880517227,"[""DDoS-RSTFINFlood"", ""DDoS-PSHACK_Flood"", ""DDoS-SYN_Flood"", ""DDoS-UDP_Flood"", ""DDoS-TCP_Flood"", ""DDoS-ICMP_Flood"", ""DDoS-SynonymousIP_Flood"", ""DDoS-ACK_Fragmentation"", ""DDoS-UDP_Fragmentation"", ""DDoS-ICMP_Fragmentation"", ""DDoS-SlowLoris"", ""DDoS-HTTP_Flood"", ""DoS-UDP_Flood"", ""DoS-SYN_Flood"", ""DoS-TCP_Flood"", ""DoS-HTTP_Flood"", ""Mirai-greeth_flood"", ""Mirai-greip_flood"", ""Mirai-udpplain"", ""Recon-PingSweep"", ""Recon-OSScan"", ""Recon-PortScan"", ""VulnerabilityScan"", ""Recon-HostDiscovery"", ""DNS_Spoofing"", ""MITM-ArpSpoofing"", ""BenignTraffic"", ""BrowserHijacking"", ""Backdoor_Malware"", ""XSS"", ""Uploading_Attack"", ""SqlInjection"", ""CommandInjection"", ""DictionaryBruteForce""]","[35032, 35023, 35021, 35017, 35027, 35021, 35028, 32101, 32864, 35022, 2724, 3260, 35019, 35023, 35019, 8186, 35016, 35014, 35015, 248, 11166, 9349, 4221, 15225, 20506, 35011, 35016, 651, 399, 422, 148, 607, 599, 1450]",,,,,,50.0,
1e964eb89780,ciciot2023,fine,scaffold,2,,sensitivity,0.45573632414933807,0.672101476373536,0.4659290382853645,0.6586821040873971,0.011176251689743686,0.4326918761049547,0.571833686853563,"[0.9920794064567876, 0.9259147869674186, 0.7824343292560658, 0.8306273802365204, 0.36675355925406056, 0.7595507871252382, 0.22456140350877193, 0.6455211637318167, 0.9202434336963485, 0.9289436760873923, 0.06068601583113457, 0.5137211855104281, 0.6245740629384646, 0.602544835186855, 0.8145847941500551, 0.6180405697022011, 0.45642155880585056, 0.6743790064102564, 0.9678582156803845, 0.0, 0.028013849543594586, 0.03017729158807997, 0.6301600673967986, 0.6058646963749711, 0.5986988529361411, 0.4694102333032943, 0.7299218906469057, 0.0, 0.0, 0.0, 0.0, 0.0, 0.0, 0.0399002493765586]",200559,56290,109824,1.147496739995404,1.4457618249980442,358.98150719900514,364.97232818603516,1125.8,1495.74609375,301.66357421875,50,0.45671599143150027,"[""DDoS-RSTFINFlood"", ""DDoS-PSHACK_Flood"", ""DDoS-SYN_Flood"", ""DDoS-UDP_Flood"", ""DDoS-TCP_Flood"", ""DDoS-ICMP_Flood"", ""DDoS-SynonymousIP_Flood"", ""DDoS-ACK_Fragmentation"", ""DDoS-UDP_Fragmentation"", ""DDoS-ICMP_Fragmentation"", ""DDoS-SlowLoris"", ""DDoS-HTTP_Flood"", ""DoS-UDP_Flood"", ""DoS-SYN_Flood"", ""DoS-TCP_Flood"", ""DoS-HTTP_Flood"", ""Mirai-greeth_flood"", ""Mirai-greip_flood"", ""Mirai-udpplain"", ""Recon-PingSweep"", ""Recon-OSScan"", ""Recon-PortScan"", ""VulnerabilityScan"", ""Recon-HostDiscovery"", ""DNS_Spoofing"", ""MITM-ArpSpoofing"", ""BenignTraffic"", ""BrowserHijacking"", ""Backdoor_Malware"", ""XSS"", ""Uploading_Attack"", ""SqlInjection"", ""CommandInjection"", ""DictionaryBruteForce""]","[35050, 35051, 35053, 35044, 35050, 35052, 35049, 32134, 32881, 35045, 2737, 3278, 35045, 35040, 35035, 8199, 35035, 35033, 35028, 256, 11176, 9353, 4231, 15242, 20523, 35027, 35028, 658, 412, 429, 152, 616, 613, 1460]",,,,,,100.0,
3eebd8748ee5,ciciot2023,fine,fedstap,0,,sensitivity,0.5630894926442613,0.7590486090732295,0.5903203977408392,0.7478711661030335,0.19112234439715386,0.5019424958916385,0.6457741554132037,"[0.9981996399279855, 0.997999599919984, 0.9498799519807923, 0.6036207241448289, 0.9839967993598719, 0.9990997299189757, 0.7256176853055917, 0.9829787234042553, 0.985822406992858, 0.9793979397939794, 0.9142857142857143, 0.8831168831168831, 0.8456691338267653, 0.41548309661932387, 0.47249449889977996, 0.6911196911196911, 0.9706970697069707, 0.0647129425885177, 0.9892978595719144, 0.5671641791044776, 0.27001569858712715, 0.18437852046564027, 0.9491242702251876, 0.4515535097813579, 0.6867099419200546, 0.47854785478547857, 0.79125825165033, 0.08743169398907104, 0.0, 0.0, 0.0, 0.0, 0.0, 0.15121951219512195]",201053,56290,109824,1.4266944500013778,1.3782361200037485,335.5385652679961,337.03413009643555,56.29372,1518.63671875,304.5302734375,30,0.5631383092961422,"[""DDoS-RSTFINFlood"", ""DDoS-PSHACK_Flood"", ""DDoS-SYN_Flood"", ""DDoS-UDP_Flood"", ""DDoS-TCP_Flood"", ""DDoS-ICMP_Flood"", ""DDoS-SynonymousIP_Flood"", ""DDoS-ACK_Fragmentation"", ""DDoS-UDP_Fragmentation"", ""DDoS-ICMP_Fragmentation"", ""DDoS-SlowLoris"", ""DDoS-HTTP_Flood"", ""DoS-UDP_Flood"", ""DoS-SYN_Flood"", ""DoS-TCP_Flood"", ""DoS-HTTP_Flood"", ""Mirai-greeth_flood"", ""Mirai-greip_flood"", ""Mirai-udpplain"", ""Recon-PingSweep"", ""Recon-OSScan"", ""Recon-PortScan"", ""VulnerabilityScan"", ""Recon-HostDiscovery"", ""DNS_Spoofing"", ""MITM-ArpSpoofing"", ""BenignTraffic"", ""BrowserHijacking"", ""Backdoor_Malware"", ""XSS"", ""Uploading_Attack"", ""SqlInjection"", ""CommandInjection"", ""DictionaryBruteForce""]","[35006, 35004, 35008, 35004, 35006, 35006, 35007, 32090, 32852, 35003, 2714, 3255, 35005, 35004, 35004, 8171, 35002, 35004, 35004, 237, 11160, 9331, 4210, 15214, 20498, 35002, 35004, 647, 393, 416, 146, 601, 594, 1443]",,,,,,10.0,
50df7b4802d7,ciciot2023,fine,fedstap,0,,sensitivity,0.5681482420112752,0.7685754120400339,0.5869500358409618,0.7474284527216203,0.13793941742133362,0.5547450453721471,0.7127729377339316,"[0.9991991190309341, 0.9979967948717948, 0.9185185185185185, 0.9333266593252578, 0.9840777087923093, 0.9987990392313851, 0.6994393271926311, 0.9832878208629164, 0.983783207084178, 0.978472013617703, 0.8771241830065359, 0.7372421281216069, 0.44268695565121635, 0.5373836452807527, 0.4789831865492394, 0.8872148084373654, 0.9878915240668468, 0.01792150580696836, 0.9905877640933213, 0.047619047619047616, 0.263290342875118, 0.3779616397141783, 0.8895397489539749, 0.7951612903225806, 0.3789329685362517, 0.6256004803843075, 0.8275482644793438, 0.005555555555555556, 0.0, 0.05357142857142857, 0.0, 0.0783132530120482, 0.012195121951219513, 0.16707616707616707]",200830,56290,109824,1.5774011949997657,1.4561755149998135,344.5485243380017,347.45585083961487,281.4686,1521.4765625,265.736328125,50,0.5705839737504723,"[""DDoS-RSTFINFlood"", ""DDoS-PSHACK_Flood"", ""DDoS-SYN_Flood"", ""DDoS-UDP_Flood"", ""DDoS-TCP_Flood"", ""DDoS-ICMP_Flood"", ""DDoS-SynonymousIP_Flood"", ""DDoS-ACK_Fragmentation"", ""DDoS-UDP_Fragmentation"", ""DDoS-ICMP_Fragmentation"", ""DDoS-SlowLoris"", ""DDoS-HTTP_Flood"", ""DoS-UDP_Flood"", ""DoS-SYN_Flood"", ""DoS-TCP_Flood"", ""DoS-HTTP_Flood"", ""Mirai-greeth_flood"", ""Mirai-greip_flood"", ""Mirai-udpplain"", ""Recon-PingSweep"", ""Recon-OSScan"", ""Recon-PortScan"", ""VulnerabilityScan"", ""Recon-HostDiscovery"", ""DNS_Spoofing"", ""MITM-ArpSpoofing"", ""BenignTraffic"", ""BrowserHijacking"", ""Backdoor_Malware"", ""XSS"", ""Uploading_Attack"", ""SqlInjection"", ""CommandInjection"", ""DictionaryBruteForce""]","[35024, 35032, 35021, 35022, 35027, 35020, 35025, 32111, 32868, 35027, 2724, 3262, 35023, 35017, 35015, 8186, 35019, 35023, 35026, 244, 11172, 9339, 4218, 15226, 20507, 35016, 35008, 652, 403, 428, 148, 610, 602, 1449]",,,,,,50.0,
a99bbd279d34,ciciot2023,fine,fedstap,0,,sensitivity,0.5638749378427348,0.7670500720443135,0.5770990422638667,0.7584738095365131,0.11826251284309408,0.535657290807532,0.7162492260298656,"[0.9989975942261428, 0.9971949509116409, 0.9492782678428228, 0.870414912808178, 0.9730379873709532, 0.9979953893956099, 0.6479197994987469, 0.9848087431693989, 0.9850427350427351, 0.9765507565888366, 0.8718626155878467, 0.7868131868131868, 0.5228502705953096, 0.5027552349463982, 0.4962925851703407, 0.7845423143350605, 0.7738476953907816, 0.2938345864661654, 0.9926868363053496, 0.05, 0.14380321665089876, 0.42081447963800905, 0.8287153652392947, 0.7606640534931981, 0.4464041095890411, 0.5861205687963148, 0.8356191810992092, 0.0, 0.0, 0.0, 0.0, 0.0, 0.0, 0.1425]",200571,56290,109824,1.5912792349990923,1.3698992250010633,358.4851807929999,363.1268973350525,562.9372,1519.109375,269.59228515625,45,0.5646791826966275,"[""DDoS-RSTFINFlood"", ""DDoS-PSHACK_Flood"", ""DDoS-SYN_Flood"", ""DDoS-UDP_Flood"", ""DDoS-TCP_Flood"", ""DDoS-ICMP_Flood"", ""DDoS-SynonymousIP_Flood"", ""DDoS-ACK_Fragmentation"", ""DDoS-UDP_Fragmentation"", ""DDoS-ICMP_Fragmentation"", ""DDoS-SlowLoris"", ""DDoS-HTTP_Flood"", ""DoS-UDP_Flood"", ""DoS-SYN_Flood"", ""DoS-TCP_Flood"", ""DoS-HTTP_Flood"", ""Mirai-greeth_flood"", ""Mirai-greip_flood"", ""Mirai-udpplain"", ""Recon-PingSweep"", ""Recon-OSScan"", ""Recon-PortScan"", ""VulnerabilityScan"", ""Recon-HostDiscovery"", ""DNS_Spoofing"", ""MITM-ArpSpoofing"", ""BenignTraffic"", ""BrowserHijacking"", ""Backdoor_Malware"", ""XSS"", ""Uploading_Attack"", ""SqlInjection"", ""CommandInjection"", ""DictionaryBruteForce""]","[35047, 35040, 35048, 35049, 35045, 35050, 35050, 32125, 32896, 35042, 2743, 3282, 35043, 35038, 35040, 8203, 35040, 35047, 35037, 253, 11188, 9351, 4227, 15230, 20525, 35029, 35023, 660, 405, 428, 161, 613, 603, 1463]",,,,,,100.0,
b24b74f9847e,ciciot2023,fine,fedstap,1,,sensitivity,0.48754906509198304,0.6942822469138259,0.5196185435019309,0.6578518538430329,0.0861730141885784,0.4963715527072526,0.5719899951072498,"[0.9991998399679936, 0.9993998199459838, 0.00020004000800160032, 0.996999099729919, 0.9632853141256502, 0.998299489846954, 0.8381514454336301, 0.9839589698821475, 0.9883832462964937, 0.9726945389077816, 0.4876783398184176, 0.7805405405405406, 0.2940588117623525, 0.5168550565169551, 0.4468893778755751, 0.8652938652938653, 0.9897979595919184, 0.0029005801160232048, 0.9935987197439488, 0.2878787878787879, 0.3306122448979592, 0.32319819819819817, 0.7158333333333333, 0.4391254315304948, 0.2733173898189272, 0.8003800380038004, 0.3785, 0.0, 0.0, 0.0, 0.0, 0.0, 0.0, 0.0]",201058,56290,109824,1.3116580249970866,1.4461138750039026,329.2873020950019,330.77158856391907,56.29372,1519.8828125,299.634765625,15,0.4873581032567364,"[""DDoS-RSTFINFlood"", ""DDoS-PSHACK_Flood"", ""DDoS-SYN_Flood"", ""DDoS-UDP_Flood"", ""DDoS-TCP_Flood"", ""DDoS-ICMP_Flood"", ""DDoS-SynonymousIP_Flood"", ""DDoS-ACK_Fragmentation"", ""DDoS-UDP_Fragmentation"", ""DDoS-ICMP_Fragmentation"", ""DDoS-SlowLoris"", ""DDoS-HTTP_Flood"", ""DoS-UDP_Flood"", ""DoS-SYN_Flood"", ""DoS-TCP_Flood"", ""DoS-HTTP_Flood"", ""Mirai-greeth_flood"", ""Mirai-greip_flood"", ""Mirai-udpplain"", ""Recon-PingSweep"", ""Recon-OSScan"", ""Recon-PortScan"", ""VulnerabilityScan"", ""Recon-HostDiscovery"", ""DNS_Spoofing"", ""MITM-ArpSpoofing"", ""BenignTraffic"", ""BrowserHijacking"", ""Backdoor_Malware"", ""XSS"", ""Uploading_Attack"", ""SqlInjection"", ""CommandInjection"", ""DictionaryBruteForce""]","[35004, 35006, 35004, 35006, 35008, 35006, 35006, 32091, 32849, 35005, 2713, 3254, 35004, 35006, 35004, 8173, 35005, 35004, 35004, 239, 11160, 9328, 4208, 15214, 20497, 35002, 35000, 644, 393, 416, 144, 601, 593, 1442]",,,,,,10.0,
d0fc552baba1,ciciot2023,fine,fedstap,1,,sensitivity,0.5584200353384624,0.7576708195154014,0.5910193998474599,0.7343248061183182,0.2081629413874287,0.5381652486418447,0.6945712816383858,"[0.9982976166633286, 0.9956939715601842, 0.8958541958742239, 0.9671605927112535, 0.9648578293952743, 0.9978978978978978, 0.734034034034034, 0.9852620087336245, 0.9881574735943668, 0.9793752503003604, 0.8165137614678899, 0.7063318777292577, 0.3864864864864865, 0.40166149534581125, 0.5224747221944138, 0.8151332760103182, 0.001100880704563651, 0.9871871871871872, 0.9920928835952357, 0.1111111111111111, 0.22215229704216488, 0.24595103578154426, 0.9438860971524288, 0.6902512099562111, 0.2561121559240896, 0.7020914640248174, 0.8416891824276994, 0.055248618784530384, 0.38317757009345793, 0.0, 0.0, 0.2727272727272727, 0.060240963855421686, 0.17444717444717445]",200826,56290,109824,1.5597183250019953,1.7000720800024283,344.43368208599986,347.3713159561157,281.4686,1522.33203125,266.16796875,50,0.5585677258933529,"[""DDoS-RSTFINFlood"", ""DDoS-PSHACK_Flood"", ""DDoS-SYN_Flood"", ""DDoS-UDP_Flood"", ""DDoS-TCP_Flood"", ""DDoS-ICMP_Flood"", ""DDoS-SynonymousIP_Flood"", ""DDoS-ACK_Fragmentation"", ""DDoS-UDP_Fragmentation"", ""DDoS-ICMP_Fragmentation"", ""DDoS-SlowLoris"", ""DDoS-HTTP_Flood"", ""DoS-UDP_Flood"", ""DoS-SYN_Flood"", ""DoS-TCP_Flood"", ""DoS-HTTP_Flood"", ""Mirai-greeth_flood"", ""Mirai-greip_flood"", ""Mirai-udpplain"", ""Recon-PingSweep"", ""Recon-OSScan"", ""Recon-PortScan"", ""VulnerabilityScan"", ""Recon-HostDiscovery"", ""DNS_Spoofing"", ""MITM-ArpSpoofing"", ""BenignTraffic"", ""BrowserHijacking"", ""Backdoor_Malware"", ""XSS"", ""Uploading_Attack"", ""SqlInjection"", ""CommandInjection"", ""DictionaryBruteForce""]","[35027, 35029, 35027, 35022, 35028, 35021, 35021, 32101, 32869, 35023, 2728, 3270, 35021, 35019, 35021, 8183, 35016, 35022, 35018, 245, 11173, 9346, 4220, 15228, 20508, 35014, 35014, 649, 403, 421, 150, 612, 601, 1450]",,,,,,50.0,
2935e48395ff,ciciot2023,fine,fedstap,1,,sensitivity,0.5519806295606996,0.7565060024727794,0.5691854297495823,0.7379233744290652,0.11634076847306292,0.5193307940740977,0.6989000376632323,"[0.9991983164645756, 0.9981963927855712, 0.9517082456667668, 0.9787489975942262, 0.9803449659045327, 0.9987968718668538, 0.7157462162974843, 0.9831601968288682, 0.9841914120914335, 0.9768560264502555, 0.7269129287598944, 0.7186813186813187, 0.34806574463820406, 0.37461176234846205, 0.485325052589402, 0.8023255813953488, 0.18970352564102563, 0.8286916449609296, 0.9927870166299338, 0.08771929824561403, 0.22145110410094637, 0.32390648567119157, 0.9493243243243243, 0.7908104363888248, 0.19120164327285177, 0.6757433176494143, 0.8456610949854869, 0.0, 0.0, 0.0, 0.0, 0.05421686746987952, 0.0, 0.1782178217821782]",200584,56290,109824,1.10885755000254,1.2383724299979804,349.32505293000304,353.51813864707947,562.9372,1523.75390625,270.8271484375,50,0.5509820283937588,"[""DDoS-RSTFINFlood"", ""DDoS-PSHACK_Flood"", ""DDoS-SYN_Flood"", ""DDoS-UDP_Flood"", ""DDoS-TCP_Flood"", ""DDoS-ICMP_Flood"", ""DDoS-SynonymousIP_Flood"", ""DDoS-ACK_Fragmentation"", ""DDoS-UDP_Fragmentation"", ""DDoS-ICMP_Fragmentation"", ""DDoS-SlowLoris"", ""DDoS-HTTP_Flood"", ""DoS-UDP_Flood"", ""DoS-SYN_Flood"", ""DoS-TCP_Flood"", ""DoS-HTTP_Flood"", ""Mirai-greeth_flood"", ""Mirai-greip_flood"", ""Mirai-udpplain"", ""Recon-PingSweep"", ""Recon-OSScan"", ""Recon-PortScan"", ""VulnerabilityScan"", ""Recon-HostDiscovery"", ""DNS_Spoofing"", ""MITM-ArpSpoofing"", ""BenignTraffic"", ""BrowserHijacking"", ""Backdoor_Malware"", ""XSS"", ""Uploading_Attack"", ""SqlInjection"", ""CommandInjection"", ""DictionaryBruteForce""]","[35045, 35038, 35041, 35047, 35055, 35052, 35046, 32127, 32891, 35037, 2737, 3283, 35043, 35038, 35033, 8190, 35029, 35037, 35035, 255, 11189, 9355, 4238, 15242, 20524, 35022, 35021, 660, 404, 431, 152, 612, 607, 1456]",,,,,,100.0,
4c7cc1206b9f,ciciot2023,fine,fedstap,2,,sensitivity,0.5439194967368709,0.7363515180454419,0.5858773719881536,0.7116955862096318,0.21016802677001,0.5063578812665683,0.6622676904525232,"[0.9985994397759104, 0.9970994198839768, 0.9090818163632727, 0.9962992598519704, 0.7445489097819564, 0.998999699909973, 0.6792717086834734, 0.9831932773109243, 0.9861422023238461, 0.9794958991798359, 0.7862694300518135, 0.7613390928725702, 0.17563512702540507, 0.381876375275055, 0.6278883665099529, 0.8159588159588159, 0.9671967196719672, 0.060124049619847936, 0.9881988198819882, 0.24242424242424243, 0.13590709353421218, 0.4389785955689072, 0.9533333333333334, 0.8296500920810314, 0.28493337888623166, 0.47539507901580313, 0.8591718343668734, 0.0, 0.3783783783783784, 0.13675213675213677, 0.0, 0.0058823529411764705, 0.1130952380952381, 0.22871046228710462]",201048,56290,109824,1.2998080199986362,1.5389519550035402,336.11107576599807,337.6565535068512,56.29372,1513.2890625,310.24560546875,50,0.5453618675481271,"[""DDoS-RSTFINFlood"", ""DDoS-PSHACK_Flood"", ""DDoS-SYN_Flood"", ""DDoS-UDP_Flood"", ""DDoS-TCP_Flood"", ""DDoS-ICMP_Flood"", ""DDoS-SynonymousIP_Flood"", ""DDoS-ACK_Fragmentation"", ""DDoS-UDP_Fragmentation"", ""DDoS-ICMP_Fragmentation"", ""DDoS-SlowLoris"", ""DDoS-HTTP_Flood"", ""DoS-UDP_Flood"", ""DoS-SYN_Flood"", ""DoS-TCP_Flood"", ""DoS-HTTP_Flood"", ""Mirai-greeth_flood"", ""Mirai-greip_flood"", ""Mirai-udpplain"", ""Recon-PingSweep"", ""Recon-OSScan"", ""Recon-PortScan"", ""VulnerabilityScan"", ""Recon-HostDiscovery"", ""DNS_Spoofing"", ""MITM-ArpSpoofing"", ""BenignTraffic"", ""BrowserHijacking"", ""Backdoor_Malware"", ""XSS"", ""Uploading_Attack"", ""SqlInjection"", ""CommandInjection"", ""DictionaryBruteForce""]","[35009, 35004, 35004, 35005, 35004, 35007, 35008, 32093, 32851, 35004, 2710, 3250, 35004, 35004, 35006, 8172, 35002, 35008, 35003, 239, 11158, 9331, 4209, 15216, 20498, 35004, 35004, 646, 395, 418, 145, 602, 595, 1442]",,,,,,10.0,
0d2fa7558cb3,ciciot2023,fine,fedstap,2,,sensitivity,0.5436774683962435,0.754541969340151,0.573118766341428,0.7313086472590494,0.1357169448458423,0.481714572396563,0.6788273184501864,"[0.9993990986479719, 0.9981978374048859, 0.7117117117117117, 0.9902912621359223, 0.8899459242940116, 0.9990990089098007, 0.7538553975565793, 0.9825308439786002, 0.9876266666666667, 0.976076076076076, 0.873202614379085, 0.7839305103148752, 0.31601601601601603, 0.5481481481481482, 0.5641076969272345, 0.7142857142857143, 0.9830847762986687, 0.02882017412188532, 0.9933953767637346, 0.21311475409836064, 0.03205531112507857, 0.39412207987942727, 0.901255230125523, 0.8267281105990784, 0.46615384615384614, 0.6342171085542772, 0.7895316253002402, 0.0, 0.0, 0.0, 0.0, 0.0, 0.0, 0.13513513513513514]",200849,56290,109824,1.4381919749985173,1.1427034799999092,349.05856727100036,351.8667948246002,281.4686,1521.9765625,269.76220703125,50,0.5442504306061137,"[""DDoS-RSTFINFlood"", ""DDoS-PSHACK_Flood"", ""DDoS-SYN_Flood"", ""DDoS-UDP_Flood"", ""DDoS-TCP_Flood"", ""DDoS-ICMP_Flood"", ""DDoS-SynonymousIP_Flood"", ""DDoS-ACK_Fragmentation"", ""DDoS-UDP_Fragmentation"", ""DDoS-ICMP_Fragmentation"", ""DDoS-SlowLoris"", ""DDoS-HTTP_Flood"", ""DoS-UDP_Flood"", ""DoS-SYN_Flood"", ""DoS-TCP_Flood"", ""DoS-HTTP_Flood"", ""Mirai-greeth_flood"", ""Mirai-greip_flood"", ""Mirai-udpplain"", ""Recon-PingSweep"", ""Recon-OSScan"", ""Recon-PortScan"", ""VulnerabilityScan"", ""Recon-HostDiscovery"", ""DNS_Spoofing"", ""MITM-ArpSpoofing"", ""BenignTraffic"", ""BrowserHijacking"", ""Backdoor_Malware"", ""XSS"", ""Uploading_Attack"", ""SqlInjection"", ""CommandInjection"", ""DictionaryBruteForce""]","[35032, 35023, 35021, 35017, 35027, 35021, 35028, 32101, 32864, 35022, 2724, 3260, 35019, 35023, 35019, 8186, 35016, 35014, 35015, 248, 11166, 9349, 4221, 15225, 20506, 35011, 35016, 651, 399, 422, 148, 607, 599, 1450]",,,,,,50.0,
8dfc13e8aaa7,ciciot2023,fine,fedstap,2,,sensitivity,0.5489447941183669,0.7559570999057634,0.5701714125757261,0.7298565885152867,0.11728523415769865,0.5232891059536796,0.7023923036884722,"[0.998897132544616, 0.9980952380952381, 0.9292159614998997, 0.9898777310082181, 0.9882695007018247, 0.9988970219592901, 0.7093734335839599, 0.9839221262167779, 0.9849455477258168, 0.9748446582481459, 0.7453825857519789, 0.7178924259055982, 0.3349368610944077, 0.38873860334635807, 0.47570870479815686, 0.7721191195511438, 0.9818673612502504, 0.030448717948717948, 0.9944928406929008, 0.10344827586206896, 0.12653446647780925, 0.32214258770275367, 0.9401853411962932, 0.8420688062803048, 0.44718370142098957, 0.564133373385401, 0.8354696575205287, 0.0, 0.0, 0.0, 0.0, 0.024691358024691357, 0.0, 0.18204488778054864]",200559,56290,109824,1.5939825250006834,1.499433100002534,365.1948462649998,369.8378870487213,562.9372,1523.65234375,268.92138671875,50,0.5466909170734229,"[""DDoS-RSTFINFlood"", ""DDoS-PSHACK_Flood"", ""DDoS-SYN_Flood"", ""DDoS-UDP_Flood"", ""DDoS-TCP_Flood"", ""DDoS-ICMP_Flood"", ""DDoS-SynonymousIP_Flood"", ""DDoS-ACK_Fragmentation"", ""DDoS-UDP_Fragmentation"", ""DDoS-ICMP_Fragmentation"", ""DDoS-SlowLoris"", ""DDoS-HTTP_Flood"", ""DoS-UDP_Flood"", ""DoS-SYN_Flood"", ""DoS-TCP_Flood"", ""DoS-HTTP_Flood"", ""Mirai-greeth_flood"", ""Mirai-greip_flood"", ""Mirai-udpplain"", ""Recon-PingSweep"", ""Recon-OSScan"", ""Recon-PortScan"", ""VulnerabilityScan"", ""Recon-HostDiscovery"", ""DNS_Spoofing"", ""MITM-ArpSpoofing"", ""BenignTraffic"", ""BrowserHijacking"", ""Backdoor_Malware"", ""XSS"", ""Uploading_Attack"", ""SqlInjection"", ""CommandInjection"", ""DictionaryBruteForce""]","[35050, 35051, 35053, 35044, 35050, 35052, 35049, 32134, 32881, 35045, 2737, 3278, 35045, 35040, 35035, 8199, 35035, 35033, 35028, 256, 11176, 9353, 4231, 15242, 20523, 35027, 35028, 658, 412, 429, 152, 616, 613, 1460]",,,,,,100.0,
23421a83764a,edgeiiot,fine,fedavg,0,,sensitivity,0.7256291112548384,0.8270349536035386,0.7407074924265291,0.8113908779164365,0.4419577473114127,0.37004798505383535,0.7146650996117557,"[0.9998999849977497, 0.5169016901690169, 0.9999263948181952, 1.0, 0.9984545641871008, 0.7303945685329135, 0.9382265028229824, 0.2620923913043478, 0.958992506244796, 0.984576865297947, 0.0010330578512396695, 0.99949924887331, 0.8920431827269092, 0.0, 0.8285714285714286]",124794,67599,132480,1.1296802250035398,1.1409697249837336,199.9416659389899,201.16445994377136,67.599,1529.20703125,335.24755859375,45,0.7260375957504813,"[""Normal"", ""DDoS_UDP"", ""DDoS_ICMP"", ""DDoS_TCP"", ""DDoS_HTTP"", ""SQL_injection"", ""XSS"", ""Uploading"", ""Backdoor"", ""Password"", ""Ransomware"", ""Port_Scanning"", ""Vulnerability_scanner"", ""Fingerprinting"", ""MITM""]","[70006, 70004, 47562, 35048, 33986, 35583, 10550, 25768, 16821, 34957, 6786, 13987, 35021, 599, 254]",,,,,,10.0,
29d4a65062cf,edgeiiot,fine,fedavg,0,,sensitivity,0.5981939373518301,0.7933421014643848,0.6059603373104184,0.773523556155276,0.14158003096232152,0.42569842368626454,0.6892914768518703,"[0.9192136461407634, 0.9389633780268161, 0.9756906077348066, 0.9784021597840216, 0.8014432989690722, 0.18266863613983259, 0.012654012654012654, 0.30780739934711643, 0.873462580779654, 0.9424792063333, 0.5170807453416149, 0.6336509528585758, 0.9693030696930307, 0.036585365853658534, 0.0]",124694,67599,132480,1.1796307599979627,1.5584308600045915,217.86583486499512,220.53388047218323,337.995,1538.703125,319.7763671875,30,0.5976416357315288,"[""Normal"", ""DDoS_UDP"", ""DDoS_ICMP"", ""DDoS_TCP"", ""DDoS_HTTP"", ""SQL_injection"", ""XSS"", ""Uploading"", ""Backdoor"", ""Password"", ""Ransomware"", ""Port_Scanning"", ""Vulnerability_scanner"", ""Fingerprinting"", ""MITM""]","[70020, 70026, 47583, 35065, 34000, 35600, 10567, 25785, 16834, 34969, 6794, 13998, 35027, 608, 257]",,,,,,50.0,
659b0bd67efb,edgeiiot,fine,fedavg,0,,sensitivity,0.5997846314422941,0.7659239758571978,0.6021344534713868,0.7515789718299241,0.08519822460723322,0.3983205990119428,0.6719308526615442,"[0.6393934844617926, 1.0, 0.7554540094339622, 0.9981983785406866, 0.8493136546599236, 0.9613678919877796, 0.25408469489829943, 0.3631163170798148, 0.9607761318589609, 0.2966900702106319, 0.08670820353063344, 0.8898368883312422, 0.977077077077077, 0.0, 0.0]",124592,67599,132480,1.6414777300087735,1.6012829849933041,227.36404898200635,231.92168617248535,675.99,1553.46484375,320.0341796875,45,0.5997960265902529,"[""Normal"", ""DDoS_UDP"", ""DDoS_ICMP"", ""DDoS_TCP"", ""DDoS_HTTP"", ""SQL_injection"", ""XSS"", ""Uploading"", ""Backdoor"", ""Password"", ""Ransomware"", ""Port_Scanning"", ""Vulnerability_scanner"", ""Fingerprinting"", ""MITM""]","[70038, 70044, 47599, 35087, 34022, 35618, 10576, 25805, 16845, 34988, 6804, 14007, 35046, 607, 264]",,,,,,100.0,
b2c508eaf218,edgeiiot,fine,fedavg,1,,sensitivity,0.7877120833961208,0.7748964235056537,0.7955647888348423,0.7795989498232659,0.7294702367696345,0.39463919241938145,0.6639799869999214,"[0.9981497224583687, 0.27886971742935734, 0.9355954659208008, 1.0, 0.9109920675800969, 0.6387877595198268, 0.362670209232813, 0.5869003940752819, 0.9396084964598084, 0.886629944917376, 0.8868217054263566, 0.9964947421131698, 0.843562574970012, 0.7810650887573964, 0.8873239436619719]",124787,67599,132480,1.4879676999953517,1.4756803599993873,202.18165368299015,203.60001587867737,67.599,1532.40234375,336.8759765625,50,0.7889171149691648,"[""Normal"", ""DDoS_UDP"", ""DDoS_ICMP"", ""DDoS_TCP"", ""DDoS_HTTP"", ""SQL_injection"", ""XSS"", ""Uploading"", ""Backdoor"", ""Password"", ""Ransomware"", ""Port_Scanning"", ""Vulnerability_scanner"", ""Fingerprinting"", ""MITM""]","[70005, 70010, 47561, 35051, 33985, 35583, 10550, 25769, 16824, 34956, 6787, 13988, 35021, 600, 251]",,,,,,10.0,
0abe47ebf78f,edgeiiot,fine,fedavg,1,,sensitivity,0.6642778538654162,0.8097136440202134,0.6674573498394826,0.7912001281329131,0.26029124355811256,0.4631139828533047,0.7032112698863193,"[0.9998999249437078, 0.9635262920898584, 0.7893651495065547, 0.9560087982403519, 0.8296380323811489, 0.3271276595744681, 0.08030656447850716, 0.32181249149544155, 0.9468306922435363, 0.9089724310776942, 0.1607883817427386, 0.9631209232313096, 0.9643928785757151, 0.005952380952380952, 0.7941176470588235]",124670,67599,132480,1.169905655006005,1.1887674500030698,214.81823213198368,217.52022290229797,337.995,1539.72265625,320.38818359375,40,0.662161382783655,"[""Normal"", ""DDoS_UDP"", ""DDoS_ICMP"", ""DDoS_TCP"", ""DDoS_HTTP"", ""SQL_injection"", ""XSS"", ""Uploading"", ""Backdoor"", ""Password"", ""Ransomware"", ""Port_Scanning"", ""Vulnerability_scanner"", ""Fingerprinting"", ""MITM""]","[70031, 70028, 47579, 35066, 34004, 35603, 10570, 25789, 16836, 34975, 6803, 14002, 35034, 604, 256]",,,,,,50.0,
51754f70331c,edgeiiot,fine,fedavg,1,,sensitivity,0.7006311012681967,0.8289471571476742,0.6865695404940834,0.8158858548426652,0.34391816516816515,0.4514751552795031,0.7181659924773163,"[0.9757232956251877, 0.9762190848102533, 0.8877581120943953, 0.9954981992797118, 0.9627450980392157, 0.9551458990536278, 0.46166666666666667, 0.21350762527233116, 0.943561872909699, 0.3456059390048154, 0.25246753246753245, 0.8057300829354109, 0.8613752377139425, 0.0, 0.6615384615384615]",124558,67599,132480,1.524051779997535,1.3422583499959728,226.17877708399465,230.71736073493958,675.99,1552.58984375,319.65185546875,50,0.7016424793765914,"[""Normal"", ""DDoS_UDP"", ""DDoS_ICMP"", ""DDoS_TCP"", ""DDoS_HTTP"", ""SQL_injection"", ""XSS"", ""Uploading"", ""Backdoor"", ""Password"", ""Ransomware"", ""Port_Scanning"", ""Vulnerability_scanner"", ""Fingerprinting"", ""MITM""]","[70047, 70052, 47611, 35081, 34020, 35623, 10574, 25801, 16860, 34990, 6808, 14015, 35050, 617, 264]",,,,,,100.0,
9d0f61497393,edgeiiot,fine,fedavg,2,,sensitivity,0.8353867157199548,0.8739732833297273,0.820381171769635,0.868107038565803,0.688467286652304,0.5682960904394171,0.7398089164946514,"[0.9999499949995, 1.0, 0.9998527788001472, 0.9999000999000999, 0.9594107345214793, 0.2546742767171817, 0.3570242444370641, 0.7091032608695652, 0.9527378721632314, 0.7184057680753054, 0.9209710743801653, 0.9984973703981969, 0.9593162734906038, 0.6352941176470588, 0.8405797101449275]",124791,67599,132480,1.462558485000045,1.215635549997387,216.65858610998475,218.07244396209717,67.599,1532.5546875,332.138671875,40,0.838882139701136,"[""Normal"", ""DDoS_UDP"", ""DDoS_ICMP"", ""DDoS_TCP"", ""DDoS_HTTP"", ""SQL_injection"", ""XSS"", ""Uploading"", ""Backdoor"", ""Password"", ""Ransomware"", ""Port_Scanning"", ""Vulnerability_scanner"", ""Fingerprinting"", ""MITM""]","[70005, 70008, 47564, 35048, 33986, 35584, 10550, 25768, 16823, 34955, 6786, 13988, 35021, 599, 254]",,,,,,10.0,
1bc8875b0e54,edgeiiot,fine,fedavg,2,,sensitivity,0.5346597246068762,0.6908443474913384,0.5408339179590841,0.6543521780888932,0.13089265144614257,0.3318520655864103,0.6382360217678492,"[0.8643618351928753, 1.0, 0.09642725598526704, 0.9972011195521792, 0.6584862858321303, 0.4807483998030527, 0.3641503159294978, 0.14209953766657601, 0.9910341951626356, 0.8566990680428901, 0.0, 0.6893179538615848, 0.8125625125025004, 0.0, 0.15942028985507245]",124688,67599,132480,1.5146094700139656,1.5396662000057404,214.52998421899974,217.46911096572876,337.995,1537.2578125,314.3935546875,50,0.5339485707071291,"[""Normal"", ""DDoS_UDP"", ""DDoS_ICMP"", ""DDoS_TCP"", ""DDoS_HTTP"", ""SQL_injection"", ""XSS"", ""Uploading"", ""Backdoor"", ""Password"", ""Ransomware"", ""Port_Scanning"", ""Vulnerability_scanner"", ""Fingerprinting"", ""MITM""]","[70029, 70031, 47581, 35061, 34005, 35599, 10560, 25781, 16839, 34969, 6798, 13999, 35034, 611, 255]",,,,,,50.0,
a41a2c963fba,edgeiiot,fine,fedavg,2,,sensitivity,0.5947626352546211,0.7939965157633609,0.5988307044678918,0.7700290890306193,0.10273727148915572,0.4289589913189236,0.706457149245894,"[0.9964452010213789, 1.0, 0.7618169751493252, 0.9727727727727727, 0.7724693014136828, 0.9747634069400631, 0.008008008008008008, 0.27138964577656677, 0.8817384036773924, 0.20770233677665229, 0.3868120456905504, 0.7936746987951807, 0.9387387387387387, 0.0, 0.016129032258064516]",124561,67599,132480,1.1848431349972088,1.3579412599938223,225.1450022890167,229.678781747818,675.99,1553.71875,321.90380859375,45,0.5923373436909191,"[""Normal"", ""DDoS_UDP"", ""DDoS_ICMP"", ""DDoS_TCP"", ""DDoS_HTTP"", ""SQL_injection"", ""XSS"", ""Uploading"", ""Backdoor"", ""Password"", ""Ransomware"", ""Port_Scanning"", ""Vulnerability_scanner"", ""Fingerprinting"", ""MITM""]","[70054, 70036, 47608, 35089, 34017, 35619, 10580, 25809, 16856, 34987, 6807, 14011, 35048, 612, 266]",,,,,,100.0,
34900b99ca44,edgeiiot,fine,statavg,0,,sensitivity,0.5762654044386443,0.7591631007901021,0.6414035698898649,0.7069402117142033,0.48430279451534847,0.40722327033942374,0.754087422875111,"[1.0, 1.0, 1.0, 1.0, 0.0, 0.0, 0.994354035204251, 0.2794836956521739, 0.9639883430474604, 0.999899849774662, 0.0, 0.4982473710565849, 0.9422231107556978, 0.0, 0.9428571428571428]",124794,67599,132480,1.5186000850007986,1.753306380014692,205.49602804200185,207.01921367645264,67.60664,1528.80078125,335.24755859375,40,0.5747979240493917,"[""Normal"", ""DDoS_UDP"", ""DDoS_ICMP"", ""DDoS_TCP"", ""DDoS_HTTP"", ""SQL_injection"", ""XSS"", ""Uploading"", ""Backdoor"", ""Password"", ""Ransomware"", ""Port_Scanning"", ""Vulnerability_scanner"", ""Fingerprinting"", ""MITM""]","[70006, 70004, 47562, 35048, 33986, 35583, 10550, 25768, 16821, 34957, 6786, 13987, 35021, 599, 254]",,,,,,10.0,
b0daf1adeb76,edgeiiot,fine,statavg,0,,sensitivity,0.6507466943048931,0.8356456605770928,0.6744487121860436,0.8096445171868848,0.17474155213925036,0.5474917657874177,0.7633343335155854,"[1.0, 1.0, 0.999926335174954, 1.0, 1.0, 0.6429345150172329, 0.02197802197802198, 0.9091403699673558, 0.9653950385657702, 0.16284196813307947, 0.0005175983436853002, 1.0, 0.7375262473752625, 0.0, 0.6764705882352942]",124694,67599,132480,1.2293498699909833,1.6913137650044519,217.11528612500115,219.8418905735016,338.0332,1539.46875,319.7763671875,40,0.6544732416522464,"[""Normal"", ""DDoS_UDP"", ""DDoS_ICMP"", ""DDoS_TCP"", ""DDoS_HTTP"", ""SQL_injection"", ""XSS"", ""Uploading"", ""Backdoor"", ""Password"", ""Ransomware"", ""Port_Scanning"", ""Vulnerability_scanner"", ""Fingerprinting"", ""MITM""]","[70020, 70026, 47583, 35065, 34000, 35600, 10567, 25785, 16834, 34969, 6794, 13998, 35027, 608, 257]",,,,,,50.0,
2b8afccebdf7,edgeiiot,fine,statavg,0,,sensitivity,0.5759287869051642,0.8256790163092333,0.6084504817687141,0.7898852434625405,0.006585528509503167,0.49706709956709955,0.7338932463023501,"[1.0, 1.0, 1.0, 1.0, 0.9998967901744246, 1.0, 0.02634211403801267, 0.18605284663579405, 0.9699561861047361, 0.10842527582748245, 0.0, 0.9992471769134254, 0.8368368368368369, 0.0, 0.0]",124592,67599,132480,1.474103134987672,1.4926634650146298,226.9364901259869,231.48832964897156,676.0664,1554.4921875,320.0341796875,30,0.5772071417197346,"[""Normal"", ""DDoS_UDP"", ""DDoS_ICMP"", ""DDoS_TCP"", ""DDoS_HTTP"", ""SQL_injection"", ""XSS"", ""Uploading"", ""Backdoor"", ""Password"", ""Ransomware"", ""Port_Scanning"", ""Vulnerability_scanner"", ""Fingerprinting"", ""MITM""]","[70038, 70044, 47599, 35087, 34022, 35618, 10576, 25805, 16845, 34988, 6804, 14007, 35046, 607, 264]",,,,,,100.0,
07eda4fdb045,edgeiiot,fine,statavg,1,,sensitivity,0.7040663568285195,0.8399592906312356,0.7250001488454063,0.8237016172776355,0.6608728291012356,0.5747327449771857,0.783361447729144,"[1.0, 1.0, 0.9990431326365377, 1.0, 0.8888431029154219, 0.9148873364164125, 0.8369312520757224, 0.662318249762196, 0.49812578092461474, 0.3687531296945418, 0.3571059431524548, 0.0, 0.8995401839264294, 0.5621301775147929, 0.8873239436619719]",124787,67599,132480,1.4947398150070512,1.6790809449958033,205.85248224898532,207.3598666191101,67.60664,1533.25,336.8759765625,50,0.7050036353745444,"[""Normal"", ""DDoS_UDP"", ""DDoS_ICMP"", ""DDoS_TCP"", ""DDoS_HTTP"", ""SQL_injection"", ""XSS"", ""Uploading"", ""Backdoor"", ""Password"", ""Ransomware"", ""Port_Scanning"", ""Vulnerability_scanner"", ""Fingerprinting"", ""MITM""]","[70005, 70010, 47561, 35051, 33985, 35583, 10550, 25769, 16824, 34956, 6787, 13988, 35021, 600, 251]",,,,,,10.0,
523f46ebfb9c,edgeiiot,fine,statavg,1,,sensitivity,0.6632916182098941,0.8353413010347317,0.6885558447525332,0.8053850966712773,0.2616076503910461,0.4460852251872722,0.7136469633323925,"[1.0, 1.0, 1.0, 1.0, 0.9679282252242962, 0.07781717888100867, 0.11996001332889036, 0.5135392570417744, 0.9555879899916597, 0.8834085213032582, 0.0, 0.9997491219267436, 0.883876775355071, 0.0, 0.9264705882352942]",124670,67599,132480,1.6340062149902224,1.5362929650109436,213.79574652000156,216.6024649143219,338.0332,1539.1796875,320.38818359375,40,0.6600660032328499,"[""Normal"", ""DDoS_UDP"", ""DDoS_ICMP"", ""DDoS_TCP"", ""DDoS_HTTP"", ""SQL_injection"", ""XSS"", ""Uploading"", ""Backdoor"", ""Password"", ""Ransomware"", ""Port_Scanning"", ""Vulnerability_scanner"", ""Fingerprinting"", ""MITM""]","[70031, 70028, 47579, 35066, 34004, 35603, 10570, 25789, 16836, 34975, 6803, 14002, 35034, 604, 256]",,,,,,50.0,
34d069d8cabe,edgeiiot,fine,statavg,1,,sensitivity,0.6114274032126971,0.8102972109378763,0.6261518812100799,0.7744801120968852,0.2041025641025641,0.4418284995062201,0.7052718055407493,"[0.9998998898788668, 1.0, 1.0, 0.9998999599839936, 0.9997936016511868, 0.9999014195583596, 0.09333333333333334, 0.15985838779956427, 0.9642558528428093, 0.11346308186195826, 0.0, 0.5036441316913798, 0.8351516364728255, 0.0, 0.7230769230769231]",124558,67599,132480,1.1721211599979142,1.2862461050099228,227.54730324399497,231.89594268798828,676.0664,1551.89453125,319.65185546875,50,0.6107098962450368,"[""Normal"", ""DDoS_UDP"", ""DDoS_ICMP"", ""DDoS_TCP"", ""DDoS_HTTP"", ""SQL_injection"", ""XSS"", ""Uploading"", ""Backdoor"", ""Password"", ""Ransomware"", ""Port_Scanning"", ""Vulnerability_scanner"", ""Fingerprinting"", ""MITM""]","[70047, 70052, 47611, 35081, 34020, 35623, 10574, 25801, 16860, 34990, 6808, 14015, 35050, 617, 264]",,,,,,100.0,
e2ea737bdc9c,edgeiiot,fine,statavg,2,,sensitivity,0.7148155018959669,0.8720019873228038,0.7339542840830282,0.8605615827089602,0.40484069354296753,0.5527594959451446,0.7210781130346723,"[0.9999499949995, 1.0, 1.0, 0.9999000999000999, 0.9011022973112187, 0.5193859476481008, 0.02723347725008303, 0.8366847826086956, 0.3587341245055174, 0.8080312437412377, 0.7515495867768595, 0.9997495617330328, 0.9664134346261496, 0.0, 0.8405797101449275]",124791,67599,132480,1.4136422999945353,1.4695869900060643,215.4135181900092,216.80637645721436,67.60664,1531.984375,332.138671875,40,0.7159563016064676,"[""Normal"", ""DDoS_UDP"", ""DDoS_ICMP"", ""DDoS_TCP"", ""DDoS_HTTP"", ""SQL_injection"", ""XSS"", ""Uploading"", ""Backdoor"", ""Password"", ""Ransomware"", ""Port_Scanning"", ""Vulnerability_scanner"", ""Fingerprinting"", ""MITM""]","[70005, 70008, 47564, 35048, 33986, 35584, 10550, 25768, 16823, 34955, 6786, 13988, 35021, 599, 254]",,,,,,10.0,
12c7879abfc1,edgeiiot,fine,statavg,2,,sensitivity,0.6141906099091746,0.7970935454895419,0.6363659325728108,0.7787540103228577,0.2518435245297205,0.5179691362055854,0.7488454763536018,"[1.0, 1.0, 0.999926335174954, 0.5953618552578969, 0.9167869663848216, 0.9937961595273265, 0.7030262720319255, 0.19472395974979603, 0.9653878231859884, 0.16214049503958314, 0.0, 0.9997492477432297, 0.710242048409682, 0.0, 0.30434782608695654]",124688,67599,132480,1.4939903450067504,1.4968572650104761,215.91435150199686,218.78129625320435,338.0332,1537.92578125,314.3935546875,50,0.6301012316484894,"[""Normal"", ""DDoS_UDP"", ""DDoS_ICMP"", ""DDoS_TCP"", ""DDoS_HTTP"", ""SQL_injection"", ""XSS"", ""Uploading"", ""Backdoor"", ""Password"", ""Ransomware"", ""Port_Scanning"", ""Vulnerability_scanner"", ""Fingerprinting"", ""MITM""]","[70029, 70031, 47581, 35061, 34005, 35599, 10560, 25781, 16839, 34969, 6798, 13999, 35034, 611, 255]",,,,,,50.0,
d5dea4bf3d8f,edgeiiot,fine,statavg,2,,sensitivity,0.6155103434335714,0.8130393943529676,0.6341759592078126,0.779101153804265,0.21131750029599494,0.4450934065934066,0.7308476051088619,"[0.9999499324087519, 1.0, 1.0, 1.0, 1.0, 0.9445977917981072, 0.022689356022689355, 0.31103542234332426, 0.969703301295445, 0.1135292347808645, 0.0, 0.4917168674698795, 0.8368368368368369, 0.0, 0.8225806451612904]",124561,67599,132480,1.3515202050075459,1.2968188900049427,225.2203752779751,229.51602125167847,676.0664,1553.046875,321.90380859375,45,0.6174538889162905,"[""Normal"", ""DDoS_UDP"", ""DDoS_ICMP"", ""DDoS_TCP"", ""DDoS_HTTP"", ""SQL_injection"", ""XSS"", ""Uploading"", ""Backdoor"", ""Password"", ""Ransomware"", ""Port_Scanning"", ""Vulnerability_scanner"", ""Fingerprinting"", ""MITM""]","[70054, 70036, 47608, 35089, 34017, 35619, 10580, 25809, 16856, 34987, 6807, 14011, 35048, 612, 266]",,,,,,100.0,
cca3fd8695fe,edgeiiot,fine,fedlc,0,,sensitivity,0.5777846083068731,0.5914787569915221,0.6532704912499121,0.5572294991654535,0.6856747085264303,0.4533070747785139,0.6627056663272339,"[0.6264939740961144, 0.13046304630463046, 0.08287943471220374, 1.0, 0.8497836389861941, 0.8868444356981207, 0.8618399202922618, 0.7282608695652174, 0.18963363863447127, 0.6448673009514272, 0.8951446280991735, 0.99949924887331, 0.9176329468212715, 0.0, 0.9857142857142858]",124794,67599,132480,1.5424080450065958,1.7974617150139238,212.07021307900504,213.6236391067505,67.599,1582.6953125,335.24755859375,50,0.5777744854280582,"[""Normal"", ""DDoS_UDP"", ""DDoS_ICMP"", ""DDoS_TCP"", ""DDoS_HTTP"", ""SQL_injection"", ""XSS"", ""Uploading"", ""Backdoor"", ""Password"", ""Ransomware"", ""Port_Scanning"", ""Vulnerability_scanner"", ""Fingerprinting"", ""MITM""]","[70006, 70004, 47562, 35048, 33986, 35583, 10550, 25768, 16821, 34957, 6786, 13987, 35021, 599, 254]",,,,,,10.0,
2b24779f7f84,edgeiiot,fine,fedlc,0,,sensitivity,0.5115855668298855,0.6165332734534139,0.5270445245839457,0.6042554793503799,0.1517036988545316,0.3078739676131407,0.5927808706072718,"[0.3608623880746336, 0.7047728637182309, 0.9461510128913444, 0.8388161183881612, 0.41216494845360824, 0.023239783357951748, 0.007326007326007326, 0.21218715995647444, 0.8993120700437773, 0.9835654875238, 0.40113871635610765, 0.9267803410230692, 0.991000899910009, 0.036585365853658534, 0.16176470588235295]",124694,67599,132480,1.6939865150015976,1.4884076250018552,226.28637744301523,229.13968801498413,337.995,1592.2890625,319.7763671875,30,0.5088348698654425,"[""Normal"", ""DDoS_UDP"", ""DDoS_ICMP"", ""DDoS_TCP"", ""DDoS_HTTP"", ""SQL_injection"", ""XSS"", ""Uploading"", ""Backdoor"", ""Password"", ""Ransomware"", ""Port_Scanning"", ""Vulnerability_scanner"", ""Fingerprinting"", ""MITM""]","[70020, 70026, 47583, 35065, 34000, 35600, 10567, 25785, 16834, 34969, 6794, 13998, 35027, 608, 257]",,,,,,50.0,
c4d86e8e9fb3,edgeiiot,fine,fedlc,0,,sensitivity,0.49848330308835287,0.5304032361628355,0.5007259314523151,0.5484416093432453,0.1865252199118161,0.23201129227690725,0.6094804388800292,"[0.35274983736175747, 0.34125832123729916, 0.6260318396226415, 0.7219497547793013, 0.28176282382082773, 0.45698235931802506, 0.08936312104034679, 0.3166712067556524, 0.951387440016691, 0.7698094282848545, 0.31827622014537904, 0.9595984943538268, 0.9865865865865866, 0.0, 0.3384615384615385]",124592,67599,132480,1.1596409300000232,1.196911924998858,235.46170323799743,239.76135396957397,675.99,1608.59765625,320.0341796875,50,0.48790292289926945,"[""Normal"", ""DDoS_UDP"", ""DDoS_ICMP"", ""DDoS_TCP"", ""DDoS_HTTP"", ""SQL_injection"", ""XSS"", ""Uploading"", ""Backdoor"", ""Password"", ""Ransomware"", ""Port_Scanning"", ""Vulnerability_scanner"", ""Fingerprinting"", ""MITM""]","[70038, 70044, 47599, 35087, 34022, 35618, 10576, 25805, 16845, 34988, 6804, 14007, 35046, 607, 264]",,,,,,100.0,
62b7e3db3e31,edgeiiot,fine,fedlc,1,,sensitivity,0.6384139707354013,0.6430397397164769,0.6493975290062903,0.6437772381339263,0.3961315440216616,0.446696343126933,0.6303681454087122,"[0.24508676301445217, 0.2786696674168542, 1.0, 0.8640223798581277, 0.7944782115998764, 0.7810685821115813, 0.4456991032879442, 0.5779317842098111, 0.9458558933777592, 0.9186780170255383, 0.4930232558139535, 0.9977466199298949, 0.7528988404638145, 0.6035502958579881, 0.04225352112676056]",124787,67599,132480,1.3840794150019065,1.3951858600012201,211.73316198599423,213.17194747924805,67.599,1586.43359375,336.8759765625,40,0.6386454655872712,"[""Normal"", ""DDoS_UDP"", ""DDoS_ICMP"", ""DDoS_TCP"", ""DDoS_HTTP"", ""SQL_injection"", ""XSS"", ""Uploading"", ""Backdoor"", ""Password"", ""Ransomware"", ""Port_Scanning"", ""Vulnerability_scanner"", ""Fingerprinting"", ""MITM""]","[70005, 70010, 47561, 35051, 33985, 35583, 10550, 25769, 16824, 34956, 6787, 13988, 35021, 600, 251]",,,,,,10.0,
69fa23640603,edgeiiot,fine,fedlc,1,,sensitivity,0.52053942551528,0.6026710515761611,0.5444678820519798,0.6195691321765238,0.20723445695467063,0.41052389521031823,0.6427413259379064,"[0.5441581185889417, 0.519537699504678, 0.47076152599793786, 0.6329734053189362, 0.8764566360730123, 0.6967100078802206, 0.39886704431856046, 0.30398693699823104, 0.9535029190992493, 0.5100751879699248, 0.04771784232365145, 0.985449071751129, 0.8444688937787558, 0.0, 0.38235294117647056]",124670,67599,132480,1.5774594849972345,1.6858355449949158,219.266406085997,222.1486213207245,337.995,1592.85546875,320.38818359375,45,0.516303322850397,"[""Normal"", ""DDoS_UDP"", ""DDoS_ICMP"", ""DDoS_TCP"", ""DDoS_HTTP"", ""SQL_injection"", ""XSS"", ""Uploading"", ""Backdoor"", ""Password"", ""Ransomware"", ""Port_Scanning"", ""Vulnerability_scanner"", ""Fingerprinting"", ""MITM""]","[70031, 70028, 47579, 35066, 34004, 35603, 10570, 25789, 16836, 34975, 6803, 14002, 35034, 604, 256]",,,,,,50.0,
4dcd716102fe,edgeiiot,fine,fedlc,1,,sensitivity,0.599015130168414,0.6439088617350953,0.5865483612824473,0.6555450279311444,0.37103021978021977,0.39793475453422206,0.6576562306857282,"[0.5095605165682251, 0.6602082707519775, 0.7823008849557522, 0.6596638655462185, 0.7611971104231167, 0.13170347003154576, 0.525, 0.3431372549019608, 0.9042642140468228, 0.9725120385232745, 0.4514285714285714, 0.6612214124151797, 0.9283355019517566, 0.0, 0.5076923076923077]",124558,67599,132480,1.3760977349920722,1.5073415400001977,233.23721065901555,237.7714388370514,675.99,1606.49609375,319.65185546875,50,0.6005968217329787,"[""Normal"", ""DDoS_UDP"", ""DDoS_ICMP"", ""DDoS_TCP"", ""DDoS_HTTP"", ""SQL_injection"", ""XSS"", ""Uploading"", ""Backdoor"", ""Password"", ""Ransomware"", ""Port_Scanning"", ""Vulnerability_scanner"", ""Fingerprinting"", ""MITM""]","[70047, 70052, 47611, 35081, 34020, 35623, 10574, 25801, 16860, 34990, 6808, 14015, 35050, 617, 264]",,,,,,100.0,
4dd9c6691e1a,edgeiiot,fine,fedlc,2,,sensitivity,0.7790904302570354,0.8148103629268136,0.7746368630188345,0.7981929038119768,0.7147844086714374,0.6399510346469481,0.7341046839073998,"[0.9999499949995, 1.0, 0.9998527788001472, 0.9998001998001999, 0.28288863706603484, 0.18962802597913797, 0.349385586183992, 0.6114130434782609, 0.9121382469290027, 0.7884037652713799, 0.827995867768595, 0.9912346606561483, 0.9851059576169532, 0.8411764705882353, 0.8405797101449275]",124791,67599,132480,1.5482526799860352,1.5129664149935707,223.48690714101758,224.95827078819275,67.599,1586.88671875,332.138671875,40,0.7769748662678282,"[""Normal"", ""DDoS_UDP"", ""DDoS_ICMP"", ""DDoS_TCP"", ""DDoS_HTTP"", ""SQL_injection"", ""XSS"", ""Uploading"", ""Backdoor"", ""Password"", ""Ransomware"", ""Port_Scanning"", ""Vulnerability_scanner"", ""Fingerprinting"", ""MITM""]","[70005, 70008, 47564, 35048, 33986, 35584, 10550, 25768, 16823, 34955, 6786, 13988, 35021, 599, 254]",,,,,,10.0,
b529c65180f5,edgeiiot,fine,fedlc,2,,sensitivity,0.5555417064330523,0.5891424996791993,0.5452588844789956,0.6191394867257517,0.2675685790001298,0.37078138711046266,0.5991796261567633,"[0.5333967078601091, 0.5298473855391543, 0.458195211786372, 0.6409436225509796, 0.4519488554341101, 0.2530773018217627, 0.40073162620552044, 0.5363067718248572, 0.8396580483736447, 0.9397735244012426, 0.2782383419689119, 0.9558676028084253, 0.9695939187837568, 0.0, 0.391304347826087]",124688,67599,132480,1.5330619999986084,1.7128407299969695,224.22494843099048,227.11874389648438,337.995,1590.46484375,314.3935546875,50,0.5646115939307028,"[""Normal"", ""DDoS_UDP"", ""DDoS_ICMP"", ""DDoS_TCP"", ""DDoS_HTTP"", ""SQL_injection"", ""XSS"", ""Uploading"", ""Backdoor"", ""Password"", ""Ransomware"", ""Port_Scanning"", ""Vulnerability_scanner"", ""Fingerprinting"", ""MITM""]","[70029, 70031, 47581, 35061, 34005, 35599, 10560, 25781, 16839, 34969, 6798, 13999, 35034, 611, 255]",,,,,,50.0,
1c2204429699,edgeiiot,fine,fedlc,2,,sensitivity,0.5155651997544335,0.5928741740994372,0.524265407532973,0.5852077198896096,0.1453671413348833,0.3713626359634763,0.6420738282244713,"[0.3580333450157713, 0.43486963919331434, 0.9129120271366419, 0.9446446446446446, 0.4184294706428645, 0.3501577287066246, 0.042042042042042045, 0.3700272479564033, 0.9366903468449644, 0.8641059071306789, 0.05555555555555555, 0.7331827309236948, 0.9594594594594594, 0.0, 0.4838709677419355]",124561,67599,132480,1.2862174600013532,1.5047784249873075,229.96135294499982,234.48217391967773,675.99,1606.52734375,321.90380859375,45,0.5163722154408085,"[""Normal"", ""DDoS_UDP"", ""DDoS_ICMP"", ""DDoS_TCP"", ""DDoS_HTTP"", ""SQL_injection"", ""XSS"", ""Uploading"", ""Backdoor"", ""Password"", ""Ransomware"", ""Port_Scanning"", ""Vulnerability_scanner"", ""Fingerprinting"", ""MITM""]","[70054, 70036, 47608, 35089, 34017, 35619, 10580, 25809, 16856, 34987, 6807, 14011, 35048, 612, 266]",,,,,,100.0,
389f0bab3fb6,edgeiiot,fine,scaffold,0,,sensitivity,0.9433822425812105,0.9725387438498646,0.934861512238839,0.9725603929040102,0.855180208177235,0.6740979823109556,0.8394098856243917,"[0.9992998949842476, 0.9985498549854985, 0.9998527896363903, 1.0, 0.9980424479703276, 0.9682180458526026, 0.9893723015609432, 0.836820652173913, 0.9115320566194838, 0.9168753129694541, 0.8910123966942148, 1.0, 0.9730107956817273, 0.611764705882353, 0.9285714285714286]",124794,67599,132480,1.4413814599993202,1.6845207549977204,200.98029105199748,202.58942031860352,135.198,1527.02734375,338.099609375,35,0.9480921808360065,"[""Normal"", ""DDoS_UDP"", ""DDoS_ICMP"", ""DDoS_TCP"", ""DDoS_HTTP"", ""SQL_injection"", ""XSS"", ""Uploading"", ""Backdoor"", ""Password"", ""Ransomware"", ""Port_Scanning"", ""Vulnerability_scanner"", ""Fingerprinting"", ""MITM""]","[70006, 70004, 47562, 35048, 33986, 35583, 10550, 25768, 16821, 34957, 6786, 13987, 35021, 599, 254]",,,,,,10.0,
c5f4b42494c7,edgeiiot,fine,scaffold,0,,sensitivity,0.6979004590731515,0.8245785683352848,0.7179349337022028,0.8185630831580238,0.6653772666731933,0.5229955838533689,0.7777531513171677,"[0.997048671902356, 0.9396637982789674, 0.9434990791896869, 0.9795020497950205, 0.9365979381443299, 0.5857213195470212, 0.733932733932734, 0.6920565832426551, 0.1903272878882635, 0.6019641246617897, 0.8856107660455487, 0.3252256770310933, 0.9159084091590841, 0.18902439024390244, 0.8529411764705882]",124694,67599,132480,1.4565745900017646,1.2352530350017332,221.1420059669981,224.59510445594788,675.99,1530.72265625,336.630859375,50,0.6918141728944722,"[""Normal"", ""DDoS_UDP"", ""DDoS_ICMP"", ""DDoS_TCP"", ""DDoS_HTTP"", ""SQL_injection"", ""XSS"", ""Uploading"", ""Backdoor"", ""Password"", ""Ransomware"", ""Port_Scanning"", ""Vulnerability_scanner"", ""Fingerprinting"", ""MITM""]","[70020, 70026, 47583, 35065, 34000, 35600, 10567, 25785, 16834, 34969, 6794, 13998, 35027, 608, 257]",,,,,,50.0,
26992f884236,edgeiiot,fine,scaffold,0,,sensitivity,0.6078265591602056,0.7792233851290613,0.6109818940698386,0.7716706126053281,0.21519855008782782,0.47952337831926395,0.7165344109913648,"[0.9669719261372166, 0.8156063867060414, 0.9232016509433962, 0.9761785607046342, 0.9528331097120446, 0.7206070759830492, 0.24241413804601533, 0.31163170798147644, 0.6015021906947632, 0.31534603811434303, 0.618380062305296, 0.7947302383939774, 0.9253253253253253, 0.0, 0.0]",124592,67599,132480,1.4515402950019052,1.4451655549964926,225.9908818690019,232.44420719146729,1351.98,1546.609375,359.330078125,50,0.608012287231617,"[""Normal"", ""DDoS_UDP"", ""DDoS_ICMP"", ""DDoS_TCP"", ""DDoS_HTTP"", ""SQL_injection"", ""XSS"", ""Uploading"", ""Backdoor"", ""Password"", ""Ransomware"", ""Port_Scanning"", ""Vulnerability_scanner"", ""Fingerprinting"", ""MITM""]","[70038, 70044, 47599, 35087, 34022, 35618, 10576, 25805, 16845, 34988, 6804, 14007, 35046, 607, 264]",,,,,,100.0,
6d700296493e,edgeiiot,fine,scaffold,1,,sensitivity,0.89309232960042,0.9240866436407639,0.8795900587034893,0.920024124324108,0.7513148697856082,0.6373118058834735,0.8009354100410017,"[1.0, 0.9828957239309828, 0.9987487119093185, 0.9999000899190729, 0.9179973215205521, 0.896880842270983, 0.5283958817668548, 0.9321918738959097, 0.9725114535610162, 0.5179769654481723, 0.9431524547803618, 0.9874812218327491, 0.9820071971211516, 0.6745562130177515, 0.8591549295774648]",124787,67599,132480,1.1921966550016805,1.399919104997025,203.14271130299312,204.60523676872253,135.198,1530.84765625,339.72802734375,35,0.8948967402402114,"[""Normal"", ""DDoS_UDP"", ""DDoS_ICMP"", ""DDoS_TCP"", ""DDoS_HTTP"", ""SQL_injection"", ""XSS"", ""Uploading"", ""Backdoor"", ""Password"", ""Ransomware"", ""Port_Scanning"", ""Vulnerability_scanner"", ""Fingerprinting"", ""MITM""]","[70005, 70010, 47561, 35051, 33985, 35583, 10550, 25769, 16824, 34956, 6787, 13988, 35021, 600, 251]",,,,,,10.0,
5d9dea99cf38,edgeiiot,fine,scaffold,1,,sensitivity,0.6554138628867824,0.8300874308173578,0.66697726774852,0.8240784880413538,0.3056811284205403,0.4833578018144797,0.7061067147607765,"[0.9995496622466851, 0.9499174463401211, 0.760568566799234, 0.9377124575084983, 0.8982159430751779, 0.9083924349881797, 0.36587804065311563, 0.36140971560756563, 0.44557964970809005, 0.598796992481203, 0.8568464730290456, 0.9719016557952835, 0.9498899779955992, 0.0, 0.0]",124670,67599,132480,1.3661991600019974,1.522666989994832,214.95477191300415,218.40492343902588,675.99,1535.64453125,336.59423828125,45,0.6544980620600617,"[""Normal"", ""DDoS_UDP"", ""DDoS_ICMP"", ""DDoS_TCP"", ""DDoS_HTTP"", ""SQL_injection"", ""XSS"", ""Uploading"", ""Backdoor"", ""Password"", ""Ransomware"", ""Port_Scanning"", ""Vulnerability_scanner"", ""Fingerprinting"", ""MITM""]","[70031, 70028, 47579, 35066, 34004, 35603, 10570, 25789, 16836, 34975, 6803, 14002, 35034, 604, 256]",,,,,,50.0,
866f77206f49,edgeiiot,fine,scaffold,1,,sensitivity,0.6844272897600826,0.841278761701376,0.6844784510689939,0.8390564064177718,0.26222186147186144,0.4867649209252521,0.7183663602562784,"[0.9977475222745019, 0.9316110944227496, 0.8976401179941003, 0.8843537414965986, 0.9284829721362229, 0.6759660883280757, 0.5896666666666667, 0.6023965141612201, 0.8963210702341137, 0.5323033707865169, 0.4592207792207792, 0.9959788891681327, 0.8754879391452307, 0.0, 0.0]",124558,67599,132480,1.1121456200089597,1.2489789549999841,229.81959222699334,235.92064952850342,1351.98,1544.9921875,358.94775390625,50,0.6820038168555627,"[""Normal"", ""DDoS_UDP"", ""DDoS_ICMP"", ""DDoS_TCP"", ""DDoS_HTTP"", ""SQL_injection"", ""XSS"", ""Uploading"", ""Backdoor"", ""Password"", ""Ransomware"", ""Port_Scanning"", ""Vulnerability_scanner"", ""Fingerprinting"", ""MITM""]","[70047, 70052, 47611, 35081, 34020, 35623, 10574, 25801, 16860, 34990, 6808, 14015, 35050, 617, 264]",,,,,,100.0,
60855b1b8844,edgeiiot,fine,scaffold,2,,sensitivity,0.9446294464305168,0.9530014183715172,0.9448836658107763,0.9535370377689479,0.9540454344005656,0.6113968599917614,0.7878398762266687,"[0.9996999699969997, 1.0, 0.9999263894000736, 0.9999000999000999, 0.9813536623055527, 0.8353670537295808, 0.9295914978412487, 0.8308423913043478, 0.9525296689569019, 0.7843981574203885, 0.9798553719008265, 0.9744552967693464, 0.9986005597760895, 0.9647058823529412, 0.9420289855072463]",124791,67599,132480,1.44386435999877,1.6116387550027866,211.1354025840028,213.1454372406006,135.198,1530.53125,334.99072265625,40,0.9441390533219433,"[""Normal"", ""DDoS_UDP"", ""DDoS_ICMP"", ""DDoS_TCP"", ""DDoS_HTTP"", ""SQL_injection"", ""XSS"", ""Uploading"", ""Backdoor"", ""Password"", ""Ransomware"", ""Port_Scanning"", ""Vulnerability_scanner"", ""Fingerprinting"", ""MITM""]","[70005, 70008, 47564, 35048, 33986, 35584, 10550, 25768, 16823, 34955, 6786, 13988, 35021, 599, 254]",,,,,,10.0,
5b8ed9d8e44e,edgeiiot,fine,scaffold,2,,sensitivity,0.6945221844531705,0.8331194661876042,0.7056643849659745,0.8343364025897765,0.3812850757558788,0.5152969455170249,0.7467732046449769,"[0.9250012508130284, 0.9854390793094822, 0.8366850828729282, 0.8539584166333467, 0.881728191379666, 0.4048252092565239, 0.8769537745261058, 0.6410116943160185, 0.914303586321935, 0.6858402645555667, 0.6481865284974093, 0.9987462387161484, 0.9322864572914583, 0.0, 0.0]",124688,67599,132480,1.4227568499973131,1.4916162749977957,217.1599811970027,220.79093098640442,675.99,1534.859375,334.0986328125,50,0.6961995140985157,"[""Normal"", ""DDoS_UDP"", ""DDoS_ICMP"", ""DDoS_TCP"", ""DDoS_HTTP"", ""SQL_injection"", ""XSS"", ""Uploading"", ""Backdoor"", ""Password"", ""Ransomware"", ""Port_Scanning"", ""Vulnerability_scanner"", ""Fingerprinting"", ""MITM""]","[70029, 70031, 47581, 35061, 34005, 35599, 10560, 25781, 16839, 34969, 6798, 13999, 35034, 611, 255]",,,,,,50.0,
17212f125b54,edgeiiot,fine,scaffold,2,,sensitivity,0.6293094930729772,0.8179044805356411,0.6361529719999987,0.8006066924076152,0.15513098768550482,0.5213451589457649,0.7363709378060661,"[0.9987483102187954, 0.951959165290497, 0.8952142172406164, 0.9679679679679679, 0.8086884738417088, 0.9222200315457413, 0.4657991324657991, 0.3524523160762943, 0.969703301295445, 0.181426135793802, 0.15472481827622014, 0.9224397590361446, 0.950950950950951, 0.0, 0.0]",124561,67599,132480,1.6723115900003904,1.8664150299991888,224.01870700399377,229.97221112251282,1351.98,1545.76171875,361.19970703125,50,0.6271237644712813,"[""Normal"", ""DDoS_UDP"", ""DDoS_ICMP"", ""DDoS_TCP"", ""DDoS_HTTP"", ""SQL_injection"", ""XSS"", ""Uploading"", ""Backdoor"", ""Password"", ""Ransomware"", ""Port_Scanning"", ""Vulnerability_scanner"", ""Fingerprinting"", ""MITM""]","[70054, 70036, 47608, 35089, 34017, 35619, 10580, 25809, 16856, 34987, 6807, 14011, 35048, 612, 266]",,,,,,100.0,
114d6cc1ffd4,edgeiiot,fine,fedstap,0,,sensitivity,0.7187141020259272,0.827884353414427,0.7597300319234948,0.79777249934004,0.6079225352325867,0.5319285010013776,0.8170474172038451,"[0.9997999699954994, 1.0, 1.0, 1.0, 0.3514321038532866, 0.0, 0.9694453669877118, 0.8991847826086956, 0.9036219816819318, 0.8660991487230846, 0.11518595041322315, 1.0, 0.9441223510595762, 0.34705882352941175, 1.0]",124794,67599,132480,1.456636080001772,1.4247449449976557,206.66758443499657,208.03859996795654,67.60664,1551.671875,335.24755859375,40,0.7194596218560391,"[""Normal"", ""DDoS_UDP"", ""DDoS_ICMP"", ""DDoS_TCP"", ""DDoS_HTTP"", ""SQL_injection"", ""XSS"", ""Uploading"", ""Backdoor"", ""Password"", ""Ransomware"", ""Port_Scanning"", ""Vulnerability_scanner"", ""Fingerprinting"", ""MITM""]","[70006, 70004, 47562, 35048, 33986, 35583, 10550, 25768, 16821, 34957, 6786, 13987, 35021, 599, 254]",,,,,,10.0,
8b7d975a38db,edgeiiot,fine,fedstap,0,,sensitivity,0.7867546971975308,0.8786389080468988,0.7926638190589271,0.864590649088157,0.5661119376226045,0.6517936886093004,0.8481022741785199,"[1.0, 1.0, 0.9997053406998159, 1.0, 0.8725773195876289, 0.9145248645987198, 0.8265068265068265, 0.8050870511425462, 0.9182822597456743, 0.20192404048501855, 0.09109730848861283, 1.0, 0.9134086591340866, 0.49390243902439024, 0.8529411764705882]",124694,67599,132480,1.2852223600020807,1.1669731299980413,222.4051437399994,225.02272272109985,338.0332,1559.79296875,319.7763671875,50,0.7905018634764346,"[""Normal"", ""DDoS_UDP"", ""DDoS_ICMP"", ""DDoS_TCP"", ""DDoS_HTTP"", ""SQL_injection"", ""XSS"", ""Uploading"", ""Backdoor"", ""Password"", ""Ransomware"", ""Port_Scanning"", ""Vulnerability_scanner"", ""Fingerprinting"", ""MITM""]","[70020, 70026, 47583, 35065, 34000, 35600, 10567, 25785, 16834, 34969, 6794, 13998, 35027, 608, 257]",,,,,,50.0,
49bddda11036,edgeiiot,fine,fedstap,0,,sensitivity,0.6781186013693268,0.8451907024528059,0.6968948792734463,0.8213367004562228,0.2777130838484623,0.5692625477719643,0.7727727675679306,"[1.0, 1.0, 1.0, 1.0, 0.9522138507585922, 0.721494037646595, 0.17239079693231077, 0.8172160174339417, 0.9699561861047361, 0.15867602808425277, 0.0, 0.7969887076537013, 0.926026026026026, 0.0, 0.9384615384615385]",124592,67599,132480,1.5513328850011021,1.6656838499966398,227.4588619490023,231.98444652557373,676.0664,1574.64453125,320.0341796875,50,0.6776616645961658,"[""Normal"", ""DDoS_UDP"", ""DDoS_ICMP"", ""DDoS_TCP"", ""DDoS_HTTP"", ""SQL_injection"", ""XSS"", ""Uploading"", ""Backdoor"", ""Password"", ""Ransomware"", ""Port_Scanning"", ""Vulnerability_scanner"", ""Fingerprinting"", ""MITM""]","[70038, 70044, 47599, 35087, 34022, 35618, 10576, 25805, 16845, 34988, 6804, 14007, 35046, 607, 264]",,,,,,100.0,
250eef22c94e,edgeiiot,fine,fedstap,1,,sensitivity,0.6914550863642643,0.8487582841161339,0.7277229877190575,0.8257315712915853,0.5813244801840428,0.55056828617562,0.7966360443357308,"[1.0, 1.0, 0.9986751067275136, 1.0, 0.8832801071391779, 0.9974417002853488, 0.8166722019262703, 0.48185894822666125, 0.9291961682632237, 0.37626439659489236, 0.0, 0.0, 0.9238304678128748, 0.621301775147929, 0.8873239436619719]",124787,67599,132480,1.2051485900019543,1.1643007750035395,207.0408701840006,208.32181406021118,67.60664,1553.21484375,336.8759765625,50,0.6916327333253793,"[""Normal"", ""DDoS_UDP"", ""DDoS_ICMP"", ""DDoS_TCP"", ""DDoS_HTTP"", ""SQL_injection"", ""XSS"", ""Uploading"", ""Backdoor"", ""Password"", ""Ransomware"", ""Port_Scanning"", ""Vulnerability_scanner"", ""Fingerprinting"", ""MITM""]","[70005, 70010, 47561, 35051, 33985, 35583, 10550, 25769, 16824, 34956, 6787, 13988, 35021, 600, 251]",,,,,,10.0,
1d0a0897affb,edgeiiot,fine,fedstap,1,,sensitivity,0.7564642796758773,0.8957407555947702,0.7729526361498226,0.8902945769644568,0.41760203020358444,0.580467210906573,0.7942539726653673,"[1.0, 1.0, 1.0, 1.0, 0.894194080643498, 0.6482466509062254, 0.7434188603798734, 0.8369846237583345, 0.9589241034195163, 0.7242105263157895, 0.0005186721991701245, 0.9997491219267436, 0.8615723144628926, 0.0, 0.9264705882352942]",124670,67599,132480,1.4263663249994352,1.3968576499974006,217.06171578799876,219.743878364563,338.0332,1560.6328125,320.38818359375,45,0.7557091637412323,"[""Normal"", ""DDoS_UDP"", ""DDoS_ICMP"", ""DDoS_TCP"", ""DDoS_HTTP"", ""SQL_injection"", ""XSS"", ""Uploading"", ""Backdoor"", ""Password"", ""Ransomware"", ""Port_Scanning"", ""Vulnerability_scanner"", ""Fingerprinting"", ""MITM""]","[70031, 70028, 47579, 35066, 34004, 35603, 10570, 25789, 16836, 34975, 6803, 14002, 35034, 604, 256]",,,,,,50.0,
7211f2104b07,edgeiiot,fine,fedstap,1,,sensitivity,0.6781907454017817,0.8328890958429005,0.6869630809251628,0.8195514178712154,0.38367307692307695,0.5146389240485213,0.756624115227167,"[0.9996996696366003, 1.0, 1.0, 0.9998999599839936, 0.9123839009287926, 0.7902208201892744, 0.627, 0.43368736383442263, 0.9642558528428093, 0.2664526484751204, 0.0, 0.5036441316913798, 0.8995095586027425, 0.0, 0.9076923076923077]",124558,67599,132480,1.2480405250016702,1.2897952050025197,229.84158908099926,234.24646282196045,676.0664,1573.44140625,319.65185546875,40,0.6739769525248296,"[""Normal"", ""DDoS_UDP"", ""DDoS_ICMP"", ""DDoS_TCP"", ""DDoS_HTTP"", ""SQL_injection"", ""XSS"", ""Uploading"", ""Backdoor"", ""Password"", ""Ransomware"", ""Port_Scanning"", ""Vulnerability_scanner"", ""Fingerprinting"", ""MITM""]","[70047, 70052, 47611, 35081, 34020, 35623, 10574, 25801, 16860, 34990, 6808, 14015, 35050, 617, 264]",,,,,,100.0,
de85e5e05201,edgeiiot,fine,fedstap,2,,sensitivity,0.7827346620741402,0.9018278561755255,0.7904320775817798,0.902888316306146,0.5400928345378241,0.6377913472782687,0.8070514877059877,"[0.9999499949995, 1.0, 1.0, 0.9999000999000999, 0.9052230349232513, 0.7203306435740996, 0.7409498505479907, 0.8717391304347826, 0.5117634811576098, 0.7938113358702183, 0.4194214876033058, 0.9997495617330328, 0.8936425429828069, 0.0, 1.0]",124791,67599,132480,1.4723068000012063,1.46450008499869,221.13999083499857,222.57487201690674,67.60664,1554.1015625,332.138671875,30,0.7839134616793056,"[""Normal"", ""DDoS_UDP"", ""DDoS_ICMP"", ""DDoS_TCP"", ""DDoS_HTTP"", ""SQL_injection"", ""XSS"", ""Uploading"", ""Backdoor"", ""Password"", ""Ransomware"", ""Port_Scanning"", ""Vulnerability_scanner"", ""Fingerprinting"", ""MITM""]","[70005, 70008, 47564, 35048, 33986, 35584, 10550, 25768, 16823, 34955, 6786, 13988, 35021, 599, 254]",,,,,,10.0,
2d009e16520e,edgeiiot,fine,fedstap,2,,sensitivity,0.7087637904076046,0.8480527396381368,0.7252055205383579,0.8323048095577222,0.426659660911354,0.588588472328456,0.7966741079994202,"[0.9999499674788612, 1.0, 0.999926335174954, 0.9999000399840065, 0.900804289544236, 0.9197439684884293, 0.7738609910209511, 0.4056295893391352, 0.9249374478732277, 0.15743060426896482, 0.06321243523316063, 0.9997492477432297, 0.863372674534907, 0.0, 0.8695652173913043]",124688,67599,132480,1.1361597150016678,1.266594554999756,220.5681914279994,223.2447967529297,338.0332,1558.69921875,314.3935546875,45,0.7087617953630609,"[""Normal"", ""DDoS_UDP"", ""DDoS_ICMP"", ""DDoS_TCP"", ""DDoS_HTTP"", ""SQL_injection"", ""XSS"", ""Uploading"", ""Backdoor"", ""Password"", ""Ransomware"", ""Port_Scanning"", ""Vulnerability_scanner"", ""Fingerprinting"", ""MITM""]","[70029, 70031, 47581, 35061, 34005, 35599, 10560, 25781, 16839, 34969, 6798, 13999, 35034, 611, 255]",,,,,,50.0,
01753fae068f,edgeiiot,fine,fedstap,2,,sensitivity,0.6506745299227392,0.833968898772489,0.6703305520798436,0.8062450858521383,0.24865386439600085,0.4968395529105859,0.7583127296975308,"[0.9998998648175036, 1.0, 1.0, 1.0, 0.9816324424723971, 0.7118493690851735, 0.0747414080747414, 0.8241144414168937, 0.969703301295445, 0.15785778758399358, 0.0005192107995846313, 0.5067771084337349, 0.9085085085085085, 0.0, 0.9193548387096774]",124561,67599,132480,1.634698169996227,1.5288516149985298,230.97577029999866,235.5589940547943,676.0664,1574.12109375,321.90380859375,50,0.6510168432685435,"[""Normal"", ""DDoS_UDP"", ""DDoS_ICMP"", ""DDoS_TCP"", ""DDoS_HTTP"", ""SQL_injection"", ""XSS"", ""Uploading"", ""Backdoor"", ""Password"", ""Ransomware"", ""Port_Scanning"", ""Vulnerability_scanner"", ""Fingerprinting"", ""MITM""]","[70054, 70036, 47608, 35089, 34017, 35619, 10580, 25809, 16856, 34987, 6807, 14011, 35048, 612, 266]",,,,,,100.0,
50624ffad73f,ciciot2023,fine,fedstap,0,,sensitivity,0.5371352086888325,0.7415891337877506,0.5506288884991068,0.7286635832349614,0.1054396133120934,0.4351625360332472,0.6434545267043078,"[0.9988993396037622, 0.998599299649825, 0.9444555644515612, 0.9972986493246623, 0.91975987993997, 0.9989993996397839, 0.594356613968381, 0.9816613906778736, 0.9874173597782043, 0.9785914365746299, 0.7924773022049286, 0.5958829902491874, 0.28928678603581076, 0.49024512256128067, 0.5572228891556623, 0.892274678111588, 0.6651660664265706, 0.39205682272909165, 0.9949979991996799, 0.0, 0.41444270015698587, 0.4652647390161472, 0.920767306088407, 0.0, 0.3026315789473684, 0.8432372949179672, 0.5489097819563913, 0.0, 0.0, 0.0, 0.0, 0.0, 0.0, 0.15647921760391198]",200990,56290,109824,1.5212365199977285,2.0133992000000944,345.66440860499915,347.69712138175964,112.58744,1522.6953125,286.177734375,50,0.5375956883705725,"[""DDoS-RSTFINFlood"", ""DDoS-PSHACK_Flood"", ""DDoS-SYN_Flood"", ""DDoS-UDP_Flood"", ""DDoS-TCP_Flood"", ""DDoS-ICMP_Flood"", ""DDoS-SynonymousIP_Flood"", ""DDoS-ACK_Fragmentation"", ""DDoS-UDP_Fragmentation"", ""DDoS-ICMP_Fragmentation"", ""DDoS-SlowLoris"", ""DDoS-HTTP_Flood"", ""DoS-UDP_Flood"", ""DoS-SYN_Flood"", ""DoS-TCP_Flood"", ""DoS-HTTP_Flood"", ""Mirai-greeth_flood"", ""Mirai-greip_flood"", ""Mirai-udpplain"", ""Recon-PingSweep"", ""Recon-OSScan"", ""Recon-PortScan"", ""VulnerabilityScan"", ""Recon-HostDiscovery"", ""DNS_Spoofing"", ""MITM-ArpSpoofing"", ""BenignTraffic"", ""BrowserHijacking"", ""Backdoor_Malware"", ""XSS"", ""Uploading_Attack"", ""SqlInjection"", ""CommandInjection"", ""DictionaryBruteForce""]","[35013, 35009, 35014, 35010, 35011, 35013, 35012, 32096, 32858, 35008, 2712, 3256, 35008, 35010, 35008, 8173, 35008, 35009, 35007, 241, 11161, 9330, 4210, 15217, 20501, 35007, 35004, 649, 396, 418, 148, 603, 596, 1446]",,0.25,,,,,
eaebecfbac59,ciciot2023,fine,fedstap,0,,sensitivity,0.5400005322540086,0.7444549480073636,0.5549119026446403,0.732882761545598,0.10255735362049519,0.4364481999237999,0.6479182203960459,"[0.9988993396037622, 0.9988994497248624, 0.9558646917534027, 0.9973986993496748, 0.6477238619309654, 0.9989993996397839, 0.6816089653792275, 0.9840628752319616, 0.9873107272339519, 0.9771908763505402, 0.7665369649805448, 0.6392199349945829, 0.2886866059817945, 0.4511255627813907, 0.6972789115646258, 0.8824034334763948, 0.5366146458583433, 0.5275110044017607, 0.9940976390556222, 0.0, 0.19403453689167974, 0.6751783702591063, 0.9382819015846539, 0.0, 0.4492481203007519, 0.802420968387355, 0.6399279855971194, 0.0, 0.0, 0.0, 0.0, 0.0, 0.0, 0.15647921760391198]",200990,56290,109824,1.2679524850000234,1.5895517199987808,354.30111908300023,356.1524839401245,112.58744,1522.0546875,286.177734375,50,0.5411372417196052,"[""DDoS-RSTFINFlood"", ""DDoS-PSHACK_Flood"", ""DDoS-SYN_Flood"", ""DDoS-UDP_Flood"", ""DDoS-TCP_Flood"", ""DDoS-ICMP_Flood"", ""DDoS-SynonymousIP_Flood"", ""DDoS-ACK_Fragmentation"", ""DDoS-UDP_Fragmentation"", ""DDoS-ICMP_Fragmentation"", ""DDoS-SlowLoris"", ""DDoS-HTTP_Flood"", ""DoS-UDP_Flood"", ""DoS-SYN_Flood"", ""DoS-TCP_Flood"", ""DoS-HTTP_Flood"", ""Mirai-greeth_flood"", ""Mirai-greip_flood"", ""Mirai-udpplain"", ""Recon-PingSweep"", ""Recon-OSScan"", ""Recon-PortScan"", ""VulnerabilityScan"", ""Recon-HostDiscovery"", ""DNS_Spoofing"", ""MITM-ArpSpoofing"", ""BenignTraffic"", ""BrowserHijacking"", ""Backdoor_Malware"", ""XSS"", ""Uploading_Attack"", ""SqlInjection"", ""CommandInjection"", ""DictionaryBruteForce""]","[35013, 35009, 35014, 35010, 35011, 35013, 35012, 32096, 32858, 35008, 2712, 3256, 35008, 35010, 35008, 8173, 35008, 35009, 35007, 241, 11161, 9330, 4210, 15217, 20501, 35007, 35004, 649, 396, 418, 148, 603, 596, 1446]",,0.5,,,,,
2600c096ad22,ciciot2023,fine,fedstap,0,,sensitivity,0.49614347884667304,0.6878352156823723,0.5466229698071368,0.6702430413573415,0.2147019930043734,0.43172487537695003,0.6173693059872457,"[0.9988993396037622, 0.9978989494747373, 0.9469575660528423, 0.6058029014507254, 0.9845922961480741, 0.9989993996397839, 0.7677606563938363, 0.9839537168431394, 0.9866709319684368, 0.9740896358543417, 0.874189364461738, 0.8764897074756229, 0.7806341902570771, 0.0, 0.47498999599839936, 0.5274678111587983, 0.43967587034813926, 0.6094437775110044, 0.9936974789915967, 0.27692307692307694, 0.7726844583987441, 0.19639504318437853, 0.835696413678065, 0.0, 0.3682501708817498, 0.531812725090036, 0.0, 0.0055248618784530384, 0.0, 0.0, 0.4358974358974359, 0.12941176470588237, 0.05389221556886228, 0.15647921760391198]",200990,56290,109824,1.4922839249993558,1.5426170850014387,352.3516438509969,354.28402185440063,112.58744,1522.55859375,286.177734375,50,0.4962742859906109,"[""DDoS-RSTFINFlood"", ""DDoS-PSHACK_Flood"", ""DDoS-SYN_Flood"", ""DDoS-UDP_Flood"", ""DDoS-TCP_Flood"", ""DDoS-ICMP_Flood"", ""DDoS-SynonymousIP_Flood"", ""DDoS-ACK_Fragmentation"", ""DDoS-UDP_Fragmentation"", ""DDoS-ICMP_Fragmentation"", ""DDoS-SlowLoris"", ""DDoS-HTTP_Flood"", ""DoS-UDP_Flood"", ""DoS-SYN_Flood"", ""DoS-TCP_Flood"", ""DoS-HTTP_Flood"", ""Mirai-greeth_flood"", ""Mirai-greip_flood"", ""Mirai-udpplain"", ""Recon-PingSweep"", ""Recon-OSScan"", ""Recon-PortScan"", ""VulnerabilityScan"", ""Recon-HostDiscovery"", ""DNS_Spoofing"", ""MITM-ArpSpoofing"", ""BenignTraffic"", ""BrowserHijacking"", ""Backdoor_Malware"", ""XSS"", ""Uploading_Attack"", ""SqlInjection"", ""CommandInjection"", ""DictionaryBruteForce""]","[35013, 35009, 35014, 35010, 35011, 35013, 35012, 32096, 32858, 35008, 2712, 3256, 35008, 35010, 35008, 8173, 35008, 35009, 35007, 241, 11161, 9330, 4210, 15217, 20501, 35007, 35004, 649, 396, 418, 148, 603, 596, 1446]",,2.0,,,,,
6b6d4ba3e897,ciciot2023,fine,fedstap,1,,sensitivity,0.535472323229197,0.7298956659319664,0.555410888299339,0.6998578376438505,0.11602290434143685,0.4818052480171079,0.6523383210274611,"[0.9988993396037622, 0.9972983790274165, 0.1364545818327331, 0.9916966786714686, 0.9857943177270908, 0.998599299649825, 0.8938938938938938, 0.9830841427480083, 0.9925373134328358, 0.9763881940970486, 0.8730569948186528, 0.6220302375809935, 0.32299379627776664, 0.540824494696818, 0.4765906362545018, 0.8395538395538396, 0.00010006003602161297, 0.9891945972986493, 0.9946978791516606, 0.0, 0.5675251256281407, 0.14913598797896319, 0.9382303839732888, 0.5682707805664288, 0.5844155844155844, 0.6540270135067534, 0.6375275055011003, 0.0, 0.0, 0.0, 0.0, 0.0, 0.0, 0.17114914425427874]",200989,56290,109824,1.5066598949988474,1.4706941050008027,342.5156415040028,344.39190340042114,112.58744,1522.91796875,289.54736328125,50,0.5375972582983223,"[""DDoS-RSTFINFlood"", ""DDoS-PSHACK_Flood"", ""DDoS-SYN_Flood"", ""DDoS-UDP_Flood"", ""DDoS-TCP_Flood"", ""DDoS-ICMP_Flood"", ""DDoS-SynonymousIP_Flood"", ""DDoS-ACK_Fragmentation"", ""DDoS-UDP_Fragmentation"", ""DDoS-ICMP_Fragmentation"", ""DDoS-SlowLoris"", ""DDoS-HTTP_Flood"", ""DoS-UDP_Flood"", ""DoS-SYN_Flood"", ""DoS-TCP_Flood"", ""DoS-HTTP_Flood"", ""Mirai-greeth_flood"", ""Mirai-greip_flood"", ""Mirai-udpplain"", ""Recon-PingSweep"", ""Recon-OSScan"", ""Recon-PortScan"", ""VulnerabilityScan"", ""Recon-HostDiscovery"", ""DNS_Spoofing"", ""MITM-ArpSpoofing"", ""BenignTraffic"", ""BrowserHijacking"", ""Backdoor_Malware"", ""XSS"", ""Uploading_Attack"", ""SqlInjection"", ""CommandInjection"", ""DictionaryBruteForce""]","[35013, 35013, 35009, 35007, 35009, 35012, 35021, 32094, 32855, 35009, 2712, 3252, 35012, 35013, 35008, 8172, 35011, 35012, 35009, 240, 11162, 9332, 4211, 15218, 20502, 35011, 35005, 648, 397, 419, 146, 605, 595, 1446]",,0.25,,,,,
bac2ea6cc4ed,ciciot2023,fine,fedstap,1,,sensitivity,0.5501776059778244,0.7474289637741369,0.5699394166215715,0.7212802223575243,0.12065493444338893,0.5244837941297597,0.6603325958391906,"[0.9988993396037622, 0.9978987392435461, 0.24819927971188474, 0.9918967587034814, 0.9849939975990396, 0.9982991495747874, 0.7185185185185186, 0.9831932773109243, 0.9893390191897654, 0.9770885442721361, 0.8743523316062176, 0.6349892008639308, 0.32199319591755055, 0.8484090454272564, 0.47909163665466187, 0.8459888459888459, 0.00010006003602161297, 0.9878939469734868, 0.994797919167667, 0.0, 0.24057788944723618, 0.5766341096919609, 0.9382303839732888, 0.6617545475477781, 0.4408749145591251, 0.656528264132066, 0.7758551710342069, 0.0, 0.0, 0.0, 0.0, 0.03550295857988166, 0.0, 0.17603911980440098]",200989,56290,109824,1.629340145000242,1.636372434995792,350.653340441997,352.6199576854706,112.58744,1522.6640625,289.54736328125,50,0.5515382010804675,"[""DDoS-RSTFINFlood"", ""DDoS-PSHACK_Flood"", ""DDoS-SYN_Flood"", ""DDoS-UDP_Flood"", ""DDoS-TCP_Flood"", ""DDoS-ICMP_Flood"", ""DDoS-SynonymousIP_Flood"", ""DDoS-ACK_Fragmentation"", ""DDoS-UDP_Fragmentation"", ""DDoS-ICMP_Fragmentation"", ""DDoS-SlowLoris"", ""DDoS-HTTP_Flood"", ""DoS-UDP_Flood"", ""DoS-SYN_Flood"", ""DoS-TCP_Flood"", ""DoS-HTTP_Flood"", ""Mirai-greeth_flood"", ""Mirai-greip_flood"", ""Mirai-udpplain"", ""Recon-PingSweep"", ""Recon-OSScan"", ""Recon-PortScan"", ""VulnerabilityScan"", ""Recon-HostDiscovery"", ""DNS_Spoofing"", ""MITM-ArpSpoofing"", ""BenignTraffic"", ""BrowserHijacking"", ""Backdoor_Malware"", ""XSS"", ""Uploading_Attack"", ""SqlInjection"", ""CommandInjection"", ""DictionaryBruteForce""]","[35013, 35013, 35009, 35007, 35009, 35012, 35021, 32094, 32855, 35009, 2712, 3252, 35012, 35013, 35008, 8172, 35011, 35012, 35009, 240, 11162, 9332, 4211, 15218, 20502, 35011, 35005, 648, 397, 419, 146, 605, 595, 1446]",,0.5,,,,,
9f732cfd97b3,ciciot2023,fine,fedstap,1,,sensitivity,0.49235052631748,0.6916149640030052,0.5381552699006181,0.6520984402213914,0.13715814024351214,0.4547419937437597,0.5917964568015961,"[0.9985991594956974, 0.9978987392435461, 0.941376550620248, 0.0, 0.9869947979191677, 0.998599299649825, 0.7456456456456456, 0.9822110662446797, 0.9878464818763326, 0.974887443721861, 0.7227979274611399, 0.7796976241900648, 0.9971983189913949, 0.3593155893536122, 0.4616846738695478, 0.8348348348348348, 0.99379627776666, 0.0017008504252126063, 0.9941976790716287, 0.0, 0.9704773869346733, 0.0, 0.9315525876460768, 0.3103845268247755, 0.17583732057416268, 0.6381190595297649, 0.0, 0.0, 0.0, 0.0, 0.275, 0.0, 0.06547619047619048, 0.17114914425427874]",200989,56290,109824,1.2385059249982078,1.4488733249982033,342.44428651699855,344.25549387931824,112.58744,1522.73828125,289.54736328125,45,0.4937047518135972,"[""DDoS-RSTFINFlood"", ""DDoS-PSHACK_Flood"", ""DDoS-SYN_Flood"", ""DDoS-UDP_Flood"", ""DDoS-TCP_Flood"", ""DDoS-ICMP_Flood"", ""DDoS-SynonymousIP_Flood"", ""DDoS-ACK_Fragmentation"", ""DDoS-UDP_Fragmentation"", ""DDoS-ICMP_Fragmentation"", ""DDoS-SlowLoris"", ""DDoS-HTTP_Flood"", ""DoS-UDP_Flood"", ""DoS-SYN_Flood"", ""DoS-TCP_Flood"", ""DoS-HTTP_Flood"", ""Mirai-greeth_flood"", ""Mirai-greip_flood"", ""Mirai-udpplain"", ""Recon-PingSweep"", ""Recon-OSScan"", ""Recon-PortScan"", ""VulnerabilityScan"", ""Recon-HostDiscovery"", ""DNS_Spoofing"", ""MITM-ArpSpoofing"", ""BenignTraffic"", ""BrowserHijacking"", ""Backdoor_Malware"", ""XSS"", ""Uploading_Attack"", ""SqlInjection"", ""CommandInjection"", ""DictionaryBruteForce""]","[35013, 35013, 35009, 35007, 35009, 35012, 35021, 32094, 32855, 35009, 2712, 3252, 35012, 35013, 35008, 8172, 35011, 35012, 35009, 240, 11162, 9332, 4211, 15218, 20502, 35011, 35005, 648, 397, 419, 146, 605, 595, 1446]",,2.0,,,,,
9b6851585930,ciciot2023,fine,fedstap,2,,sensitivity,0.5226996339711582,0.7317061036040519,0.5505179724717287,0.6976059763452507,0.1278755578025651,0.509738816114054,0.6175716860304856,"[0.9989992995096567, 0.9984992496248124, 0.963985594237695, 0.9526763381690846, 0.05492746373186593, 0.9989992995096567, 0.7048819527811124, 0.9912663755458515, 0.9908315565031983, 0.9729891956782714, 0.9532467532467532, 0.3553629469122427, 0.37528764382191093, 0.45938375350140054, 0.9745898359343738, 0.922713610991842, 0.0, 0.9906972091627488, 0.9940982294688406, 0.015151515151515152, 0.13783359497645212, 0.6923365890308039, 0.5771476230191827, 0.852636426433341, 0.4060471472497438, 0.6780356071214243, 0.5225045009001801, 0.0, 0.0, 0.0, 0.0, 0.0, 0.0, 0.18248175182481752]",200996,56290,109824,1.390444694998223,1.45687880999958,344.83202088899725,346.71166467666626,112.58744,1514.41796875,284.41259765625,50,0.5214760510016443,"[""DDoS-RSTFINFlood"", ""DDoS-PSHACK_Flood"", ""DDoS-SYN_Flood"", ""DDoS-UDP_Flood"", ""DDoS-TCP_Flood"", ""DDoS-ICMP_Flood"", ""DDoS-SynonymousIP_Flood"", ""DDoS-ACK_Fragmentation"", ""DDoS-UDP_Fragmentation"", ""DDoS-ICMP_Fragmentation"", ""DDoS-SlowLoris"", ""DDoS-HTTP_Flood"", ""DoS-UDP_Flood"", ""DoS-SYN_Flood"", ""DoS-TCP_Flood"", ""DoS-HTTP_Flood"", ""Mirai-greeth_flood"", ""Mirai-greip_flood"", ""Mirai-udpplain"", ""Recon-PingSweep"", ""Recon-OSScan"", ""Recon-PortScan"", ""VulnerabilityScan"", ""Recon-HostDiscovery"", ""DNS_Spoofing"", ""MITM-ArpSpoofing"", ""BenignTraffic"", ""BrowserHijacking"", ""Backdoor_Malware"", ""XSS"", ""Uploading_Attack"", ""SqlInjection"", ""CommandInjection"", ""DictionaryBruteForce""]","[35014, 35009, 35007, 35011, 35009, 35013, 35010, 32099, 32855, 35008, 2715, 3256, 35011, 35009, 35008, 8176, 35012, 35007, 35006, 239, 11161, 9332, 4209, 15219, 20498, 35004, 35004, 646, 397, 420, 148, 604, 596, 1443]",,0.25,,,,,
c6bc4dce4e8c,ciciot2023,fine,fedstap,2,,sensitivity,0.5531593734127946,0.7599404963282851,0.576243639703744,0.7359583653393795,0.14094283240830124,0.5089075463979753,0.6452631433144232,"[0.9989992995096567, 0.9989994997498749, 0.9386754701880752, 0.9840920460230115, 0.9609804902451226, 0.9989992995096567, 0.7208883553421368, 0.989410480349345, 0.9897654584221749, 0.9747899159663865, 0.974025974025974, 0.4712892741061755, 0.32286143071535767, 0.47989195678271307, 0.5042016806722689, 0.9128381279519107, 0.0005003001801080648, 0.9898969690907272, 0.993297989396819, 0.10606060606060606, 0.130298273155416, 0.6408715251690458, 0.69557964970809, 0.8604651162790697, 0.4745473180731124, 0.6489297859571914, 0.6427285457091418, 0.0, 0.0, 0.0, 0.0, 0.005917159763313609, 0.0, 0.18248175182481752]",200996,56290,109824,1.3061454350008717,1.2022104449988547,347.25252508799986,349.0269215106964,112.58744,1512.58203125,284.41259765625,50,0.5532691616755882,"[""DDoS-RSTFINFlood"", ""DDoS-PSHACK_Flood"", ""DDoS-SYN_Flood"", ""DDoS-UDP_Flood"", ""DDoS-TCP_Flood"", ""DDoS-ICMP_Flood"", ""DDoS-SynonymousIP_Flood"", ""DDoS-ACK_Fragmentation"", ""DDoS-UDP_Fragmentation"", ""DDoS-ICMP_Fragmentation"", ""DDoS-SlowLoris"", ""DDoS-HTTP_Flood"", ""DoS-UDP_Flood"", ""DoS-SYN_Flood"", ""DoS-TCP_Flood"", ""DoS-HTTP_Flood"", ""Mirai-greeth_flood"", ""Mirai-greip_flood"", ""Mirai-udpplain"", ""Recon-PingSweep"", ""Recon-OSScan"", ""Recon-PortScan"", ""VulnerabilityScan"", ""Recon-HostDiscovery"", ""DNS_Spoofing"", ""MITM-ArpSpoofing"", ""BenignTraffic"", ""BrowserHijacking"", ""Backdoor_Malware"", ""XSS"", ""Uploading_Attack"", ""SqlInjection"", ""CommandInjection"", ""DictionaryBruteForce""]","[35014, 35009, 35007, 35011, 35009, 35013, 35010, 32099, 32855, 35008, 2715, 3256, 35011, 35009, 35008, 8176, 35012, 35007, 35006, 239, 11161, 9332, 4209, 15219, 20498, 35004, 35004, 646, 397, 420, 148, 604, 596, 1443]",,0.5,,,,,
a73814306498,ciciot2023,fine,fedstap,2,,sensitivity,0.5052723162532642,0.6831777746820832,0.5482183551647166,0.6742843130151892,0.25182909373214896,0.5060912757295193,0.6392661724837918,"[0.9988992294606225, 0.9983991995998, 0.5356142456982793, 0.9431715857928964, 0.9674837418709354, 0.9988992294606225, 0.8864545818327331, 0.9831877729257642, 0.9853944562899787, 0.9729891956782714, 0.9207792207792208, 0.6489707475622969, 0.38139069534767384, 0.12695078031212484, 0.47839135654261705, 0.8535852297123229, 0.8250950570342205, 0.2633790137041112, 0.9837951385415624, 0.9545454545454546, 0.39215070643642075, 0.15777610818933133, 0.7155963302752294, 0.39788164862997927, 0.2360778954560984, 0.6393278655731146, 0.0021004200840168035, 0.0, 0.17272727272727273, 0.0, 0.0, 0.0, 0.03592814371257485, 0.18248175182481752]",200996,56290,109824,1.5657362599995395,1.610507579998739,343.3765706209979,345.333616733551,112.58744,1513.98046875,284.41259765625,25,0.505787959112371,"[""DDoS-RSTFINFlood"", ""DDoS-PSHACK_Flood"", ""DDoS-SYN_Flood"", ""DDoS-UDP_Flood"", ""DDoS-TCP_Flood"", ""DDoS-ICMP_Flood"", ""DDoS-SynonymousIP_Flood"", ""DDoS-ACK_Fragmentation"", ""DDoS-UDP_Fragmentation"", ""DDoS-ICMP_Fragmentation"", ""DDoS-SlowLoris"", ""DDoS-HTTP_Flood"", ""DoS-UDP_Flood"", ""DoS-SYN_Flood"", ""DoS-TCP_Flood"", ""DoS-HTTP_Flood"", ""Mirai-greeth_flood"", ""Mirai-greip_flood"", ""Mirai-udpplain"", ""Recon-PingSweep"", ""Recon-OSScan"", ""Recon-PortScan"", ""VulnerabilityScan"", ""Recon-HostDiscovery"", ""DNS_Spoofing"", ""MITM-ArpSpoofing"", ""BenignTraffic"", ""BrowserHijacking"", ""Backdoor_Malware"", ""XSS"", ""Uploading_Attack"", ""SqlInjection"", ""CommandInjection"", ""DictionaryBruteForce""]","[35014, 35009, 35007, 35011, 35009, 35013, 35010, 32099, 32855, 35008, 2715, 3256, 35011, 35009, 35008, 8176, 35012, 35007, 35006, 239, 11161, 9332, 4209, 15219, 20498, 35004, 35004, 646, 397, 420, 148, 604, 596, 1443]",,2.0,,,,,
4892a6a45b39,edgeiiot,fine,fedstap,0,,sensitivity,0.7033228928845602,0.8208342684920966,0.712212365332522,0.8177016841989446,0.5269133490999869,0.673329710515541,0.7731765159752275,"[0.9999499849954987, 1.0, 0.9999263785614371, 1.0, 0.605564142194745, 0.5446938373695609, 0.5563310069790628, 0.18537646099483554, 0.6409668680975203, 0.6471000701192027, 0.6542635658914728, 0.9997495617330328, 0.9522047795220479, 0.0, 0.8970588235294118]",124756,67599,132480,1.6225156349992176,1.6576746950022425,218.8434867770029,220.74212551116943,135.21328,1559.1875,334.35498046875,25,0.7046246688853229,"[""Normal"", ""DDoS_UDP"", ""DDoS_ICMP"", ""DDoS_TCP"", ""DDoS_HTTP"", ""SQL_injection"", ""XSS"", ""Uploading"", ""Backdoor"", ""Password"", ""Ransomware"", ""Port_Scanning"", ""Vulnerability_scanner"", ""Fingerprinting"", ""MITM""]","[70011, 70013, 47567, 35050, 33989, 35592, 10555, 25772, 16831, 34962, 6788, 13988, 35028, 604, 257]",,0.25,,,,,
45b00e699149,edgeiiot,fine,fedstap,0,,sensitivity,0.7210410592397902,0.8363285132578794,0.7539433702250938,0.8254489368490768,0.620526695108473,0.6728195786491933,0.8009379066417059,"[0.9999499849954987, 1.0, 0.9999263785614371, 1.0, 0.35033487892838744, 0.9165189998031108, 0.9943502824858758, 0.7810546344115249, 0.7074390498020421, 0.15416207552839828, 0.5906976744186047, 0.9997495617330328, 0.9179082091790821, 0.0, 0.8970588235294118]",124756,67599,132480,1.491743784999926,1.4591838900014409,211.31186885899933,213.0920045375824,135.21328,1559.84375,334.35498046875,50,0.7232919773941915,"[""Normal"", ""DDoS_UDP"", ""DDoS_ICMP"", ""DDoS_TCP"", ""DDoS_HTTP"", ""SQL_injection"", ""XSS"", ""Uploading"", ""Backdoor"", ""Password"", ""Ransomware"", ""Port_Scanning"", ""Vulnerability_scanner"", ""Fingerprinting"", ""MITM""]","[70011, 70013, 47567, 35050, 33989, 35592, 10555, 25772, 16831, 34962, 6788, 13988, 35028, 604, 257]",,0.5,,,,,
60b8b0b90d6b,edgeiiot,fine,fedstap,0,,sensitivity,0.7331888589824838,0.826036423097887,0.7307246457182145,0.8063766495013299,0.6413702437767081,0.6269779106254088,0.7720903377505769,"[1.0, 1.0, 0.9999263785614371, 1.0, 0.8912931478619268, 0.9998031108485922, 0.7557328015952144, 0.18958956238108182, 0.7828714315482392, 0.13332665531403387, 0.3917312661498708, 0.4963686451289757, 0.9022097790220978, 0.5209580838323353, 0.8970588235294118]",124756,67599,132480,1.4595533750025425,1.1973697699977492,210.34793068900308,212.0692732334137,135.21328,1559.21484375,334.35498046875,45,0.7293274251581424,"[""Normal"", ""DDoS_UDP"", ""DDoS_ICMP"", ""DDoS_TCP"", ""DDoS_HTTP"", ""SQL_injection"", ""XSS"", ""Uploading"", ""Backdoor"", ""Password"", ""Ransomware"", ""Port_Scanning"", ""Vulnerability_scanner"", ""Fingerprinting"", ""MITM""]","[70011, 70013, 47567, 35050, 33989, 35592, 10555, 25772, 16831, 34962, 6788, 13988, 35028, 604, 257]",,2.0,,,,,
a2abe588f69e,edgeiiot,fine,fedstap,1,,sensitivity,0.6960903460350027,0.8311332323450913,0.7142565317114485,0.8175271277973712,0.6514943205789692,0.5770914412232111,0.7778126765389347,"[0.9998999749937484, 1.0, 0.9999263785614371, 1.0, 0.8772797527047913, 0.9982286951387522, 0.8194813829787234, 0.21016856987493202, 0.28164029975020816, 0.31039663461538464, 0.8299741602067183, 0.49561733032807415, 0.9347130573885223, 0.0, 0.9565217391304348]",124767,67599,132480,1.5606179550013621,1.645410749997609,214.46399121099694,216.39537262916565,135.21328,1559.19921875,321.66064453125,35,0.6945212124106569,"[""Normal"", ""DDoS_UDP"", ""DDoS_ICMP"", ""DDoS_TCP"", ""DDoS_HTTP"", ""SQL_injection"", ""XSS"", ""Uploading"", ""Backdoor"", ""Password"", ""Ransomware"", ""Port_Scanning"", ""Vulnerability_scanner"", ""Fingerprinting"", ""MITM""]","[70010, 70008, 47566, 35054, 33988, 35585, 10555, 25776, 16821, 34960, 6790, 13989, 35025, 600, 254]",,0.25,,,,,
9743380d4dcb,edgeiiot,fine,fedstap,1,,sensitivity,0.724541351721352,0.8479886508451754,0.7529638819362385,0.8361413000817497,0.6811983570158265,0.6065723430500454,0.8123459933828553,"[1.0, 1.0, 0.9999263785614371, 1.0, 0.88026790314271, 0.9982286951387522, 0.9155585106382979, 0.2351821642196846, 0.26061615320566195, 0.29306891025641024, 0.8527131782945736, 0.9769596794390183, 0.9254149170165967, 0.0, 0.9565217391304348]",124767,67599,132480,1.4340355500007718,1.2509913199983203,213.42509646799954,215.12413835525513,135.21328,1559.41015625,321.66064453125,35,0.724037531382952,"[""Normal"", ""DDoS_UDP"", ""DDoS_ICMP"", ""DDoS_TCP"", ""DDoS_HTTP"", ""SQL_injection"", ""XSS"", ""Uploading"", ""Backdoor"", ""Password"", ""Ransomware"", ""Port_Scanning"", ""Vulnerability_scanner"", ""Fingerprinting"", ""MITM""]","[70010, 70008, 47566, 35054, 33988, 35585, 10555, 25776, 16821, 34960, 6790, 13989, 35025, 600, 254]",,0.5,,,,,
a4d1ffb13007,edgeiiot,fine,fedstap,1,,sensitivity,0.6552519067762245,0.8042992137344009,0.6625953310851211,0.778015506141087,0.451610283224369,0.45661318365318193,0.6929470381024201,"[1.0, 1.0, 0.9998527571228741, 1.0, 0.9441524987120041, 0.6691596142491636, 0.02526595744680851, 0.30070690592713434, 0.8315986677768527, 0.4421073717948718, 0.26046511627906976, 0.0, 0.9449110177964407, 0.5207100591715976, 1.0]",124767,67599,132480,1.3548434550011734,1.5689031900001282,215.1125456299951,216.8454978466034,135.21328,1560.00390625,321.66064453125,50,0.6552294345245335,"[""Normal"", ""DDoS_UDP"", ""DDoS_ICMP"", ""DDoS_TCP"", ""DDoS_HTTP"", ""SQL_injection"", ""XSS"", ""Uploading"", ""Backdoor"", ""Password"", ""Ransomware"", ""Port_Scanning"", ""Vulnerability_scanner"", ""Fingerprinting"", ""MITM""]","[70010, 70008, 47566, 35054, 33988, 35585, 10555, 25776, 16821, 34960, 6790, 13989, 35025, 600, 254]",,2.0,,,,,
b5a8aa32719c,edgeiiot,fine,fedstap,2,,sensitivity,0.6912044990328883,0.8340052416866369,0.7001642696218059,0.8174472199654267,0.44388993211035677,0.572209618829991,0.7897950257330505,"[0.9998999749937484, 1.0, 0.9997791844545856, 1.0, 0.8848016486347243, 0.9995077771214806, 0.30498338870431896, 0.34710519162815984, 0.3724755361232563, 0.15507914245642157, 0.6155038759689923, 0.9997495617330328, 0.968506298740252, 0.0, 0.855072463768116]",124769,67599,132480,1.4528978499993173,1.338088564998543,212.44939617799992,214.20900678634644,135.21328,1554.328125,332.45166015625,50,0.6943504059039064,"[""Normal"", ""DDoS_UDP"", ""DDoS_ICMP"", ""DDoS_TCP"", ""DDoS_HTTP"", ""SQL_injection"", ""XSS"", ""Uploading"", ""Backdoor"", ""Password"", ""Ransomware"", ""Port_Scanning"", ""Vulnerability_scanner"", ""Fingerprinting"", ""MITM""]","[70012, 70013, 47562, 35049, 33988, 35593, 10552, 25773, 16824, 34964, 6788, 13989, 35024, 600, 254]",,0.25,,,,,
8d786a4d1c62,edgeiiot,fine,fedstap,2,,sensitivity,0.747393223756691,0.8667778053843502,0.7550427787401511,0.8591352872873013,0.5635004895116118,0.6343251921466542,0.8147945470739323,"[0.9999499874968742, 1.0, 0.9997791844545856, 1.0, 0.8982998454404946, 0.9934042134278401, 0.726578073089701, 0.5701277521065506, 0.3997501561524047, 0.26056902424363854, 0.6723514211886304, 0.9997495617330328, 0.9500099980003999, 0.0, 0.855072463768116]",124769,67599,132480,1.4955465399998502,1.4989682050008923,209.57072621099724,211.3654592037201,135.21328,1554.01171875,332.45166015625,50,0.752177571310682,"[""Normal"", ""DDoS_UDP"", ""DDoS_ICMP"", ""DDoS_TCP"", ""DDoS_HTTP"", ""SQL_injection"", ""XSS"", ""Uploading"", ""Backdoor"", ""Password"", ""Ransomware"", ""Port_Scanning"", ""Vulnerability_scanner"", ""Fingerprinting"", ""MITM""]","[70012, 70013, 47562, 35049, 33988, 35593, 10552, 25773, 16824, 34964, 6788, 13989, 35024, 600, 254]",,0.5,,,,,
43b8523b7b30,edgeiiot,fine,fedstap,2,,sensitivity,0.7603944620857893,0.8961280446264697,0.7735766619562097,0.8892763843717061,0.4174418604651163,0.5537460674116177,0.8069600976389145,"[0.9999499874968742, 1.0, 0.9997791844545856, 1.0, 0.9111798042246265, 0.7468989958653278, 0.6697674418604651, 0.7594455014949715, 0.9671038933999584, 0.6427569625325587, 0.0, 0.9997495617330328, 0.9070185962807439, 0.0, 1.0]",124769,67599,132480,1.5368459999990591,1.4848948899998504,212.60101555599886,214.42329096794128,135.21328,1554.7265625,332.45166015625,50,0.760895216432472,"[""Normal"", ""DDoS_UDP"", ""DDoS_ICMP"", ""DDoS_TCP"", ""DDoS_HTTP"", ""SQL_injection"", ""XSS"", ""Uploading"", ""Backdoor"", ""Password"", ""Ransomware"", ""Port_Scanning"", ""Vulnerability_scanner"", ""Fingerprinting"", ""MITM""]","[70012, 70013, 47562, 35049, 33988, 35593, 10552, 25773, 16824, 34964, 6788, 13989, 35024, 600, 254]",,2.0,,,,,
cd425705ab98,ciciot2023,fine,fedavg,0,,sensitivity,0.40531011393309446,0.6199313398676551,0.4340293413893611,0.5603529022812479,0.013515261001299834,0.28396757439963305,0.45736478893123317,"[0.9980988593155894, 0.9902951475737869, 0.7425940752602082, 0.004902451225612807, 0.9686843421710856, 0.9974984990994596, 0.37172303382029215, 0.3788887676017902, 0.7764981872467477, 0.9857943177270908, 0.05317769130998703, 0.7453954496208017, 0.9617885365609683, 0.35707853926963484, 0.05232092837134854, 0.5197424892703862, 0.9256702681072428, 0.5761304521808723, 0.9135654261704682, 0.0, 0.0, 0.24784078107397672, 0.658882402001668, 0.44820441988950277, 0.016062884483937116, 0.002300920368147259, 0.9953990798159632, 0.0, 0.0, 0.0, 0.0, 0.0, 0.0, 0.06845965770171149]",200990,56290,109824,1.5390183000090474,1.426910019999923,132.142963837985,134.03331542015076,45.032,1500.7578125,286.177734375,50,0.40832287882761126,"[""DDoS-RSTFINFlood"", ""DDoS-PSHACK_Flood"", ""DDoS-SYN_Flood"", ""DDoS-UDP_Flood"", ""DDoS-TCP_Flood"", ""DDoS-ICMP_Flood"", ""DDoS-SynonymousIP_Flood"", ""DDoS-ACK_Fragmentation"", ""DDoS-UDP_Fragmentation"", ""DDoS-ICMP_Fragmentation"", ""DDoS-SlowLoris"", ""DDoS-HTTP_Flood"", ""DoS-UDP_Flood"", ""DoS-SYN_Flood"", ""DoS-TCP_Flood"", ""DoS-HTTP_Flood"", ""Mirai-greeth_flood"", ""Mirai-greip_flood"", ""Mirai-udpplain"", ""Recon-PingSweep"", ""Recon-OSScan"", ""Recon-PortScan"", ""VulnerabilityScan"", ""Recon-HostDiscovery"", ""DNS_Spoofing"", ""MITM-ArpSpoofing"", ""BenignTraffic"", ""BrowserHijacking"", ""Backdoor_Malware"", ""XSS"", ""Uploading_Attack"", ""SqlInjection"", ""CommandInjection"", ""DictionaryBruteForce""]","[35013, 35009, 35014, 35010, 35011, 35013, 35012, 32096, 32858, 35008, 2712, 3256, 35008, 35010, 35008, 8173, 35008, 35009, 35007, 241, 11161, 9330, 4210, 15217, 20501, 35007, 35004, 649, 396, 418, 148, 603, 596, 1446]",,,,,,,0.2
ad9ecea01293,ciciot2023,fine,fedavg,0,,sensitivity,0.5936895453096269,0.8037414796756057,0.5937792478964754,0.7952561542323697,0.0896699597431191,0.43791456125730593,0.6017253677181105,"[0.9984990994596759, 0.9976988494247123, 0.8485788630904724, 0.9326663331665833, 0.9828914457228615, 0.9982989793876326, 0.33820292175305183, 0.9491321908088637, 0.9457240349754745, 0.9805922368947579, 0.562905317769131, 0.6240520043336945, 0.9731919575872762, 0.6500250125062531, 0.43967587034813926, 0.8725321888412018, 0.9129651860744298, 0.9288715486194478, 0.9841936774709884, 0.0, 0.1400313971742543, 0.6770559519339091, 0.8331943286071727, 0.4988489871086556, 0.6985645933014354, 0.7096838735494198, 0.4662932586517303, 0.0, 0.09009009009009009, 0.0, 0.0, 0.0, 0.0, 0.15403422982885084]",200990,56290,109824,1.501215954995132,1.329574675000913,650.9504225389937,652.8093502521515,225.16,1497.8203125,286.177734375,50,0.593163756698955,"[""DDoS-RSTFINFlood"", ""DDoS-PSHACK_Flood"", ""DDoS-SYN_Flood"", ""DDoS-UDP_Flood"", ""DDoS-TCP_Flood"", ""DDoS-ICMP_Flood"", ""DDoS-SynonymousIP_Flood"", ""DDoS-ACK_Fragmentation"", ""DDoS-UDP_Fragmentation"", ""DDoS-ICMP_Fragmentation"", ""DDoS-SlowLoris"", ""DDoS-HTTP_Flood"", ""DoS-UDP_Flood"", ""DoS-SYN_Flood"", ""DoS-TCP_Flood"", ""DoS-HTTP_Flood"", ""Mirai-greeth_flood"", ""Mirai-greip_flood"", ""Mirai-udpplain"", ""Recon-PingSweep"", ""Recon-OSScan"", ""Recon-PortScan"", ""VulnerabilityScan"", ""Recon-HostDiscovery"", ""DNS_Spoofing"", ""MITM-ArpSpoofing"", ""BenignTraffic"", ""BrowserHijacking"", ""Backdoor_Malware"", ""XSS"", ""Uploading_Attack"", ""SqlInjection"", ""CommandInjection"", ""DictionaryBruteForce""]","[35013, 35009, 35014, 35010, 35011, 35013, 35012, 32096, 32858, 35008, 2712, 3256, 35008, 35010, 35008, 8173, 35008, 35009, 35007, 241, 11161, 9330, 4210, 15217, 20501, 35007, 35004, 649, 396, 418, 148, 603, 596, 1446]",,,,,,,1.0
6a593c37ebe0,ciciot2023,fine,fedavg,1,,sensitivity,0.4670798693064692,0.6608719880192448,0.46717928156891725,0.6451759713465809,0.08357262401943603,0.3505560232337115,0.5161888216560631,"[0.9959975985591355, 0.9928957374424655, 0.40026010404161666, 0.9946978791516606, 0.9155662264905963, 0.9716858429214608, 0.5193193193193193, 0.5199170577321838, 0.5660980810234542, 0.9774887443721861, 0.7448186528497409, 0.5766738660907127, 0.16459875925555334, 0.6850110066039624, 0.8222288915566226, 0.46546546546546547, 0.5190114068441065, 0.9714857428714357, 0.5478191276510604, 0.0, 0.0, 0.4098422238918107, 0.4732888146911519, 0.39742113746258345, 0.0, 0.7329664832416208, 0.5122024404880976, 0.0, 0.0, 0.0, 0.0, 0.0, 0.0, 0.007334963325183374]",200989,56290,109824,1.51939842999127,1.4851696899859235,128.0202385449884,129.89797115325928,45.032,1501.1953125,289.54736328125,40,0.4699093259864305,"[""DDoS-RSTFINFlood"", ""DDoS-PSHACK_Flood"", ""DDoS-SYN_Flood"", ""DDoS-UDP_Flood"", ""DDoS-TCP_Flood"", ""DDoS-ICMP_Flood"", ""DDoS-SynonymousIP_Flood"", ""DDoS-ACK_Fragmentation"", ""DDoS-UDP_Fragmentation"", ""DDoS-ICMP_Fragmentation"", ""DDoS-SlowLoris"", ""DDoS-HTTP_Flood"", ""DoS-UDP_Flood"", ""DoS-SYN_Flood"", ""DoS-TCP_Flood"", ""DoS-HTTP_Flood"", ""Mirai-greeth_flood"", ""Mirai-greip_flood"", ""Mirai-udpplain"", ""Recon-PingSweep"", ""Recon-OSScan"", ""Recon-PortScan"", ""VulnerabilityScan"", ""Recon-HostDiscovery"", ""DNS_Spoofing"", ""MITM-ArpSpoofing"", ""BenignTraffic"", ""BrowserHijacking"", ""Backdoor_Malware"", ""XSS"", ""Uploading_Attack"", ""SqlInjection"", ""CommandInjection"", ""DictionaryBruteForce""]","[35013, 35013, 35009, 35007, 35009, 35012, 35021, 32094, 32855, 35009, 2712, 3252, 35012, 35013, 35008, 8172, 35011, 35012, 35009, 240, 11162, 9332, 4211, 15218, 20502, 35011, 35005, 648, 397, 419, 146, 605, 595, 1446]",,,,,,,0.2
b267be8ca3c7,ciciot2023,fine,fedavg,1,,sensitivity,0.5886298023859055,0.7980635756185662,0.5825533502609811,0.7918909184108415,0.11652283280826395,0.4555600429637719,0.5984115338737898,"[0.9979987992795677, 0.9976986191715029, 0.7082833133253301, 0.9679871948779512, 0.9692877150860344, 0.9915957978989495, 0.4095095095095095, 0.8523409363745498, 0.9624733475479744, 0.9745872936468234, 0.8730569948186528, 0.6490280777537797, 0.7634580748449069, 0.6019611767060236, 0.8719487795118047, 0.631917631917632, 0.9210526315789473, 0.9246623311655828, 0.9794917967186875, 0.0, 0.42054020100502515, 0.49849737039819686, 0.7103505843071787, 0.42205848491825926, 0.1553315105946685, 0.9067533766883442, 0.46929385877175434, 0.0, 0.0, 0.0, 0.0, 0.011834319526627219, 0.0, 0.16381418092909536]",200989,56290,109824,1.465005994996318,1.475884240007872,654.4806758300074,656.3817965984344,225.16,1497.5625,289.54736328125,40,0.5894547212834922,"[""DDoS-RSTFINFlood"", ""DDoS-PSHACK_Flood"", ""DDoS-SYN_Flood"", ""DDoS-UDP_Flood"", ""DDoS-TCP_Flood"", ""DDoS-ICMP_Flood"", ""DDoS-SynonymousIP_Flood"", ""DDoS-ACK_Fragmentation"", ""DDoS-UDP_Fragmentation"", ""DDoS-ICMP_Fragmentation"", ""DDoS-SlowLoris"", ""DDoS-HTTP_Flood"", ""DoS-UDP_Flood"", ""DoS-SYN_Flood"", ""DoS-TCP_Flood"", ""DoS-HTTP_Flood"", ""Mirai-greeth_flood"", ""Mirai-greip_flood"", ""Mirai-udpplain"", ""Recon-PingSweep"", ""Recon-OSScan"", ""Recon-PortScan"", ""VulnerabilityScan"", ""Recon-HostDiscovery"", ""DNS_Spoofing"", ""MITM-ArpSpoofing"", ""BenignTraffic"", ""BrowserHijacking"", ""Backdoor_Malware"", ""XSS"", ""Uploading_Attack"", ""SqlInjection"", ""CommandInjection"", ""DictionaryBruteForce""]","[35013, 35013, 35009, 35007, 35009, 35012, 35021, 32094, 32855, 35009, 2712, 3252, 35012, 35013, 35008, 8172, 35011, 35012, 35009, 240, 11162, 9332, 4211, 15218, 20502, 35011, 35005, 648, 397, 419, 146, 605, 595, 1446]",,,,,,,1.0
e72bf3199b0a,ciciot2023,fine,fedavg,2,,sensitivity,0.36244507838612067,0.5690561006189178,0.4156623344969735,0.5045717104409136,0.11578594425309754,0.3370599272122473,0.46149965502789836,"[0.9966976883818673, 0.42171085542771386, 0.0, 0.9970985492746374, 0.536368184092046, 0.9926948864204943, 0.9983993597438976, 0.24694323144104804, 0.0014925373134328358, 0.9277711084433774, 0.8766233766233766, 0.08884073672806067, 0.4501250625312656, 0.0, 0.9341736694677871, 0.6200085873765565, 0.9883930358214928, 0.0029008702610783233, 0.9625887766329899, 0.0, 0.28728414442700156, 0.5086401202103682, 0.0, 0.6081049965461662, 0.5596173556542535, 0.17253450690138028, 0.7880576115223045, 0.0, 0.0, 0.0, 0.0, 0.0, 0.0, 0.1654501216545012]",200996,56290,109824,1.5072359549958492,1.2555255950064748,133.535123457008,135.37544107437134,45.032,1492.328125,284.41259765625,50,0.3628326879759385,"[""DDoS-RSTFINFlood"", ""DDoS-PSHACK_Flood"", ""DDoS-SYN_Flood"", ""DDoS-UDP_Flood"", ""DDoS-TCP_Flood"", ""DDoS-ICMP_Flood"", ""DDoS-SynonymousIP_Flood"", ""DDoS-ACK_Fragmentation"", ""DDoS-UDP_Fragmentation"", ""DDoS-ICMP_Fragmentation"", ""DDoS-SlowLoris"", ""DDoS-HTTP_Flood"", ""DoS-UDP_Flood"", ""DoS-SYN_Flood"", ""DoS-TCP_Flood"", ""DoS-HTTP_Flood"", ""Mirai-greeth_flood"", ""Mirai-greip_flood"", ""Mirai-udpplain"", ""Recon-PingSweep"", ""Recon-OSScan"", ""Recon-PortScan"", ""VulnerabilityScan"", ""Recon-HostDiscovery"", ""DNS_Spoofing"", ""MITM-ArpSpoofing"", ""BenignTraffic"", ""BrowserHijacking"", ""Backdoor_Malware"", ""XSS"", ""Uploading_Attack"", ""SqlInjection"", ""CommandInjection"", ""DictionaryBruteForce""]","[35014, 35009, 35007, 35011, 35009, 35013, 35010, 32099, 32855, 35008, 2715, 3256, 35011, 35009, 35008, 8176, 35012, 35007, 35006, 239, 11161, 9332, 4209, 15219, 20498, 35004, 35004, 646, 397, 420, 148, 604, 596, 1443]",,,,,,,0.2
587d1eae6cb7,ciciot2023,fine,fedavg,2,,sensitivity,0.5690780363223541,0.7897122330792653,0.5739183212234652,0.7859165361629213,0.0928120586540972,0.43273281791541746,0.6149507586603301,"[0.9954968477934554, 0.966983491745873, 0.551920768307323, 0.9791895947973988, 0.6924462231115558, 0.9977984589212449, 0.8202280912364946, 0.9851528384279477, 0.9747334754797441, 0.9362745098039216, 0.7857142857142857, 0.3271939328277356, 0.656128064032016, 0.4718887555022009, 0.7914165666266506, 0.7750107342206956, 0.6989193516109666, 0.9602880864259278, 0.9826948084425328, 0.0, 0.2097331240188383, 0.6123215627347859, 0.5979983319432861, 0.8422749251669353, 0.5587632388110694, 0.5367073414682937, 0.7563512702540508, 0.0, 0.0, 0.0, 0.0, 0.0, 0.017964071856287425, 0.031630170316301706]",200996,56290,109824,1.4501941349953995,1.193516074999934,664.5615154479929,666.3444557189941,225.16,1488.48046875,284.41259765625,50,0.5733898797530328,"[""DDoS-RSTFINFlood"", ""DDoS-PSHACK_Flood"", ""DDoS-SYN_Flood"", ""DDoS-UDP_Flood"", ""DDoS-TCP_Flood"", ""DDoS-ICMP_Flood"", ""DDoS-SynonymousIP_Flood"", ""DDoS-ACK_Fragmentation"", ""DDoS-UDP_Fragmentation"", ""DDoS-ICMP_Fragmentation"", ""DDoS-SlowLoris"", ""DDoS-HTTP_Flood"", ""DoS-UDP_Flood"", ""DoS-SYN_Flood"", ""DoS-TCP_Flood"", ""DoS-HTTP_Flood"", ""Mirai-greeth_flood"", ""Mirai-greip_flood"", ""Mirai-udpplain"", ""Recon-PingSweep"", ""Recon-OSScan"", ""Recon-PortScan"", ""VulnerabilityScan"", ""Recon-HostDiscovery"", ""DNS_Spoofing"", ""MITM-ArpSpoofing"", ""BenignTraffic"", ""BrowserHijacking"", ""Backdoor_Malware"", ""XSS"", ""Uploading_Attack"", ""SqlInjection"", ""CommandInjection"", ""DictionaryBruteForce""]","[35014, 35009, 35007, 35011, 35009, 35013, 35010, 32099, 32855, 35008, 2715, 3256, 35011, 35009, 35008, 8176, 35012, 35007, 35006, 239, 11161, 9332, 4209, 15219, 20498, 35004, 35004, 646, 397, 420, 148, 604, 596, 1443]",,,,,,,1.0
521659583217,ciciot2023,fine,scaffold,0,,sensitivity,0.5714645743982485,0.7782327478979054,0.5821638829465318,0.7655348493492155,0.08061412567991202,0.40156750354294185,0.5807725967708011,"[0.9974984990994596, 0.9972986493246623, 0.6881505204163331, 0.992896448224112, 0.9540770385192596, 0.9967980788473084, 0.8358014808885331, 0.9211876432703854, 0.9564939219449776, 0.9618847539015606, 0.5421530479896238, 0.7540628385698809, 0.5888766629988996, 0.5894947473736868, 0.5219087635054022, 0.8107296137339056, 0.9164665866346539, 0.9504801920768308, 0.9883953581432573, 0.0, 0.7708006279434851, 0.5009387908374014, 0.932443703085905, 0.3533609576427256, 0.2723855092276145, 0.7519007603041217, 0.0637127425485097, 0.0, 0.0, 0.0, 0.0, 0.0, 0.0, 0.18337408312958436]",200990,56290,109824,1.343145809996713,1.1274435199993604,134.4625574349975,136.45922207832336,90.064,1497.37890625,290.7099609375,40,0.5716087159286212,"[""DDoS-RSTFINFlood"", ""DDoS-PSHACK_Flood"", ""DDoS-SYN_Flood"", ""DDoS-UDP_Flood"", ""DDoS-TCP_Flood"", ""DDoS-ICMP_Flood"", ""DDoS-SynonymousIP_Flood"", ""DDoS-ACK_Fragmentation"", ""DDoS-UDP_Fragmentation"", ""DDoS-ICMP_Fragmentation"", ""DDoS-SlowLoris"", ""DDoS-HTTP_Flood"", ""DoS-UDP_Flood"", ""DoS-SYN_Flood"", ""DoS-TCP_Flood"", ""DoS-HTTP_Flood"", ""Mirai-greeth_flood"", ""Mirai-greip_flood"", ""Mirai-udpplain"", ""Recon-PingSweep"", ""Recon-OSScan"", ""Recon-PortScan"", ""VulnerabilityScan"", ""Recon-HostDiscovery"", ""DNS_Spoofing"", ""MITM-ArpSpoofing"", ""BenignTraffic"", ""BrowserHijacking"", ""Backdoor_Malware"", ""XSS"", ""Uploading_Attack"", ""SqlInjection"", ""CommandInjection"", ""DictionaryBruteForce""]","[35013, 35009, 35014, 35010, 35011, 35013, 35012, 32096, 32858, 35008, 2712, 3256, 35008, 35010, 35008, 8173, 35008, 35009, 35007, 241, 11161, 9330, 4210, 15217, 20501, 35007, 35004, 649, 396, 418, 148, 603, 596, 1446]",,,,,,,0.2
e27015c8498d,ciciot2023,fine,scaffold,0,,sensitivity,0.6055425886122424,0.8242449873128016,0.606571637829437,0.8176195253956128,0.10034662512372242,0.4508428571737059,0.6094988698840142,"[0.9983990394236542, 0.9974987493746873, 0.7627101681345076, 0.9868934467233617, 0.9724862431215607, 0.9969981989193516, 0.8457074244546728, 0.9711821853509442, 0.9640648325869056, 0.9692877150860344, 0.6186770428015564, 0.7768147345612134, 0.7871361408422527, 0.4249124562281141, 0.5315126050420168, 0.8532188841201717, 0.913765506202481, 0.9776910764305722, 0.9900960384153662, 0.0, 0.24960753532182103, 0.11265490048817124, 0.9374478732276897, 0.6917587476979742, 0.5678400546821599, 0.7168867547018808, 0.7237447489497899, 0.049723756906077346, 0.0, 0.0, 0.0, 0.0, 0.0, 0.23471882640586797]",200990,56290,109824,1.1228753400064306,1.184029570003986,667.1608515949974,669.1171479225159,450.32,1493.8515625,290.7099609375,45,0.6088856388024046,"[""DDoS-RSTFINFlood"", ""DDoS-PSHACK_Flood"", ""DDoS-SYN_Flood"", ""DDoS-UDP_Flood"", ""DDoS-TCP_Flood"", ""DDoS-ICMP_Flood"", ""DDoS-SynonymousIP_Flood"", ""DDoS-ACK_Fragmentation"", ""DDoS-UDP_Fragmentation"", ""DDoS-ICMP_Fragmentation"", ""DDoS-SlowLoris"", ""DDoS-HTTP_Flood"", ""DoS-UDP_Flood"", ""DoS-SYN_Flood"", ""DoS-TCP_Flood"", ""DoS-HTTP_Flood"", ""Mirai-greeth_flood"", ""Mirai-greip_flood"", ""Mirai-udpplain"", ""Recon-PingSweep"", ""Recon-OSScan"", ""Recon-PortScan"", ""VulnerabilityScan"", ""Recon-HostDiscovery"", ""DNS_Spoofing"", ""MITM-ArpSpoofing"", ""BenignTraffic"", ""BrowserHijacking"", ""Backdoor_Malware"", ""XSS"", ""Uploading_Attack"", ""SqlInjection"", ""CommandInjection"", ""DictionaryBruteForce""]","[35013, 35009, 35014, 35010, 35011, 35013, 35012, 32096, 32858, 35008, 2712, 3256, 35008, 35010, 35008, 8173, 35008, 35009, 35007, 241, 11161, 9330, 4210, 15217, 20501, 35007, 35004, 649, 396, 418, 148, 603, 596, 1446]",,,,,,,1.0
b287be6e588d,ciciot2023,fine,scaffold,1,,sensitivity,0.6101056672705516,0.8278910786162427,0.612009510620845,0.8243169929655347,0.11679875928229776,0.48182340096833154,0.6172381025516128,"[0.9977986792075245, 0.9964978987392435, 0.663765506202481, 0.9244697879151661, 0.978891556622649, 0.9949974987493747, 0.42702702702702705, 0.8259303721488596, 0.9618336886993604, 0.9775887943971986, 0.7409326424870466, 0.5658747300215983, 0.9205523313988393, 0.8296978186912147, 0.9051620648259304, 0.8108108108108109, 0.9784870922553532, 0.9262631315657829, 0.9812925170068028, 0.0, 0.07349246231155779, 0.7126220886551465, 0.8764607679465777, 0.5510016117890859, 0.6173957621326043, 0.5622811405702851, 0.6969393878775755, 0.0, 0.12727272727272726, 0.0, 0.0, 0.011834319526627219, 0.0, 0.17114914425427874]",200989,56290,109824,1.4601047949963686,1.314264729999195,130.1477756049917,132.20662307739258,90.064,1497.75,294.07958984375,40,0.6139234174121946,"[""DDoS-RSTFINFlood"", ""DDoS-PSHACK_Flood"", ""DDoS-SYN_Flood"", ""DDoS-UDP_Flood"", ""DDoS-TCP_Flood"", ""DDoS-ICMP_Flood"", ""DDoS-SynonymousIP_Flood"", ""DDoS-ACK_Fragmentation"", ""DDoS-UDP_Fragmentation"", ""DDoS-ICMP_Fragmentation"", ""DDoS-SlowLoris"", ""DDoS-HTTP_Flood"", ""DoS-UDP_Flood"", ""DoS-SYN_Flood"", ""DoS-TCP_Flood"", ""DoS-HTTP_Flood"", ""Mirai-greeth_flood"", ""Mirai-greip_flood"", ""Mirai-udpplain"", ""Recon-PingSweep"", ""Recon-OSScan"", ""Recon-PortScan"", ""VulnerabilityScan"", ""Recon-HostDiscovery"", ""DNS_Spoofing"", ""MITM-ArpSpoofing"", ""BenignTraffic"", ""BrowserHijacking"", ""Backdoor_Malware"", ""XSS"", ""Uploading_Attack"", ""SqlInjection"", ""CommandInjection"", ""DictionaryBruteForce""]","[35013, 35013, 35009, 35007, 35009, 35012, 35021, 32094, 32855, 35009, 2712, 3252, 35012, 35013, 35008, 8172, 35011, 35012, 35009, 240, 11162, 9332, 4211, 15218, 20502, 35011, 35005, 648, 397, 419, 146, 605, 595, 1446]",,,,,,,0.2
85f6bbd0bc0b,ciciot2023,fine,scaffold,1,,sensitivity,0.5958298933354012,0.8048301150809248,0.6093378131065665,0.7916364205451627,0.13716751166611377,0.4911825326873433,0.6302389296892407,"[0.998198919351611, 0.9964978987392435, 0.7189875950380152, 0.9213685474189676, 0.9631852741096438, 0.9946973486743371, 0.7594594594594595, 0.9622394412310379, 0.975586353944563, 0.9759879939969985, 0.9235751295336787, 0.7095032397408207, 0.9643786271763057, 0.7004202521512908, 0.9147659063625451, 0.8005148005148005, 0.10166099659795877, 0.9388694347173587, 0.9839935974389756, 0.0, 0.004711055276381909, 0.6521412471825695, 0.9382303839732888, 0.6534653465346535, 0.7310321257689679, 0.5252626313156579, 0.5978195639127826, 0.0, 0.14545454545454545, 0.0, 0.0, 0.023668639053254437, 0.0, 0.14180929095354522]",200989,56290,109824,1.1164898500010167,1.1375787149972894,664.9292114920045,666.8291721343994,450.32,1493.9765625,294.07958984375,40,0.5992904922604936,"[""DDoS-RSTFINFlood"", ""DDoS-PSHACK_Flood"", ""DDoS-SYN_Flood"", ""DDoS-UDP_Flood"", ""DDoS-TCP_Flood"", ""DDoS-ICMP_Flood"", ""DDoS-SynonymousIP_Flood"", ""DDoS-ACK_Fragmentation"", ""DDoS-UDP_Fragmentation"", ""DDoS-ICMP_Fragmentation"", ""DDoS-SlowLoris"", ""DDoS-HTTP_Flood"", ""DoS-UDP_Flood"", ""DoS-SYN_Flood"", ""DoS-TCP_Flood"", ""DoS-HTTP_Flood"", ""Mirai-greeth_flood"", ""Mirai-greip_flood"", ""Mirai-udpplain"", ""Recon-PingSweep"", ""Recon-OSScan"", ""Recon-PortScan"", ""VulnerabilityScan"", ""Recon-HostDiscovery"", ""DNS_Spoofing"", ""MITM-ArpSpoofing"", ""BenignTraffic"", ""BrowserHijacking"", ""Backdoor_Malware"", ""XSS"", ""Uploading_Attack"", ""SqlInjection"", ""CommandInjection"", ""DictionaryBruteForce""]","[35013, 35013, 35009, 35007, 35009, 35012, 35021, 32094, 32855, 35009, 2712, 3252, 35012, 35013, 35008, 8172, 35011, 35012, 35009, 240, 11162, 9332, 4211, 15218, 20502, 35011, 35005, 648, 397, 419, 146, 605, 595, 1446]",,,,,,,1.0
30e18f8dc1c3,ciciot2023,fine,scaffold,2,,sensitivity,0.558525935431538,0.7626967700849768,0.5850149670867402,0.7418419895998906,0.1306825642592066,0.45333927011967584,0.5897300269078736,"[0.9967977584309017, 0.9860930465232617, 0.024509803921568627, 0.992896448224112, 0.4688344172086043, 0.997498248774142, 0.9871948779511804, 0.974235807860262, 0.9840085287846482, 0.959483793517407, 0.7844155844155845, 0.7399783315276273, 0.6020010005002501, 0.7663065226090436, 0.970688275310124, 0.7621296693860026, 0.7434460676405843, 0.8919675902770832, 0.9794938481544463, 0.0, 0.5726844583987442, 0.24267468069120962, 0.8940783986655546, 0.7773428505641262, 0.630167406901264, 0.135627125425085, 0.6342268453690738, 0.0, 0.0, 0.0, 0.0, 0.0, 0.0, 0.39172749391727496]",200996,56290,109824,1.5435557999990124,1.6558284699931392,137.85575025100115,140.17579889297485,90.064,1490.4375,288.94482421875,50,0.5586384253351023,"[""DDoS-RSTFINFlood"", ""DDoS-PSHACK_Flood"", ""DDoS-SYN_Flood"", ""DDoS-UDP_Flood"", ""DDoS-TCP_Flood"", ""DDoS-ICMP_Flood"", ""DDoS-SynonymousIP_Flood"", ""DDoS-ACK_Fragmentation"", ""DDoS-UDP_Fragmentation"", ""DDoS-ICMP_Fragmentation"", ""DDoS-SlowLoris"", ""DDoS-HTTP_Flood"", ""DoS-UDP_Flood"", ""DoS-SYN_Flood"", ""DoS-TCP_Flood"", ""DoS-HTTP_Flood"", ""Mirai-greeth_flood"", ""Mirai-greip_flood"", ""Mirai-udpplain"", ""Recon-PingSweep"", ""Recon-OSScan"", ""Recon-PortScan"", ""VulnerabilityScan"", ""Recon-HostDiscovery"", ""DNS_Spoofing"", ""MITM-ArpSpoofing"", ""BenignTraffic"", ""BrowserHijacking"", ""Backdoor_Malware"", ""XSS"", ""Uploading_Attack"", ""SqlInjection"", ""CommandInjection"", ""DictionaryBruteForce""]","[35014, 35009, 35007, 35011, 35009, 35013, 35010, 32099, 32855, 35008, 2715, 3256, 35011, 35009, 35008, 8176, 35012, 35007, 35006, 239, 11161, 9332, 4209, 15219, 20498, 35004, 35004, 646, 397, 420, 148, 604, 596, 1443]",,,,,,,0.2
313a7b85791c,ciciot2023,fine,scaffold,2,,sensitivity,0.5528464041834693,0.7506617047105415,0.5686407458929272,0.7249494096445154,0.1086029918234123,0.4375739144559459,0.6014625901797543,"[0.9975983188231762, 0.992696348174087, 0.0936374549819928, 0.9454727363681841, 0.4589294647323662, 0.9975983188231762, 0.9924969987995198, 0.9816593886462882, 0.9800639658848614, 0.9718887555022009, 0.7350649350649351, 0.6121343445287107, 0.7422711355677839, 0.5727290916366546, 0.9702881152460985, 0.8364104765993989, 0.9851911146688013, 0.11983595078523557, 0.9785935780734221, 0.0, 0.4197802197802198, 0.3617580766341097, 0.8015012510425354, 0.9113516002763067, 0.5184489238127776, 0.26965393078615724, 0.844368873774755, 0.0, 0.0, 0.0, 0.0, 0.0, 0.059880239520958084, 0.18248175182481752]",200996,56290,109824,1.098953270002312,1.1128082850063947,658.9024162469996,660.7790946960449,450.32,1484.046875,288.94482421875,45,0.5524703933098615,"[""DDoS-RSTFINFlood"", ""DDoS-PSHACK_Flood"", ""DDoS-SYN_Flood"", ""DDoS-UDP_Flood"", ""DDoS-TCP_Flood"", ""DDoS-ICMP_Flood"", ""DDoS-SynonymousIP_Flood"", ""DDoS-ACK_Fragmentation"", ""DDoS-UDP_Fragmentation"", ""DDoS-ICMP_Fragmentation"", ""DDoS-SlowLoris"", ""DDoS-HTTP_Flood"", ""DoS-UDP_Flood"", ""DoS-SYN_Flood"", ""DoS-TCP_Flood"", ""DoS-HTTP_Flood"", ""Mirai-greeth_flood"", ""Mirai-greip_flood"", ""Mirai-udpplain"", ""Recon-PingSweep"", ""Recon-OSScan"", ""Recon-PortScan"", ""VulnerabilityScan"", ""Recon-HostDiscovery"", ""DNS_Spoofing"", ""MITM-ArpSpoofing"", ""BenignTraffic"", ""BrowserHijacking"", ""Backdoor_Malware"", ""XSS"", ""Uploading_Attack"", ""SqlInjection"", ""CommandInjection"", ""DictionaryBruteForce""]","[35014, 35009, 35007, 35011, 35009, 35013, 35010, 32099, 32855, 35008, 2715, 3256, 35011, 35009, 35008, 8176, 35012, 35007, 35006, 239, 11161, 9332, 4209, 15219, 20498, 35004, 35004, 646, 397, 420, 148, 604, 596, 1443]",,,,,,,1.0
e1cfc6d3d6dd,ciciot2023,fine,fedstap,0,,sensitivity,0.5487699406741388,0.7185929648241206,0.5707319715266171,0.715735150999433,0.195452653843567,0.45450115990721074,0.6482698239260171,"[0.9990994596758055, 0.9972986493246623, 0.3266613290632506, 0.9959979989994997, 0.9558779389694847, 0.9987992795677406, 0.7361416850110066, 0.9839537168431394, 0.9860311367029218, 0.9745898359343738, 0.8313878080415046, 0.685807150595883, 0.28898669600880267, 0.5800900450225113, 0.514405762304922, 0.8553648068669528, 0.7723089235694278, 0.27561024409763907, 0.9943977591036415, 0.18461538461538463, 0.4593406593406593, 0.35749155088246337, 0.9316096747289407, 0.4620165745856354, 0.4794941900205058, 0.6559623849539816, 0.3784756951390278, 0.09392265193370165, 0.0990990990990991, 0.1111111111111111, 0.0, 0.27647058823529413, 0.005988023952095809, 0.15647921760391198]",200990,56290,109824,1.4534857049966377,1.6137041349975334,138.94249273399691,140.93444681167603,45.03944,1522.2421875,286.177734375,45,0.5432317178528375,"[""DDoS-RSTFINFlood"", ""DDoS-PSHACK_Flood"", ""DDoS-SYN_Flood"", ""DDoS-UDP_Flood"", ""DDoS-TCP_Flood"", ""DDoS-ICMP_Flood"", ""DDoS-SynonymousIP_Flood"", ""DDoS-ACK_Fragmentation"", ""DDoS-UDP_Fragmentation"", ""DDoS-ICMP_Fragmentation"", ""DDoS-SlowLoris"", ""DDoS-HTTP_Flood"", ""DoS-UDP_Flood"", ""DoS-SYN_Flood"", ""DoS-TCP_Flood"", ""DoS-HTTP_Flood"", ""Mirai-greeth_flood"", ""Mirai-greip_flood"", ""Mirai-udpplain"", ""Recon-PingSweep"", ""Recon-OSScan"", ""Recon-PortScan"", ""VulnerabilityScan"", ""Recon-HostDiscovery"", ""DNS_Spoofing"", ""MITM-ArpSpoofing"", ""BenignTraffic"", ""BrowserHijacking"", ""Backdoor_Malware"", ""XSS"", ""Uploading_Attack"", ""SqlInjection"", ""CommandInjection"", ""DictionaryBruteForce""]","[35013, 35009, 35014, 35010, 35011, 35013, 35012, 32096, 32858, 35008, 2712, 3256, 35008, 35010, 35008, 8173, 35008, 35009, 35007, 241, 11161, 9330, 4210, 15217, 20501, 35007, 35004, 649, 396, 418, 148, 603, 596, 1446]",,,,,,,0.2
698216e28ea2,ciciot2023,fine,fedstap,0,,sensitivity,0.5763608758399393,0.7508234240509478,0.5969158480556648,0.7423267285803536,0.22745919671520637,0.507978867047904,0.6617165326592851,"[0.9988993396037622, 0.9980990495247624, 0.9507606084867894, 0.9414707353676839, 0.985192596298149, 0.9987992795677406, 0.7446467880728437, 0.9860277262307608, 0.9866709319684368, 0.976390556222489, 0.914396887159533, 0.7161430119176598, 0.4068220466139842, 0.200200100050025, 0.47468987595038015, 0.8450643776824034, 0.5977390956382553, 0.4657863145258103, 0.9942977190876351, 0.18461538461538463, 0.2445839874411303, 0.49943672549755913, 0.8607172643869891, 0.5262430939226519, 0.5061517429938482, 0.5223089235694278, 0.8208641728345669, 0.06629834254143646, 0.22522522522522523, 0.13675213675213677, 0.02564102564102564, 0.2, 0.1377245508982036, 0.15647921760391198]",200990,56290,109824,1.1935988850018475,1.1903611000025194,687.0424584700013,688.746532201767,225.16744,1517.2109375,286.177734375,50,0.5744670635911696,"[""DDoS-RSTFINFlood"", ""DDoS-PSHACK_Flood"", ""DDoS-SYN_Flood"", ""DDoS-UDP_Flood"", ""DDoS-TCP_Flood"", ""DDoS-ICMP_Flood"", ""DDoS-SynonymousIP_Flood"", ""DDoS-ACK_Fragmentation"", ""DDoS-UDP_Fragmentation"", ""DDoS-ICMP_Fragmentation"", ""DDoS-SlowLoris"", ""DDoS-HTTP_Flood"", ""DoS-UDP_Flood"", ""DoS-SYN_Flood"", ""DoS-TCP_Flood"", ""DoS-HTTP_Flood"", ""Mirai-greeth_flood"", ""Mirai-greip_flood"", ""Mirai-udpplain"", ""Recon-PingSweep"", ""Recon-OSScan"", ""Recon-PortScan"", ""VulnerabilityScan"", ""Recon-HostDiscovery"", ""DNS_Spoofing"", ""MITM-ArpSpoofing"", ""BenignTraffic"", ""BrowserHijacking"", ""Backdoor_Malware"", ""XSS"", ""Uploading_Attack"", ""SqlInjection"", ""CommandInjection"", ""DictionaryBruteForce""]","[35013, 35009, 35014, 35010, 35011, 35013, 35012, 32096, 32858, 35008, 2712, 3256, 35008, 35010, 35008, 8173, 35008, 35009, 35007, 241, 11161, 9330, 4210, 15217, 20501, 35007, 35004, 649, 396, 418, 148, 603, 596, 1446]",,,,,,,1.0
e5b25a4f1eee,ciciot2023,fine,fedstap,1,,sensitivity,0.5558731469972242,0.7590614411733976,0.586821765909273,0.7413961756129422,0.1770331427559295,0.530578106860634,0.6584384474527252,"[0.9988993396037622, 0.9980988593155894, 0.92046818727491, 0.43337334933973587, 0.8809523809523809, 0.998599299649825, 0.7124124124124124, 0.9834115464367565, 0.9864605543710021, 0.9767883941970985, 0.5699481865284974, 0.5388768898488121, 0.9152491494896938, 0.5283169901941165, 0.5570228091236494, 0.8867438867438867, 0.0009005403241945167, 0.9874937468734367, 0.9926970788315326, 0.0, 0.3125, 0.2678437265214125, 0.9607679465776294, 0.7492516693529818, 0.40037593984962405, 0.5427713856928464, 0.828365673134627, 0.0, 0.0, 0.0, 0.375, 0.40236686390532544, 0.03571428571428571, 0.21026894865525672]",200989,56290,109824,1.1803323100002672,1.6172585149979568,131.79590322900094,133.59811735153198,45.03944,1523.0390625,289.54736328125,45,0.5608175224663963,"[""DDoS-RSTFINFlood"", ""DDoS-PSHACK_Flood"", ""DDoS-SYN_Flood"", ""DDoS-UDP_Flood"", ""DDoS-TCP_Flood"", ""DDoS-ICMP_Flood"", ""DDoS-SynonymousIP_Flood"", ""DDoS-ACK_Fragmentation"", ""DDoS-UDP_Fragmentation"", ""DDoS-ICMP_Fragmentation"", ""DDoS-SlowLoris"", ""DDoS-HTTP_Flood"", ""DoS-UDP_Flood"", ""DoS-SYN_Flood"", ""DoS-TCP_Flood"", ""DoS-HTTP_Flood"", ""Mirai-greeth_flood"", ""Mirai-greip_flood"", ""Mirai-udpplain"", ""Recon-PingSweep"", ""Recon-OSScan"", ""Recon-PortScan"", ""VulnerabilityScan"", ""Recon-HostDiscovery"", ""DNS_Spoofing"", ""MITM-ArpSpoofing"", ""BenignTraffic"", ""BrowserHijacking"", ""Backdoor_Malware"", ""XSS"", ""Uploading_Attack"", ""SqlInjection"", ""CommandInjection"", ""DictionaryBruteForce""]","[35013, 35013, 35009, 35007, 35009, 35012, 35021, 32094, 32855, 35009, 2712, 3252, 35012, 35013, 35008, 8172, 35011, 35012, 35009, 240, 11162, 9332, 4211, 15218, 20502, 35011, 35005, 648, 397, 419, 146, 605, 595, 1446]",,,,,,,0.2
0d61fda39739,ciciot2023,fine,fedstap,1,,sensitivity,0.5651392218504218,0.7680320813576862,0.5822678784965822,0.7525627092508083,0.11249855803594373,0.5484926872459038,0.6729643725742406,"[0.9988993396037622, 0.998198919351611, 0.8935574229691877, 0.6464585834333734, 0.750500200080032, 0.998599299649825, 0.7504504504504504, 0.984066353814253, 0.9874200426439232, 0.9770885442721361, 0.7979274611398963, 0.7645788336933045, 0.806884130478287, 0.5205123073844307, 0.6727691076430572, 0.7996567996567997, 0.01610966579947969, 0.9728864432216108, 0.9948979591836735, 0.0, 0.35678391959798994, 0.4158527422990233, 0.9499165275459098, 0.7299102003223579, 0.3940533151059467, 0.6294147073536769, 0.7751550310062012, 0.01098901098901099, 0.0, 0.0, 0.0, 0.01775147928994083, 0.0, 0.18581907090464547]",200989,56290,109824,1.1677704649991938,1.168611425000563,670.6946046849998,672.3783144950867,225.16744,1517.53125,289.54736328125,45,0.5703695616463728,"[""DDoS-RSTFINFlood"", ""DDoS-PSHACK_Flood"", ""DDoS-SYN_Flood"", ""DDoS-UDP_Flood"", ""DDoS-TCP_Flood"", ""DDoS-ICMP_Flood"", ""DDoS-SynonymousIP_Flood"", ""DDoS-ACK_Fragmentation"", ""DDoS-UDP_Fragmentation"", ""DDoS-ICMP_Fragmentation"", ""DDoS-SlowLoris"", ""DDoS-HTTP_Flood"", ""DoS-UDP_Flood"", ""DoS-SYN_Flood"", ""DoS-TCP_Flood"", ""DoS-HTTP_Flood"", ""Mirai-greeth_flood"", ""Mirai-greip_flood"", ""Mirai-udpplain"", ""Recon-PingSweep"", ""Recon-OSScan"", ""Recon-PortScan"", ""VulnerabilityScan"", ""Recon-HostDiscovery"", ""DNS_Spoofing"", ""MITM-ArpSpoofing"", ""BenignTraffic"", ""BrowserHijacking"", ""Backdoor_Malware"", ""XSS"", ""Uploading_Attack"", ""SqlInjection"", ""CommandInjection"", ""DictionaryBruteForce""]","[35013, 35013, 35009, 35007, 35009, 35012, 35021, 32094, 32855, 35009, 2712, 3252, 35012, 35013, 35008, 8172, 35011, 35012, 35009, 240, 11162, 9332, 4211, 15218, 20502, 35011, 35005, 648, 397, 419, 146, 605, 595, 1446]",,,,,,,1.0
b01a732d6d94,ciciot2023,fine,fedstap,2,,sensitivity,0.5312672723653034,0.7247756174252223,0.5583911561469186,0.6995816903794326,0.13552346545047275,0.5043018027568582,0.6127423211203273,"[0.9988992294606225, 0.992696348174087, 0.9365746298519407, 0.264232116058029, 0.9318659329664832, 0.9987991594115881, 0.7213885554221688, 0.9828602620087337, 0.9849680170575693, 0.9748899559823929, 0.922077922077922, 0.6825568797399784, 0.9117558779389695, 0.20168067226890757, 0.5289115646258503, 0.7050236152855303, 0.00040024014408645187, 0.9874962488746624, 0.9920976292887866, 0.10606060606060606, 0.5582417582417583, 0.3921863260706236, 0.7781484570475397, 0.6315910660833525, 0.6216262384694227, 0.5687137427485497, 0.4179835967193439, 0.0, 0.00909090909090909, 0.0, 0.0, 0.0, 0.0, 0.18248175182481752]",200996,56290,109824,1.2904716699995333,1.4338336250011707,139.1993258220018,141.0566873550415,45.03944,1512.9296875,284.41259765625,35,0.5310569264543189,"[""DDoS-RSTFINFlood"", ""DDoS-PSHACK_Flood"", ""DDoS-SYN_Flood"", ""DDoS-UDP_Flood"", ""DDoS-TCP_Flood"", ""DDoS-ICMP_Flood"", ""DDoS-SynonymousIP_Flood"", ""DDoS-ACK_Fragmentation"", ""DDoS-UDP_Fragmentation"", ""DDoS-ICMP_Fragmentation"", ""DDoS-SlowLoris"", ""DDoS-HTTP_Flood"", ""DoS-UDP_Flood"", ""DoS-SYN_Flood"", ""DoS-TCP_Flood"", ""DoS-HTTP_Flood"", ""Mirai-greeth_flood"", ""Mirai-greip_flood"", ""Mirai-udpplain"", ""Recon-PingSweep"", ""Recon-OSScan"", ""Recon-PortScan"", ""VulnerabilityScan"", ""Recon-HostDiscovery"", ""DNS_Spoofing"", ""MITM-ArpSpoofing"", ""BenignTraffic"", ""BrowserHijacking"", ""Backdoor_Malware"", ""XSS"", ""Uploading_Attack"", ""SqlInjection"", ""CommandInjection"", ""DictionaryBruteForce""]","[35014, 35009, 35007, 35011, 35009, 35013, 35010, 32099, 32855, 35008, 2715, 3256, 35011, 35009, 35008, 8176, 35012, 35007, 35006, 239, 11161, 9332, 4209, 15219, 20498, 35004, 35004, 646, 397, 420, 148, 604, 596, 1443]",,,,,,,0.2
4fec0ff6f235,ciciot2023,fine,fedstap,2,,sensitivity,0.5673639527306503,0.7548408923560668,0.5902305972909279,0.7419801897591164,0.1860834441571958,0.5390745862719267,0.6665948860181617,"[0.9989992995096567, 0.9989994997498749, 0.351640656262505, 0.9759879939969985, 0.9696848424212106, 0.9988992294606225, 0.8244297719087635, 0.9852620087336245, 0.9871002132196162, 0.9742897158863545, 0.9623376623376624, 0.7031419284940412, 0.3492746373186593, 0.5695278111244498, 0.49089635854341734, 0.819665092314298, 0.23183910346207726, 0.9875962788836651, 0.992997899369811, 0.15151515151515152, 0.36357927786499217, 0.4966190833959429, 0.718932443703086, 0.7812571954869906, 0.4988042364195422, 0.5737147429485897, 0.7499499899979996, 0.0, 0.14545454545454545, 0.04310344827586207, 0.0, 0.10059171597633136, 0.04790419161676647, 0.22384428223844283]",200996,56290,109824,1.0914852299993072,1.1336137299986149,657.7644049109977,659.4027714729309,225.16744,1509.29296875,284.41259765625,45,0.5653968070113449,"[""DDoS-RSTFINFlood"", ""DDoS-PSHACK_Flood"", ""DDoS-SYN_Flood"", ""DDoS-UDP_Flood"", ""DDoS-TCP_Flood"", ""DDoS-ICMP_Flood"", ""DDoS-SynonymousIP_Flood"", ""DDoS-ACK_Fragmentation"", ""DDoS-UDP_Fragmentation"", ""DDoS-ICMP_Fragmentation"", ""DDoS-SlowLoris"", ""DDoS-HTTP_Flood"", ""DoS-UDP_Flood"", ""DoS-SYN_Flood"", ""DoS-TCP_Flood"", ""DoS-HTTP_Flood"", ""Mirai-greeth_flood"", ""Mirai-greip_flood"", ""Mirai-udpplain"", ""Recon-PingSweep"", ""Recon-OSScan"", ""Recon-PortScan"", ""VulnerabilityScan"", ""Recon-HostDiscovery"", ""DNS_Spoofing"", ""MITM-ArpSpoofing"", ""BenignTraffic"", ""BrowserHijacking"", ""Backdoor_Malware"", ""XSS"", ""Uploading_Attack"", ""SqlInjection"", ""CommandInjection"", ""DictionaryBruteForce""]","[35014, 35009, 35007, 35011, 35009, 35013, 35010, 32099, 32855, 35008, 2715, 3256, 35011, 35009, 35008, 8176, 35012, 35007, 35006, 239, 11161, 9332, 4209, 15219, 20498, 35004, 35004, 646, 397, 420, 148, 604, 596, 1443]",,,,,,,1.0
d44c9ffa8aeb,edgeiiot,fine,fedavg,0,,sensitivity,0.5205804228227738,0.7249511045560935,0.577959844269061,0.690982918822155,0.22974551796805964,0.4034195631752286,0.6158049484353627,"[0.5279083725117535, 0.9913974192257677, 0.9999263785614371, 0.8251573583774603, 0.9808346213292117, 0.007186454026383147, 0.024925224327018942, 0.497145963577059, 0.004167534903104814, 0.9636381849143544, 0.8940568475452196, 0.9992486851990984, 0.9538046195380462, 0.0, 0.0]",124756,67599,132480,1.3812453649916279,1.122850390001986,84.33870163100437,86.01255750656128,54.0792,1538.81640625,334.35498046875,50,0.5198181947643385,"[""Normal"", ""DDoS_UDP"", ""DDoS_ICMP"", ""DDoS_TCP"", ""DDoS_HTTP"", ""SQL_injection"", ""XSS"", ""Uploading"", ""Backdoor"", ""Password"", ""Ransomware"", ""Port_Scanning"", ""Vulnerability_scanner"", ""Fingerprinting"", ""MITM""]","[70011, 70013, 47567, 35050, 33989, 35592, 10555, 25772, 16831, 34962, 6788, 13988, 35028, 604, 257]",,,,,,,0.2
e5de3ab48148,edgeiiot,fine,fedavg,0,,sensitivity,0.7938095620390796,0.8777293276475681,0.7992800922477429,0.8785355989699758,0.6194864820661259,0.6725002484354143,0.7884111269081955,"[0.8277983395018506, 1.0, 0.9999263785614371, 0.9998001798381456, 0.9185986604842864, 0.8689702697381374, 0.9528082419408441, 0.6899972818700734, 0.7501562825588665, 0.5578483421817089, 0.765891472868217, 0.9997495617330328, 0.8984101589841016, 0.023952095808383235, 0.7352941176470589]",124756,67599,132480,1.1061552099999972,1.114660345010634,409.0250707979867,410.59722352027893,270.396,1538.84765625,334.35498046875,40,0.7956855815140228,"[""Normal"", ""DDoS_UDP"", ""DDoS_ICMP"", ""DDoS_TCP"", ""DDoS_HTTP"", ""SQL_injection"", ""XSS"", ""Uploading"", ""Backdoor"", ""Password"", ""Ransomware"", ""Port_Scanning"", ""Vulnerability_scanner"", ""Fingerprinting"", ""MITM""]","[70011, 70013, 47567, 35050, 33989, 35592, 10555, 25772, 16831, 34962, 6788, 13988, 35028, 604, 257]",,,,,,,1.0
db2f65f26b82,edgeiiot,fine,fedavg,1,,sensitivity,0.49432611262890463,0.649522710332059,0.5143276022253261,0.5971584344113583,0.15906282643355873,0.2609860099506322,0.4972263902337393,"[0.2709177294323581, 0.965691422855714, 0.999116542737245, 0.9995003497551714, 0.5508500772797527, 0.8746309781539067, 0.0026595744680851063, 0.3379554105492115, 0.8328476269775187, 0.030048076923076924, 0.6335917312661499, 0.2809917355371901, 0.936112777444511, 0.0, 0.0]",124767,67599,132480,1.4611821050129947,1.5774909399988246,82.70788914197692,84.4916763305664,54.0792,1537.92578125,321.66064453125,50,0.49646180545271423,"[""Normal"", ""DDoS_UDP"", ""DDoS_ICMP"", ""DDoS_TCP"", ""DDoS_HTTP"", ""SQL_injection"", ""XSS"", ""Uploading"", ""Backdoor"", ""Password"", ""Ransomware"", ""Port_Scanning"", ""Vulnerability_scanner"", ""Fingerprinting"", ""MITM""]","[70010, 70008, 47566, 35054, 33988, 35585, 10555, 25776, 16821, 34960, 6790, 13989, 35025, 600, 254]",,,,,,,0.2
f2f20935cbb7,edgeiiot,fine,fedavg,1,,sensitivity,0.735154110940186,0.8334896246603669,0.7400778711289195,0.8233870061137188,0.46235970453355707,0.49663671067921095,0.7514248982835714,"[0.8181045261315328, 0.9409352338084521, 0.989472134285504, 0.9993004896572399, 0.9614631633178774, 0.9208817161975988, 0.1735372340425532, 0.5857803153887983, 0.8499167360532889, 0.34164663461538464, 0.7193798449612403, 0.9216128224392687, 0.9226154769046191, 0.0, 0.9565217391304348]",124767,67599,132480,1.3204086899895628,1.415143359990907,409.7952498430059,411.5324869155884,270.396,1538.19921875,321.66064453125,40,0.7370811814980723,"[""Normal"", ""DDoS_UDP"", ""DDoS_ICMP"", ""DDoS_TCP"", ""DDoS_HTTP"", ""SQL_injection"", ""XSS"", ""Uploading"", ""Backdoor"", ""Password"", ""Ransomware"", ""Port_Scanning"", ""Vulnerability_scanner"", ""Fingerprinting"", ""MITM""]","[70010, 70008, 47566, 35054, 33988, 35585, 10555, 25776, 16821, 34960, 6790, 13989, 35025, 600, 254]",,,,,,,1.0
be66d4bcaf51,edgeiiot,fine,fedavg,2,,sensitivity,0.48479240519868333,0.5930319229936923,0.4889207359610543,0.5849674897654249,0.31705065241465646,0.37207796627817113,0.5876076725024292,"[0.7223305826456614, 0.6061818545563669, 0.998895922272928, 0.9513486513486513, 0.022256568778979906, 0.7164796219728293, 0.0009966777408637873, 0.0004077194889915738, 0.7012283989173433, 0.7088759767581647, 0.9193798449612403, 0.297771099423992, 0.33983203359328135, 0.0, 0.34782608695652173]",124769,67599,132480,1.5263721699921007,1.2982239449956978,78.53549116798968,80.2522521018982,54.0792,1532.5546875,332.45166015625,45,0.49283764814509706,"[""Normal"", ""DDoS_UDP"", ""DDoS_ICMP"", ""DDoS_TCP"", ""DDoS_HTTP"", ""SQL_injection"", ""XSS"", ""Uploading"", ""Backdoor"", ""Password"", ""Ransomware"", ""Port_Scanning"", ""Vulnerability_scanner"", ""Fingerprinting"", ""MITM""]","[70012, 70013, 47562, 35049, 33988, 35593, 10552, 25773, 16824, 34964, 6788, 13989, 35024, 600, 254]",,,,,,,0.2
9ffe8e5ad7bc,edgeiiot,fine,fedavg,2,,sensitivity,0.7274484854480264,0.8374756550104593,0.7188502644581973,0.8291481552683646,0.3871876354181713,0.4816012533581396,0.7493198729419362,"[0.8664166041510377, 1.0, 0.9828499926394818, 1.0, 0.7542503863987635, 0.9604252805670408, 0.16411960132890366, 0.2465343843435716, 0.9754320216531335, 0.5174313764776598, 0.6310077519379845, 0.9997495617330328, 0.9309138172365526, 0.0, 0.7536231884057971]",124769,67599,132480,1.1094262899860041,1.134863694987871,409.4252280779874,410.9744954109192,270.396,1534.1171875,332.45166015625,45,0.7294508369132846,"[""Normal"", ""DDoS_UDP"", ""DDoS_ICMP"", ""DDoS_TCP"", ""DDoS_HTTP"", ""SQL_injection"", ""XSS"", ""Uploading"", ""Backdoor"", ""Password"", ""Ransomware"", ""Port_Scanning"", ""Vulnerability_scanner"", ""Fingerprinting"", ""MITM""]","[70012, 70013, 47562, 35049, 33988, 35593, 10552, 25773, 16824, 34964, 6788, 13989, 35024, 600, 254]",,,,,,,1.0
279dafb6a336,edgeiiot,fine,scaffold,0,,sensitivity,0.8462468076090643,0.8821860271249479,0.8650649247304807,0.8731227939667479,0.811150341660963,0.6453253405407834,0.7727820397452607,"[0.8901670501150345, 0.9900970291087327, 0.9997791356843113, 0.9326606054550904, 0.9708397733127254, 0.22593030124040164, 0.7391159853772017, 0.881353628703452, 0.9301937903729943, 0.9272763698287088, 0.6563307493540051, 0.9854745805159029, 0.9976002399760024, 0.9520958083832335, 0.8970588235294118]",124756,67599,132480,1.5319819999967876,1.5048708850008552,85.55227936800293,87.6022081375122,108.1584,1537.47265625,339.7998046875,45,0.8434797083574567,"[""Normal"", ""DDoS_UDP"", ""DDoS_ICMP"", ""DDoS_TCP"", ""DDoS_HTTP"", ""SQL_injection"", ""XSS"", ""Uploading"", ""Backdoor"", ""Password"", ""Ransomware"", ""Port_Scanning"", ""Vulnerability_scanner"", ""Fingerprinting"", ""MITM""]","[70011, 70013, 47567, 35050, 33989, 35592, 10555, 25772, 16831, 34962, 6788, 13988, 35028, 604, 257]",,,,,,,0.2
47c0c8a93ea9,edgeiiot,fine,scaffold,0,,sensitivity,0.8205207320391685,0.8581390874987976,0.829042006010079,0.8535339558566607,0.8515654889375723,0.6761029548977642,0.7982392877853963,"[0.9232269680904271, 1.0, 0.9995582713686225, 1.0, 0.8080370942812983, 0.9846426461901949, 0.9730807577268196, 0.34275618374558303, 0.8603875807459888, 0.3044175097666032, 0.8180878552971577, 0.8770348109191084, 0.9293070692930707, 0.688622754491018, 0.9264705882352942]",124756,67599,132480,1.5308737400027894,1.708156639997469,427.23967952199564,429.33318877220154,540.792,1536.68359375,339.7998046875,50,0.8194173961766662,"[""Normal"", ""DDoS_UDP"", ""DDoS_ICMP"", ""DDoS_TCP"", ""DDoS_HTTP"", ""SQL_injection"", ""XSS"", ""Uploading"", ""Backdoor"", ""Password"", ""Ransomware"", ""Port_Scanning"", ""Vulnerability_scanner"", ""Fingerprinting"", ""MITM""]","[70011, 70013, 47567, 35050, 33989, 35592, 10555, 25772, 16831, 34962, 6788, 13988, 35028, 604, 257]",,,,,,,1.0
750804d4c865,edgeiiot,fine,scaffold,1,,sensitivity,0.7392087633394898,0.807144517380397,0.7515497867476708,0.7994192140492262,0.6323381685090368,0.5037818576109112,0.7223446079482139,"[0.9982495623905977, 0.7444361090272568, 0.9998527571228741, 0.998201259118617, 0.758887171561051, 0.9371186774257037, 0.832779255319149, 0.42088091353996737, 0.9633638634471274, 0.18659855769230768, 0.7400516795865633, 0.9243676433759078, 0.8119376124775045, 0.0, 0.9565217391304348]",124767,67599,132480,1.5615712850012642,1.4405058450029173,83.23877678299868,85.27188014984131,108.1584,1531.6484375,327.10546875,35,0.7379516669424646,"[""Normal"", ""DDoS_UDP"", ""DDoS_ICMP"", ""DDoS_TCP"", ""DDoS_HTTP"", ""SQL_injection"", ""XSS"", ""Uploading"", ""Backdoor"", ""Password"", ""Ransomware"", ""Port_Scanning"", ""Vulnerability_scanner"", ""Fingerprinting"", ""MITM""]","[70010, 70008, 47566, 35054, 33988, 35585, 10555, 25776, 16821, 34960, 6790, 13989, 35025, 600, 254]",,,,,,,0.2
85aa62ab1ec5,edgeiiot,fine,scaffold,1,,sensitivity,0.8103498690189822,0.881683457965648,0.8049620878923983,0.8820973160892346,0.6060616569905171,0.6526699887347764,0.8144546003767301,"[0.9884471117779445, 0.95103775943986, 0.9988220569829934, 0.9989007694613771, 0.86172076249356, 0.8743357606770321, 0.5518617021276596, 0.6381185426862426, 0.9598251457119067, 0.5017027243589743, 0.821188630490956, 0.9997495617330328, 0.8775244951009799, 0.09467455621301775, 0.9565217391304348]",124767,67599,132480,1.1906485950021306,1.3419799900020735,421.7132523639975,423.69711995124817,540.792,1532.6015625,327.10546875,50,0.8151708038220493,"[""Normal"", ""DDoS_UDP"", ""DDoS_ICMP"", ""DDoS_TCP"", ""DDoS_HTTP"", ""SQL_injection"", ""XSS"", ""Uploading"", ""Backdoor"", ""Password"", ""Ransomware"", ""Port_Scanning"", ""Vulnerability_scanner"", ""Fingerprinting"", ""MITM""]","[70010, 70008, 47566, 35054, 33988, 35585, 10555, 25776, 16821, 34960, 6790, 13989, 35025, 600, 254]",,,,,,,1.0
a2dd192b0c4f,edgeiiot,fine,scaffold,2,,sensitivity,0.7557877710829027,0.8221673652910578,0.7471412248668706,0.815378455248085,0.6483810337683714,0.45730366356595176,0.6950982007550437,"[0.9998499624906226, 0.9995498649594878, 0.9980862652730752, 1.0, 0.6004121586810922, 0.45629060838747787, 0.06079734219269103, 0.560886110356075, 0.9192171559442015, 0.6580845521939491, 0.9436692506459948, 0.48810418231905833, 0.9331133773245351, 0.6035502958579881, 0.9855072463768116]",124769,67599,132480,1.6397554649938684,1.5489533100026165,80.85646607400122,83.0294246673584,108.1584,1527.59375,337.896484375,50,0.7577099532907111,"[""Normal"", ""DDoS_UDP"", ""DDoS_ICMP"", ""DDoS_TCP"", ""DDoS_HTTP"", ""SQL_injection"", ""XSS"", ""Uploading"", ""Backdoor"", ""Password"", ""Ransomware"", ""Port_Scanning"", ""Vulnerability_scanner"", ""Fingerprinting"", ""MITM""]","[70012, 70013, 47562, 35049, 33988, 35593, 10552, 25773, 16824, 34964, 6788, 13989, 35024, 600, 254]",,,,,,,0.2
714a96ae54e9,edgeiiot,fine,scaffold,2,,sensitivity,0.84979168241068,0.8966570221769831,0.8456477286243682,0.8907157647675883,0.6976440645161964,0.5370762323796708,0.776848675036079,"[0.9803950987746937, 0.9999499849954987, 0.9896952745473281, 0.9927072927072927, 0.8962390520350335, 0.8855089584563891, 0.12591362126245847, 0.6407991301984235, 0.9783468665417447, 0.5544980965738329, 0.992764857881137, 0.9974956173303281, 0.978504299140172, 0.6863905325443787, 0.9855072463768116]",124769,67599,132480,1.189591994998409,1.2043175349936064,397.61446746098954,399.3748631477356,540.792,1528.44140625,337.896484375,50,0.850137279531579,"[""Normal"", ""DDoS_UDP"", ""DDoS_ICMP"", ""DDoS_TCP"", ""DDoS_HTTP"", ""SQL_injection"", ""XSS"", ""Uploading"", ""Backdoor"", ""Password"", ""Ransomware"", ""Port_Scanning"", ""Vulnerability_scanner"", ""Fingerprinting"", ""MITM""]","[70012, 70013, 47562, 35049, 33988, 35593, 10552, 25773, 16824, 34964, 6788, 13989, 35024, 600, 254]",,,,,,,1.0
f8304e070c2c,edgeiiot,fine,fedstap,0,,sensitivity,0.7750347097311262,0.8757013690724293,0.7782759158335455,0.8747844384424057,0.6089059144727694,0.6926225853368055,0.8110511810782329,"[1.0, 1.0, 0.9999263785614371, 1.0, 0.8664605873261205, 0.5026580035440047, 0.6882685277500831, 0.7877140527317206, 0.3838299645759533, 0.7479715516377843, 0.7245478036175711, 0.9997495617330328, 0.9502049795020497, 0.12574850299401197, 0.8970588235294118]",124756,67599,132480,1.233219430000645,1.1271496999961528,87.37807801599956,89.01528763771057,54.09448,1559.37890625,334.35498046875,50,0.7720279951516332,"[""Normal"", ""DDoS_UDP"", ""DDoS_ICMP"", ""DDoS_TCP"", ""DDoS_HTTP"", ""SQL_injection"", ""XSS"", ""Uploading"", ""Backdoor"", ""Password"", ""Ransomware"", ""Port_Scanning"", ""Vulnerability_scanner"", ""Fingerprinting"", ""MITM""]","[70011, 70013, 47567, 35050, 33989, 35592, 10555, 25772, 16831, 34962, 6788, 13988, 35028, 604, 257]",,,,,,,0.2
73f5635005ae,edgeiiot,fine,fedstap,0,,sensitivity,0.7729695573032925,0.8803263971271923,0.7767749916125493,0.8762506339414873,0.5402916895308906,0.7027555985716956,0.8130846034796445,"[1.0, 1.0, 0.9999263785614371, 1.0, 0.8520350334878929, 0.8261468793069502, 0.8537720172814889, 0.7116064147866268, 0.782663054803084, 0.3681258138836021, 0.4103359173126615, 0.9997495617330328, 0.9502049795020497, 0.0, 0.8970588235294118]",124756,67599,132480,1.7137491499988755,1.7007418549974318,425.41196959099943,427.32774925231934,270.41128,1559.74609375,334.35498046875,50,0.7773926708004336,"[""Normal"", ""DDoS_UDP"", ""DDoS_ICMP"", ""DDoS_TCP"", ""DDoS_HTTP"", ""SQL_injection"", ""XSS"", ""Uploading"", ""Backdoor"", ""Password"", ""Ransomware"", ""Port_Scanning"", ""Vulnerability_scanner"", ""Fingerprinting"", ""MITM""]","[70011, 70013, 47567, 35050, 33989, 35592, 10555, 25772, 16831, 34962, 6788, 13988, 35028, 604, 257]",,,,,,,1.0
9978eee38152,edgeiiot,fine,fedstap,1,,sensitivity,0.7680604524529354,0.8575584890235399,0.7766777122384106,0.8411503401160831,0.664098886061846,0.6723837463736828,0.8010429470472005,"[0.9997999499874969, 1.0, 0.9997791356843113, 1.0, 0.8738794435857805, 0.8128321196614839, 0.9192154255319149, 0.9384176182707994, 0.8384679433805162, 0.15755208333333334, 0.2599483204134367, 0.49561733032807415, 0.8774245150969806, 0.5207100591715976, 0.9565217391304348]",124767,67599,132480,1.5277602049991401,1.447832189996916,84.83262320500035,86.60567498207092,54.09448,1559.9140625,321.66064453125,40,0.7680966129514887,"[""Normal"", ""DDoS_UDP"", ""DDoS_ICMP"", ""DDoS_TCP"", ""DDoS_HTTP"", ""SQL_injection"", ""XSS"", ""Uploading"", ""Backdoor"", ""Password"", ""Ransomware"", ""Port_Scanning"", ""Vulnerability_scanner"", ""Fingerprinting"", ""MITM""]","[70010, 70008, 47566, 35054, 33988, 35585, 10555, 25776, 16821, 34960, 6790, 13989, 35025, 600, 254]",,,,,,,0.2
f0d776078a8d,edgeiiot,fine,fedstap,1,,sensitivity,0.6646746239939051,0.8074571000344642,0.6586670858303806,0.7978949265738442,0.3616142333696668,0.5367471044682444,0.7172887188204736,"[1.0, 1.0, 0.9999263785614371, 1.0, 0.9421947449768161, 0.6363904743160795, 0.24135638297872342, 0.3520935290918978, 0.8388842631140716, 0.2646233974358974, 0.24857881136950905, 0.49561733032807415, 0.9038192361527695, 0.0, 0.9565217391304348]",124767,67599,132480,1.1928114349984753,1.2574254650007788,420.2258277819992,421.9016852378845,270.41128,1559.72265625,321.66064453125,50,0.661822011499661,"[""Normal"", ""DDoS_UDP"", ""DDoS_ICMP"", ""DDoS_TCP"", ""DDoS_HTTP"", ""SQL_injection"", ""XSS"", ""Uploading"", ""Backdoor"", ""Password"", ""Ransomware"", ""Port_Scanning"", ""Vulnerability_scanner"", ""Fingerprinting"", ""MITM""]","[70010, 70008, 47566, 35054, 33988, 35585, 10555, 25776, 16821, 34960, 6790, 13989, 35025, 600, 254]",,,,,,,1.0
40edee8e5c7e,edgeiiot,fine,fedstap,2,,sensitivity,0.7385285333614016,0.8842981830422622,0.7469747671544159,0.8751591394967076,0.3421734315566469,0.5462477842104252,0.786133085938,"[0.9999499874968742, 0.9999499849954987, 0.9998527896363903, 1.0, 0.9404430705821741, 0.819846426461902, 0.5136212624584717, 0.773579777113346, 0.9671038933999584, 0.46213183730715285, 0.0, 0.9972451790633609, 0.8758248350329934, 0.0, 0.855072463768116]",124769,67599,132480,1.5661682049994852,1.655064169999605,80.73969015499915,82.59977531433105,54.09448,1554.78125,332.45166015625,50,0.742502397892199,"[""Normal"", ""DDoS_UDP"", ""DDoS_ICMP"", ""DDoS_TCP"", ""DDoS_HTTP"", ""SQL_injection"", ""XSS"", ""Uploading"", ""Backdoor"", ""Password"", ""Ransomware"", ""Port_Scanning"", ""Vulnerability_scanner"", ""Fingerprinting"", ""MITM""]","[70012, 70013, 47562, 35049, 33988, 35593, 10552, 25773, 16824, 34964, 6788, 13989, 35024, 600, 254]",,,,,,,0.2
06786cc8368d,edgeiiot,fine,fedstap,2,,sensitivity,0.7606401089240232,0.900079346632577,0.7722970002182145,0.8912815173511163,0.40197409600847417,0.5519464863393528,0.800465367564035,"[0.9999499874968742, 1.0, 0.9997791844545856, 1.0, 0.8966512107161257, 0.8345146682417799, 0.7528239202657807, 0.8337863549877684, 0.9666874869872996, 0.5146263273893007, 0.0, 0.9997495617330328, 0.9308138372325535, 0.0, 0.855072463768116]",124769,67599,132480,1.096979150001971,1.1226789900001677,393.8060976639981,395.2537724971771,270.41128,1554.796875,332.45166015625,45,0.7628399069801561,"[""Normal"", ""DDoS_UDP"", ""DDoS_ICMP"", ""DDoS_TCP"", ""DDoS_HTTP"", ""SQL_injection"", ""XSS"", ""Uploading"", ""Backdoor"", ""Password"", ""Ransomware"", ""Port_Scanning"", ""Vulnerability_scanner"", ""Fingerprinting"", ""MITM""]","[70012, 70013, 47562, 35049, 33988, 35593, 10552, 25773, 16824, 34964, 6788, 13989, 35024, 600, 254]",,,,,,,1.0
94d157b643cf,ciciot2023,fine,centralised,0,,timing,0.6196962360142249,0.808423304642022,0.6201189271212263,0.797997678650588,0.14286332279151215,0.6196962360142249,0.6196962360142249,"[0.9988993396037622, 0.9989994997498749, 0.923138510808647, 0.8807403701850925, 0.9485742871435718, 0.9989993996397839, 0.6746047628577146, 0.989193319506604, 0.9895500106632544, 0.985594237695078, 0.8573281452658884, 0.8515709642470206, 0.6981094328298489, 0.584392196098049, 0.5851340536214485, 0.8965665236051502, 0.26220488195278113, 0.9751900760304122, 0.9957983193277311, 0.0, 0.1337519623233909, 0.5497559143822757, 0.9482902418682235, 0.7527624309392266, 0.6285030758714969, 0.7010804321728692, 0.8468693738747749, 0.11049723756906077, 0.0, 0.0, 0.0, 0.011764705882352941, 0.1497005988023952, 0.15647921760391198]",200990,56290,109824,1.1427479300073173,1.1326399599965953,304.8448690619989,305.74471068382263,0.0,1592.296875,380.5546875,20,0.6135273463251858,"[""DDoS-RSTFINFlood"", ""DDoS-PSHACK_Flood"", ""DDoS-SYN_Flood"", ""DDoS-UDP_Flood"", ""DDoS-TCP_Flood"", ""DDoS-ICMP_Flood"", ""DDoS-SynonymousIP_Flood"", ""DDoS-ACK_Fragmentation"", ""DDoS-UDP_Fragmentation"", ""DDoS-ICMP_Fragmentation"", ""DDoS-SlowLoris"", ""DDoS-HTTP_Flood"", ""DoS-UDP_Flood"", ""DoS-SYN_Flood"", ""DoS-TCP_Flood"", ""DoS-HTTP_Flood"", ""Mirai-greeth_flood"", ""Mirai-greip_flood"", ""Mirai-udpplain"", ""Recon-PingSweep"", ""Recon-OSScan"", ""Recon-PortScan"", ""VulnerabilityScan"", ""Recon-HostDiscovery"", ""DNS_Spoofing"", ""MITM-ArpSpoofing"", ""BenignTraffic"", ""BrowserHijacking"", ""Backdoor_Malware"", ""XSS"", ""Uploading_Attack"", ""SqlInjection"", ""CommandInjection"", ""DictionaryBruteForce""]","[35013, 35009, 35014, 35010, 35011, 35013, 35012, 32096, 32858, 35008, 2712, 3256, 35008, 35010, 35008, 8173, 35008, 35009, 35007, 241, 11161, 9330, 4210, 15217, 20501, 35007, 35004, 649, 396, 418, 148, 603, 596, 1446]",,,,,,,
30ca12b07170,ciciot2023,fine,fedavg,0,,timing,0.5412929809316328,0.7516592865316682,0.5549939390451311,0.7326080809013896,0.08197562341198238,0.3867064182879534,0.5921713128199897,"[0.9949969981989194, 0.9975987993996999, 0.8817053642914331, 0.9980990495247624, 0.7512756378189095, 0.9975985591354813, 0.33510106063638184, 0.9299203143761599, 0.918212838558328, 0.9776910764305722, 0.6277561608300908, 0.6598049837486457, 0.4812443733119936, 0.2287143571785893, 0.6225490196078431, 0.9030042918454936, 0.9860944377751101, 0.7050820328131252, 0.9882953181272509, 0.0, 0.7918367346938775, 0.36312429590687195, 0.8281901584653878, 0.0, 0.26469583048530415, 0.8617446978791516, 0.6654330866173235, 0.0, 0.0, 0.0, 0.0, 0.0, 0.0, 0.1100244498777506]",200990,56290,109824,1.0775315299906651,1.0877974799950607,251.8730971659752,253.2530117034912,112.58,1466.328125,286.177734375,50,0.5398661531527494,"[""DDoS-RSTFINFlood"", ""DDoS-PSHACK_Flood"", ""DDoS-SYN_Flood"", ""DDoS-UDP_Flood"", ""DDoS-TCP_Flood"", ""DDoS-ICMP_Flood"", ""DDoS-SynonymousIP_Flood"", ""DDoS-ACK_Fragmentation"", ""DDoS-UDP_Fragmentation"", ""DDoS-ICMP_Fragmentation"", ""DDoS-SlowLoris"", ""DDoS-HTTP_Flood"", ""DoS-UDP_Flood"", ""DoS-SYN_Flood"", ""DoS-TCP_Flood"", ""DoS-HTTP_Flood"", ""Mirai-greeth_flood"", ""Mirai-greip_flood"", ""Mirai-udpplain"", ""Recon-PingSweep"", ""Recon-OSScan"", ""Recon-PortScan"", ""VulnerabilityScan"", ""Recon-HostDiscovery"", ""DNS_Spoofing"", ""MITM-ArpSpoofing"", ""BenignTraffic"", ""BrowserHijacking"", ""Backdoor_Malware"", ""XSS"", ""Uploading_Attack"", ""SqlInjection"", ""CommandInjection"", ""DictionaryBruteForce""]","[35013, 35009, 35014, 35010, 35011, 35013, 35012, 32096, 32858, 35008, 2712, 3256, 35008, 35010, 35008, 8173, 35008, 35009, 35007, 241, 11161, 9330, 4210, 15217, 20501, 35007, 35004, 649, 396, 418, 148, 603, 596, 1446]",,,,,,,
7124ba636de5,ciciot2023,fine,fedprox,0,,timing,0.540859227801854,0.7529877108313846,0.5551931175072624,0.7375326293777866,0.07816202241691673,0.4469902700585917,0.587052396724851,"[0.9977986792075245, 0.9970985492746374, 0.8349679743795037, 0.9813906953476739, 0.9732866433216608, 0.9970982589553732, 0.13588152891735042, 0.9470581814212422, 0.9022179569204521, 0.9831932773109243, 0.5317769130998703, 0.47670639219934996, 0.6572971891567471, 0.5587793896948474, 0.4017607042817127, 0.9120171673819742, 0.9510804321728692, 0.694577831132453, 0.9790916366546618, 0.0, 0.7202511773940345, 0.07698084866691701, 0.8757297748123436, 0.3777624309392265, 0.6775461380724539, 0.6111444577831132, 0.4523904780956191, 0.0, 0.0, 0.0, 0.0, 0.01764705882352941, 0.0, 0.15403422982885084]",200990,56290,109824,1.0802320050061098,1.082670585001324,398.57254960399587,399.9609365463257,112.58,1520.47265625,286.177734375,40,0.5404215292327761,"[""DDoS-RSTFINFlood"", ""DDoS-PSHACK_Flood"", ""DDoS-SYN_Flood"", ""DDoS-UDP_Flood"", ""DDoS-TCP_Flood"", ""DDoS-ICMP_Flood"", ""DDoS-SynonymousIP_Flood"", ""DDoS-ACK_Fragmentation"", ""DDoS-UDP_Fragmentation"", ""DDoS-ICMP_Fragmentation"", ""DDoS-SlowLoris"", ""DDoS-HTTP_Flood"", ""DoS-UDP_Flood"", ""DoS-SYN_Flood"", ""DoS-TCP_Flood"", ""DoS-HTTP_Flood"", ""Mirai-greeth_flood"", ""Mirai-greip_flood"", ""Mirai-udpplain"", ""Recon-PingSweep"", ""Recon-OSScan"", ""Recon-PortScan"", ""VulnerabilityScan"", ""Recon-HostDiscovery"", ""DNS_Spoofing"", ""MITM-ArpSpoofing"", ""BenignTraffic"", ""BrowserHijacking"", ""Backdoor_Malware"", ""XSS"", ""Uploading_Attack"", ""SqlInjection"", ""CommandInjection"", ""DictionaryBruteForce""]","[35013, 35009, 35014, 35010, 35011, 35013, 35012, 32096, 32858, 35008, 2712, 3256, 35008, 35010, 35008, 8173, 35008, 35009, 35007, 241, 11161, 9330, 4210, 15217, 20501, 35007, 35004, 649, 396, 418, 148, 603, 596, 1446]",,,,,,,
bd5ab0dae06c,ciciot2023,fine,scaffold,0,,timing,0.6241268795062062,0.8408428280013931,0.6257769065593953,0.8338333372879017,0.1275573432723705,0.4168827564425411,0.6025494668318921,"[0.9985991594956974, 0.9979989994997499, 0.8362690152121698, 0.9804902451225613, 0.935967983991996, 0.9983990394236542, 0.6684010406243747, 0.9697631262962558, 0.9895500106632544, 0.9724889955982393, 0.8093385214007782, 0.7475622968580715, 0.9138741622486746, 0.42771385692846425, 0.6579631852741097, 0.8802575107296138, 0.9149659863945578, 0.9563825530212084, 0.9786914765906363, 0.0, 0.493563579277865, 0.1246714232069095, 0.9532944120100083, 0.6215469613259669, 0.43028024606971976, 0.8376350540216086, 0.8420684136827365, 0.11049723756906077, 0.05405405405405406, 0.0, 0.0, 0.01764705882352941, 0.0, 0.15647921760391198]",200990,56290,109824,1.0979020400009176,1.0948847550025675,260.95555856701685,262.54560256004333,225.16,1463.9609375,290.7099609375,50,0.627297720221682,"[""DDoS-RSTFINFlood"", ""DDoS-PSHACK_Flood"", ""DDoS-SYN_Flood"", ""DDoS-UDP_Flood"", ""DDoS-TCP_Flood"", ""DDoS-ICMP_Flood"", ""DDoS-SynonymousIP_Flood"", ""DDoS-ACK_Fragmentation"", ""DDoS-UDP_Fragmentation"", ""DDoS-ICMP_Fragmentation"", ""DDoS-SlowLoris"", ""DDoS-HTTP_Flood"", ""DoS-UDP_Flood"", ""DoS-SYN_Flood"", ""DoS-TCP_Flood"", ""DoS-HTTP_Flood"", ""Mirai-greeth_flood"", ""Mirai-greip_flood"", ""Mirai-udpplain"", ""Recon-PingSweep"", ""Recon-OSScan"", ""Recon-PortScan"", ""VulnerabilityScan"", ""Recon-HostDiscovery"", ""DNS_Spoofing"", ""MITM-ArpSpoofing"", ""BenignTraffic"", ""BrowserHijacking"", ""Backdoor_Malware"", ""XSS"", ""Uploading_Attack"", ""SqlInjection"", ""CommandInjection"", ""DictionaryBruteForce""]","[35013, 35009, 35014, 35010, 35011, 35013, 35012, 32096, 32858, 35008, 2712, 3256, 35008, 35010, 35008, 8173, 35008, 35009, 35007, 241, 11161, 9330, 4210, 15217, 20501, 35007, 35004, 649, 396, 418, 148, 603, 596, 1446]",,,,,,,
4788d9276add,ciciot2023,fine,fedbn,0,,timing,0.7261238913662781,0.9471416488382507,0.7235875391535712,0.9443312633803455,0.12476050489426571,0.49543234961702143,0.6951234079068361,"[0.9983990394236542, 0.9984992496248124, 0.9228382706164932, 0.9664832416208105, 0.8896448224112056, 0.9976986191715029, 0.8145887532519511, 0.9907215369501147, 0.9794199189592664, 0.9921968787515006, 0.9442282749675746, 0.9035752979414952, 0.9719915974792438, 0.9884942471235618, 0.9633853541416567, 0.9497854077253219, 0.9837935174069627, 0.9861944777911165, 0.9851940776310524, 0.0, 0.9368916797488226, 0.8768306421329328, 0.914095079232694, 0.7520718232044199, 0.7479494190020506, 0.9757903161264506, 0.9925985197039408, 0.0, 0.02702702702702703, 0.0, 0.0, 0.0, 0.0, 0.15158924205378974]",200990,56290,109824,1.0787877149959968,1.0867039099866815,252.09025675700468,253.89542722702026,110.788,1453.51171875,286.548828125,50,0.7285639312215277,"[""DDoS-RSTFINFlood"", ""DDoS-PSHACK_Flood"", ""DDoS-SYN_Flood"", ""DDoS-UDP_Flood"", ""DDoS-TCP_Flood"", ""DDoS-ICMP_Flood"", ""DDoS-SynonymousIP_Flood"", ""DDoS-ACK_Fragmentation"", ""DDoS-UDP_Fragmentation"", ""DDoS-ICMP_Fragmentation"", ""DDoS-SlowLoris"", ""DDoS-HTTP_Flood"", ""DoS-UDP_Flood"", ""DoS-SYN_Flood"", ""DoS-TCP_Flood"", ""DoS-HTTP_Flood"", ""Mirai-greeth_flood"", ""Mirai-greip_flood"", ""Mirai-udpplain"", ""Recon-PingSweep"", ""Recon-OSScan"", ""Recon-PortScan"", ""VulnerabilityScan"", ""Recon-HostDiscovery"", ""DNS_Spoofing"", ""MITM-ArpSpoofing"", ""BenignTraffic"", ""BrowserHijacking"", ""Backdoor_Malware"", ""XSS"", ""Uploading_Attack"", ""SqlInjection"", ""CommandInjection"", ""DictionaryBruteForce""]","[35013, 35009, 35014, 35010, 35011, 35013, 35012, 32096, 32858, 35008, 2712, 3256, 35008, 35010, 35008, 8173, 35008, 35009, 35007, 241, 11161, 9330, 4210, 15217, 20501, 35007, 35004, 649, 396, 418, 148, 603, 596, 1446]",,,,,,,
0589baba1052,ciciot2023,fine,fedlc,0,,timing,0.4882033531294445,0.7165729638290462,0.5092861904542507,0.68996565919504,0.045650694790192285,0.42557240879496677,0.5600448820814811,"[0.9909945967580548, 0.9943971985992996, 0.5360288230584468, 0.9853926963481741, 0.9105552776388194, 0.9945967580548329, 0.06704022413448069, 0.9321034821526034, 0.32267007890808275, 0.9742897158863545, 0.4059662775616083, 0.5698808234019501, 0.45403621086325896, 0.8308154077038519, 0.6070428171268507, 0.8416309012875537, 0.9529811924769908, 0.7230892356942777, 0.9800920368147259, 0.0, 0.005337519623233909, 0.05257228689447991, 0.9432860717264387, 0.4753683241252302, 0.303485987696514, 0.4755902360944378, 0.9815963192638528, 0.0, 0.0, 0.0, 0.0, 0.0, 0.0, 0.004889975550122249]",200990,56290,109824,1.0925180549929792,1.0955058099898451,259.44333849001487,260.8318660259247,112.58,1520.05859375,286.177734375,40,0.4883765255150275,"[""DDoS-RSTFINFlood"", ""DDoS-PSHACK_Flood"", ""DDoS-SYN_Flood"", ""DDoS-UDP_Flood"", ""DDoS-TCP_Flood"", ""DDoS-ICMP_Flood"", ""DDoS-SynonymousIP_Flood"", ""DDoS-ACK_Fragmentation"", ""DDoS-UDP_Fragmentation"", ""DDoS-ICMP_Fragmentation"", ""DDoS-SlowLoris"", ""DDoS-HTTP_Flood"", ""DoS-UDP_Flood"", ""DoS-SYN_Flood"", ""DoS-TCP_Flood"", ""DoS-HTTP_Flood"", ""Mirai-greeth_flood"", ""Mirai-greip_flood"", ""Mirai-udpplain"", ""Recon-PingSweep"", ""Recon-OSScan"", ""Recon-PortScan"", ""VulnerabilityScan"", ""Recon-HostDiscovery"", ""DNS_Spoofing"", ""MITM-ArpSpoofing"", ""BenignTraffic"", ""BrowserHijacking"", ""Backdoor_Malware"", ""XSS"", ""Uploading_Attack"", ""SqlInjection"", ""CommandInjection"", ""DictionaryBruteForce""]","[35013, 35009, 35014, 35010, 35011, 35013, 35012, 32096, 32858, 35008, 2712, 3256, 35008, 35010, 35008, 8173, 35008, 35009, 35007, 241, 11161, 9330, 4210, 15217, 20501, 35007, 35004, 649, 396, 418, 148, 603, 596, 1446]",,,,,,,
8f6f15f18cc5,ciciot2023,fine,fedrs,0,,timing,0.5476570461961829,0.7665057963082741,0.5645414810955911,0.7466365659449551,0.09758950772907182,0.4154001474966433,0.5965647499985451,"[0.9854912947768661, 0.9975987993996999, 0.8836068855084067, 0.9973986993496748, 0.8706353176588294, 0.9978987392435461, 0.26385831498899337, 0.9180220499945421, 0.9473235231392622, 0.9776910764305722, 0.7756160830090791, 0.6695557963163596, 0.4436330899269781, 0.28574287143571786, 0.6346538615446179, 0.9008583690987124, 0.970188075230092, 0.904561824729892, 0.9803921568627451, 0.0, 0.6059654631083202, 0.3871573413443485, 0.8198498748957465, 0.0, 0.2768284347231716, 0.8674469787915166, 0.7297459491898379, 0.0, 0.0, 0.0, 0.0, 0.0, 0.0, 0.10268948655256724]",200990,56290,109824,1.0946431050069805,1.0951835750165628,264.2171666840113,265.5923538208008,112.58,1486.7109375,286.177734375,50,0.5478337531888527,"[""DDoS-RSTFINFlood"", ""DDoS-PSHACK_Flood"", ""DDoS-SYN_Flood"", ""DDoS-UDP_Flood"", ""DDoS-TCP_Flood"", ""DDoS-ICMP_Flood"", ""DDoS-SynonymousIP_Flood"", ""DDoS-ACK_Fragmentation"", ""DDoS-UDP_Fragmentation"", ""DDoS-ICMP_Fragmentation"", ""DDoS-SlowLoris"", ""DDoS-HTTP_Flood"", ""DoS-UDP_Flood"", ""DoS-SYN_Flood"", ""DoS-TCP_Flood"", ""DoS-HTTP_Flood"", ""Mirai-greeth_flood"", ""Mirai-greip_flood"", ""Mirai-udpplain"", ""Recon-PingSweep"", ""Recon-OSScan"", ""Recon-PortScan"", ""VulnerabilityScan"", ""Recon-HostDiscovery"", ""DNS_Spoofing"", ""MITM-ArpSpoofing"", ""BenignTraffic"", ""BrowserHijacking"", ""Backdoor_Malware"", ""XSS"", ""Uploading_Attack"", ""SqlInjection"", ""CommandInjection"", ""DictionaryBruteForce""]","[35013, 35009, 35014, 35010, 35011, 35013, 35012, 32096, 32858, 35008, 2712, 3256, 35008, 35010, 35008, 8173, 35008, 35009, 35007, 241, 11161, 9330, 4210, 15217, 20501, 35007, 35004, 649, 396, 418, 148, 603, 596, 1446]",,,,,,,
12136d31278e,ciciot2023,fine,statavg,0,,timing,0.5226672412837364,0.7220458729290015,0.5333590563910285,0.7036147221259387,0.09780162512935814,0.42754084763853506,0.6237235025961977,"[0.9989993996397839, 0.9987993996998499, 0.975080064051241, 0.9971985992996498, 0.43631815907953975, 0.9989993996397839, 0.45557334400640387, 0.9835170832878507, 0.9914693964597995, 0.9792917166866747, 0.7237354085603113, 0.6175514626218852, 0.28788636590977296, 0.4221110555277639, 0.8175270108043218, 0.8862660944206009, 0.7216886754701881, 0.34963985594237695, 0.994797919167667, 0.0, 0.3149136577708006, 0.41306796845662785, 0.896580483736447, 0.0, 0.2573479152426521, 0.881952781112445, 0.5774154830966193, 0.0, 0.0, 0.0, 0.0, 0.0, 0.0, 0.15647921760391198]",200990,56290,109824,1.102455939999345,1.1045610849942022,257.38343711300695,258.77898478507996,112.58744,1466.203125,286.177734375,50,0.5223168451954041,"[""DDoS-RSTFINFlood"", ""DDoS-PSHACK_Flood"", ""DDoS-SYN_Flood"", ""DDoS-UDP_Flood"", ""DDoS-TCP_Flood"", ""DDoS-ICMP_Flood"", ""DDoS-SynonymousIP_Flood"", ""DDoS-ACK_Fragmentation"", ""DDoS-UDP_Fragmentation"", ""DDoS-ICMP_Fragmentation"", ""DDoS-SlowLoris"", ""DDoS-HTTP_Flood"", ""DoS-UDP_Flood"", ""DoS-SYN_Flood"", ""DoS-TCP_Flood"", ""DoS-HTTP_Flood"", ""Mirai-greeth_flood"", ""Mirai-greip_flood"", ""Mirai-udpplain"", ""Recon-PingSweep"", ""Recon-OSScan"", ""Recon-PortScan"", ""VulnerabilityScan"", ""Recon-HostDiscovery"", ""DNS_Spoofing"", ""MITM-ArpSpoofing"", ""BenignTraffic"", ""BrowserHijacking"", ""Backdoor_Malware"", ""XSS"", ""Uploading_Attack"", ""SqlInjection"", ""CommandInjection"", ""DictionaryBruteForce""]","[35013, 35009, 35014, 35010, 35011, 35013, 35012, 32096, 32858, 35008, 2712, 3256, 35008, 35010, 35008, 8173, 35008, 35009, 35007, 241, 11161, 9330, 4210, 15217, 20501, 35007, 35004, 649, 396, 418, 148, 603, 596, 1446]",,,,,,,
a4a6351d8d43,ciciot2023,fine,fedstap,0,,timing,0.5660143665331144,0.7467535698293447,0.5825327683333985,0.7372278020377832,0.1750347437557724,0.490689489687604,0.659974431354342,"[0.9988993396037622, 0.9980990495247624, 0.9356485188150521, 0.9899949974987494, 0.9843921960980491, 0.9988993396037622, 0.7589553732239344, 0.984936142342539, 0.9864576668799317, 0.9776910764305722, 0.8326848249027238, 0.6695557963163596, 0.3107932379713914, 0.22451225612806402, 0.476390556222489, 0.8497854077253219, 0.41236494597839135, 0.6398559423769508, 0.9940976390556222, 0.18461538461538463, 0.3711145996860283, 0.3942921517085993, 0.9357798165137615, 0.43853591160220995, 0.6672932330827067, 0.548719487795118, 0.6837367473494699, 0.022099447513812154, 0.07207207207207207, 0.0, 0.0, 0.2235294117647059, 0.08383233532934131, 0.15647921760391198]",200990,56290,109824,1.1008952100019087,1.1057594300018536,264.7640309180033,266.1537239551544,112.58744,1486.98828125,286.177734375,45,0.564922296843772,"[""DDoS-RSTFINFlood"", ""DDoS-PSHACK_Flood"", ""DDoS-SYN_Flood"", ""DDoS-UDP_Flood"", ""DDoS-TCP_Flood"", ""DDoS-ICMP_Flood"", ""DDoS-SynonymousIP_Flood"", ""DDoS-ACK_Fragmentation"", ""DDoS-UDP_Fragmentation"", ""DDoS-ICMP_Fragmentation"", ""DDoS-SlowLoris"", ""DDoS-HTTP_Flood"", ""DoS-UDP_Flood"", ""DoS-SYN_Flood"", ""DoS-TCP_Flood"", ""DoS-HTTP_Flood"", ""Mirai-greeth_flood"", ""Mirai-greip_flood"", ""Mirai-udpplain"", ""Recon-PingSweep"", ""Recon-OSScan"", ""Recon-PortScan"", ""VulnerabilityScan"", ""Recon-HostDiscovery"", ""DNS_Spoofing"", ""MITM-ArpSpoofing"", ""BenignTraffic"", ""BrowserHijacking"", ""Backdoor_Malware"", ""XSS"", ""Uploading_Attack"", ""SqlInjection"", ""CommandInjection"", ""DictionaryBruteForce""]","[35013, 35009, 35014, 35010, 35011, 35013, 35012, 32096, 32858, 35008, 2712, 3256, 35008, 35010, 35008, 8173, 35008, 35009, 35007, 241, 11161, 9330, 4210, 15217, 20501, 35007, 35004, 649, 396, 418, 148, 603, 596, 1446]",,,,,,,
d1b46536d21f,edgeiiot,fine,centralised,0,,timing,0.8867277925987994,0.9359229215428516,0.8771641377076292,0.9351138514400159,0.7177341430350055,0.8867277925987994,0.8867277925987994,"[0.9998999699909973, 1.0, 0.9997791356843113, 1.0, 0.9289026275115919, 0.7033864934042134, 0.8796942505815886, 0.8957597173144877, 0.9314440508439258, 0.8814985475308024, 0.4702842377260982, 0.9997495617330328, 0.9461053894610539, 0.5209580838323353, 1.0]",124756,67599,132480,1.1133833400162985,1.1505589099942881,186.80526651799664,187.59413838386536,0.0,1805.578125,425.78125,25,0.8767837265978535,"[""Normal"", ""DDoS_UDP"", ""DDoS_ICMP"", ""DDoS_TCP"", ""DDoS_HTTP"", ""SQL_injection"", ""XSS"", ""Uploading"", ""Backdoor"", ""Password"", ""Ransomware"", ""Port_Scanning"", ""Vulnerability_scanner"", ""Fingerprinting"", ""MITM""]","[70011, 70013, 47567, 35050, 33989, 35592, 10555, 25772, 16831, 34962, 6788, 13988, 35028, 604, 257]",,,,,,,
c4153c52d743,edgeiiot,fine,fedavg,0,,timing,0.7224230553485612,0.8784507358363526,0.7302452975565908,0.8807942652733994,0.3585917634692821,0.592297785171016,0.7654044039280634,"[0.9371311393418026, 0.9999499849954987, 1.0, 0.9999000899190729, 0.6939721792890263, 0.8047844063792085, 0.9840478564307079, 0.5150856210926882, 0.9399874973952906, 0.7376540118200942, 0.4062015503875969, 0.9927372902579514, 0.8981101889811018, 0.0, 0.04411764705882353]",124756,67599,132480,1.090367190008692,1.0992592600086937,153.23463772999094,154.52165818214417,135.198,1502.98828125,334.35498046875,45,0.7154462651992132,"[""Normal"", ""DDoS_UDP"", ""DDoS_ICMP"", ""DDoS_TCP"", ""DDoS_HTTP"", ""SQL_injection"", ""XSS"", ""Uploading"", ""Backdoor"", ""Password"", ""Ransomware"", ""Port_Scanning"", ""Vulnerability_scanner"", ""Fingerprinting"", ""MITM""]","[70011, 70013, 47567, 35050, 33989, 35592, 10555, 25772, 16831, 34962, 6788, 13988, 35028, 604, 257]",,,,,,,
76cf24065ec3,edgeiiot,fine,fedprox,0,,timing,0.7729287032161725,0.8619304883131873,0.7701891265480458,0.8619178757649876,0.4946867730142904,0.6152807148820113,0.7480813597302244,"[0.7277683304991498, 1.0, 0.9999263785614371, 0.9999000899190729, 0.8866563626996393, 0.9192754479228195, 0.7248255234297108, 0.6032889372111987, 0.8933111064805168, 0.6280677151156967, 0.5333333333333333, 0.9929877285249186, 0.9229077092290771, 0.0, 0.7205882352941176]",124756,67599,132480,1.0784375349976472,1.10790344500856,243.43581176400403,244.7326786518097,135.198,1556.76953125,334.35498046875,30,0.7784368325714668,"[""Normal"", ""DDoS_UDP"", ""DDoS_ICMP"", ""DDoS_TCP"", ""DDoS_HTTP"", ""SQL_injection"", ""XSS"", ""Uploading"", ""Backdoor"", ""Password"", ""Ransomware"", ""Port_Scanning"", ""Vulnerability_scanner"", ""Fingerprinting"", ""MITM""]","[70011, 70013, 47567, 35050, 33989, 35592, 10555, 25772, 16831, 34962, 6788, 13988, 35028, 604, 257]",,,,,,,
9e4df34c889a,edgeiiot,fine,scaffold,0,,timing,0.869387976377508,0.8997162461124114,0.8964802224653065,0.9037707467896379,0.9159986842301546,0.7009688788512595,0.8014591488928673,"[0.9040212063619085, 0.999849954986496, 0.9996318928071855, 0.9998001798381456, 0.5325090159711489, 0.8458357944477259, 0.9268860086407444, 0.8862462625713509, 0.8453844550948114, 0.8443353701292197, 0.7850129198966408, 0.9929877285249186, 0.9326067393260674, 0.9520958083832335, 1.0]",124756,67599,132480,1.0998208549972333,1.1135744800048997,161.4224100199899,162.93478083610535,270.396,1501.8125,339.7998046875,40,0.8622986888970291,"[""Normal"", ""DDoS_UDP"", ""DDoS_ICMP"", ""DDoS_TCP"", ""DDoS_HTTP"", ""SQL_injection"", ""XSS"", ""Uploading"", ""Backdoor"", ""Password"", ""Ransomware"", ""Port_Scanning"", ""Vulnerability_scanner"", ""Fingerprinting"", ""MITM""]","[70011, 70013, 47567, 35050, 33989, 35592, 10555, 25772, 16831, 34962, 6788, 13988, 35028, 604, 257]",,,,,,,
19de9fd3d118,edgeiiot,fine,fedbn,0,,timing,0.9061948032041945,0.9661980185321748,0.8864845009028137,0.9652430491164842,0.6621530700645899,0.7172404157973941,0.8541660140442827,"[0.9999499849954987, 1.0, 0.9999263785614371, 0.9998001798381456, 0.9826893353941267, 0.9596377239614097, 0.9787304752409438, 0.9570535471595543, 0.946238799749948, 0.8309125513372734, 0.5111111111111111, 0.9967443025294265, 0.9757024297570243, 0.49700598802395207, 0.6617647058823529]",124756,67599,132480,1.0943570800009184,1.1204283850020147,154.91431830900547,156.60285687446594,133.406,1490.80078125,334.72607421875,50,0.9005947445946305,"[""Normal"", ""DDoS_UDP"", ""DDoS_ICMP"", ""DDoS_TCP"", ""DDoS_HTTP"", ""SQL_injection"", ""XSS"", ""Uploading"", ""Backdoor"", ""Password"", ""Ransomware"", ""Port_Scanning"", ""Vulnerability_scanner"", ""Fingerprinting"", ""MITM""]","[70011, 70013, 47567, 35050, 33989, 35592, 10555, 25772, 16831, 34962, 6788, 13988, 35028, 604, 257]",,,,,,,
e3085a6ef0ff,edgeiiot,fine,fedlc,0,,timing,0.6302416170806461,0.6826445221071532,0.6747098938072803,0.6740958767777357,0.6342922782041472,0.6021685561868779,0.6775418153603111,"[0.47319195758727617, 0.7504251275382615, 0.9999263785614371, 0.939654311119992, 0.41947449768160744, 0.007974010632014175, 0.9770687936191426, 0.47485729817885297, 0.7191081475307356, 0.8980266452970049, 0.8248062015503876, 0.9897320310543452, 0.9111088891110889, 0.0, 0.7352941176470589]",124756,67599,132480,1.0717542500060517,1.084613655002613,156.05204090900588,157.3263132572174,135.198,1555.8203125,334.35498046875,35,0.6357588366382452,"[""Normal"", ""DDoS_UDP"", ""DDoS_ICMP"", ""DDoS_TCP"", ""DDoS_HTTP"", ""SQL_injection"", ""XSS"", ""Uploading"", ""Backdoor"", ""Password"", ""Ransomware"", ""Port_Scanning"", ""Vulnerability_scanner"", ""Fingerprinting"", ""MITM""]","[70011, 70013, 47567, 35050, 33989, 35592, 10555, 25772, 16831, 34962, 6788, 13988, 35028, 604, 257]",,,,,,,
dea5d8c2fda1,edgeiiot,fine,fedrs,0,,timing,0.7338471423491665,0.8929350091378371,0.7399579185081004,0.8904782452163685,0.36097122070481064,0.5721493383162141,0.7513387789013676,"[0.9813944183254977, 1.0, 0.9999263785614371, 1.0, 0.8951056156620298, 0.511321126205946, 0.9823861748089067, 0.6084533840717586, 0.899562408835174, 0.8748873084243214, 0.46149870801033593, 0.9847232657150012, 0.9001099890010998, 0.0, 0.0]",124756,67599,132480,1.090397625011974,1.0940367699913622,158.62356979299875,159.90544939041138,135.198,1523.98828125,334.35498046875,45,0.7343558284431135,"[""Normal"", ""DDoS_UDP"", ""DDoS_ICMP"", ""DDoS_TCP"", ""DDoS_HTTP"", ""SQL_injection"", ""XSS"", ""Uploading"", ""Backdoor"", ""Password"", ""Ransomware"", ""Port_Scanning"", ""Vulnerability_scanner"", ""Fingerprinting"", ""MITM""]","[70011, 70013, 47567, 35050, 33989, 35592, 10555, 25772, 16831, 34962, 6788, 13988, 35028, 604, 257]",,,,,,,
ed560c861929,edgeiiot,fine,statavg,0,,timing,0.6341013485079724,0.7815495847895091,0.6853145235527466,0.7457403488539079,0.597444295021911,0.5998555130501785,0.7458787921967779,"[0.9998999699909973, 1.0, 0.9999263785614371, 1.0, 0.23544564657393097, 1.0, 0.9940179461615155, 0.0, 0.6493019379037299, 0.06541119903836522, 0.6604651162790698, 0.9997495617330328, 0.9402059794020597, 0.0, 0.7352941176470589]",124756,67599,132480,1.076677684995957,1.097649925013684,152.3621193930012,153.6401481628418,135.21328,1503.3203125,334.35498046875,50,0.6425832248448633,"[""Normal"", ""DDoS_UDP"", ""DDoS_ICMP"", ""DDoS_TCP"", ""DDoS_HTTP"", ""SQL_injection"", ""XSS"", ""Uploading"", ""Backdoor"", ""Password"", ""Ransomware"", ""Port_Scanning"", ""Vulnerability_scanner"", ""Fingerprinting"", ""MITM""]","[70011, 70013, 47567, 35050, 33989, 35592, 10555, 25772, 16831, 34962, 6788, 13988, 35028, 604, 257]",,,,,,,
9602777bdec3,edgeiiot,fine,fedstap,0,,timing,0.7489709495231072,0.8625476930969252,0.769778912572037,0.8494159005253015,0.5840911696435243,0.6624143724191799,0.7984087790634462,"[0.9997999399819946, 1.0, 0.9999263785614371, 1.0, 0.8856259659969088, 0.7372514274463478, 0.7550681289464939, 0.8765969013318836, 0.6272140029172745, 0.14624862265851948, 0.6842377260981912, 0.9997495617330328, 0.9379062093790621, 0.0, 0.8970588235294118]",124756,67599,132480,1.085143230002359,1.1045152049973694,162.24282877900623,163.54234957695007,135.21328,1524.1328125,334.35498046875,30,0.7497737453466193,"[""Normal"", ""DDoS_UDP"", ""DDoS_ICMP"", ""DDoS_TCP"", ""DDoS_HTTP"", ""SQL_injection"", ""XSS"", ""Uploading"", ""Backdoor"", ""Password"", ""Ransomware"", ""Port_Scanning"", ""Vulnerability_scanner"", ""Fingerprinting"", ""MITM""]","[70011, 70013, 47567, 35050, 33989, 35592, 10555, 25772, 16831, 34962, 6788, 13988, 35028, 604, 257]",,,,,,,
f69d9421d650,ciciot2023,fine,scaffold_pcl,0,,plugin,0.5552336494861804,0.7625006219214886,0.5868353714614462,0.7535460831250859,0.1795082710585706,0.4705376847916105,0.611855489036248,"[0.9948969381628977, 0.991895947973987, 0.842173738991193, 0.9716858429214608, 0.9530765382691345, 0.9940964578747248, 0.7139283570142085, 0.9045955681694138, 0.8577521859671572, 0.9653861544617847, 0.8443579766536965, 0.6803900325027086, 0.46063819145743723, 0.2639319659829915, 0.4769907963185274, 0.7935622317596567, 0.9386754701880752, 0.8782513005202081, 0.990796318527411, 0.0, 0.576138147566719, 0.027788208787082238, 0.9165971643035863, 0.6171731123388582, 0.3933697881066302, 0.5556222488995598, 0.5774154830966193, 0.13259668508287292, 0.07207207207207207, 0.017094017094017096, 0.0, 0.28823529411764703, 0.07784431137724551, 0.18337408312958436]",200990,56290,109824,1.6660095200040814,1.2076920399977098,361.33248361400183,363.4573378562927,225.16,1518.984375,290.7099609375,45,0.5572619388979861,"[""DDoS-RSTFINFlood"", ""DDoS-PSHACK_Flood"", ""DDoS-SYN_Flood"", ""DDoS-UDP_Flood"", ""DDoS-TCP_Flood"", ""DDoS-ICMP_Flood"", ""DDoS-SynonymousIP_Flood"", ""DDoS-ACK_Fragmentation"", ""DDoS-UDP_Fragmentation"", ""DDoS-ICMP_Fragmentation"", ""DDoS-SlowLoris"", ""DDoS-HTTP_Flood"", ""DoS-UDP_Flood"", ""DoS-SYN_Flood"", ""DoS-TCP_Flood"", ""DoS-HTTP_Flood"", ""Mirai-greeth_flood"", ""Mirai-greip_flood"", ""Mirai-udpplain"", ""Recon-PingSweep"", ""Recon-OSScan"", ""Recon-PortScan"", ""VulnerabilityScan"", ""Recon-HostDiscovery"", ""DNS_Spoofing"", ""MITM-ArpSpoofing"", ""BenignTraffic"", ""BrowserHijacking"", ""Backdoor_Malware"", ""XSS"", ""Uploading_Attack"", ""SqlInjection"", ""CommandInjection"", ""DictionaryBruteForce""]","[35013, 35009, 35014, 35010, 35011, 35013, 35012, 32096, 32858, 35008, 2712, 3256, 35008, 35010, 35008, 8173, 35008, 35009, 35007, 241, 11161, 9330, 4210, 15217, 20501, 35007, 35004, 649, 396, 418, 148, 603, 596, 1446]",,,,,,,
76ef752c8997,ciciot2023,fine,scaffold_pcl,1,,plugin,0.5268053809517558,0.7214623685873356,0.5533248203274626,0.7058665598943239,0.13533829629228492,0.49198153079215845,0.5950642888537208,"[0.99689813888333, 0.9965979587752651, 0.9138655462184874, 0.9490796318527411, 0.9656862745098039, 0.9770885442721361, 0.5343343343343343, 0.5422896431299793, 0.9783582089552239, 0.9636818409204603, 0.8251295336787565, 0.7267818574514039, 0.3425055033019812, 0.424754852911747, 0.8744497799119648, 0.6975546975546976, 0.1211727036221733, 0.9306653326663331, 0.9822929171668667, 0.03076923076923077, 0.26853015075376885, 0.3850488354620586, 0.9248747913188647, 0.7158646097167857, 0.43028024606971976, 0.5078539269634817, 0.4444888977795559, 0.005494505494505495, 0.0, 0.05128205128205128, 0.0, 0.07692307692307693, 0.005952380952380952, 0.22249388753056235]",200989,56290,109824,1.1801012300020375,1.1423279799964803,354.7217356040055,356.7771246433258,225.16,1519.23046875,294.07958984375,40,0.5277827844982523,"[""DDoS-RSTFINFlood"", ""DDoS-PSHACK_Flood"", ""DDoS-SYN_Flood"", ""DDoS-UDP_Flood"", ""DDoS-TCP_Flood"", ""DDoS-ICMP_Flood"", ""DDoS-SynonymousIP_Flood"", ""DDoS-ACK_Fragmentation"", ""DDoS-UDP_Fragmentation"", ""DDoS-ICMP_Fragmentation"", ""DDoS-SlowLoris"", ""DDoS-HTTP_Flood"", ""DoS-UDP_Flood"", ""DoS-SYN_Flood"", ""DoS-TCP_Flood"", ""DoS-HTTP_Flood"", ""Mirai-greeth_flood"", ""Mirai-greip_flood"", ""Mirai-udpplain"", ""Recon-PingSweep"", ""Recon-OSScan"", ""Recon-PortScan"", ""VulnerabilityScan"", ""Recon-HostDiscovery"", ""DNS_Spoofing"", ""MITM-ArpSpoofing"", ""BenignTraffic"", ""BrowserHijacking"", ""Backdoor_Malware"", ""XSS"", ""Uploading_Attack"", ""SqlInjection"", ""CommandInjection"", ""DictionaryBruteForce""]","[35013, 35013, 35009, 35007, 35009, 35012, 35021, 32094, 32855, 35009, 2712, 3252, 35012, 35013, 35008, 8172, 35011, 35012, 35009, 240, 11162, 9332, 4211, 15218, 20502, 35011, 35005, 648, 397, 419, 146, 605, 595, 1446]",,,,,,,
ae9bc6116a2a,ciciot2023,fine,scaffold_pcl,2,,plugin,0.4945757231825096,0.6930088160958428,0.5387555798645761,0.6663937068438442,0.16974325755520928,0.4027795773651252,0.545426853603235,"[0.9877914540178124, 0.7982991495747874, 0.5414165666266506, 0.8348174087043522, 0.052226113056528266, 0.9959971980386271, 0.9140656262505003, 0.9725982532751092, 0.9630063965884862, 0.7978191276510604, 0.8324675324675325, 0.4550379198266522, 0.7532766383191596, 0.312625050020008, 0.9716886754701881, 0.7621296693860026, 0.9564738843305983, 0.08372511753526057, 0.9717915374612384, 0.0, 0.1249607535321821, 0.45717505634861005, 0.8899082568807339, 0.6946810960165783, 0.4912880081995217, 0.2966593318663733, 0.7105421084216843, 0.0273224043715847, 0.0, 0.0603448275862069, 0.0, 0.11834319526627218, 0.1437125748502994, 0.34549878345498786]",200996,56290,109824,1.2846025749968248,1.3178213799983496,364.3442480669946,366.38858342170715,225.16,1510.73046875,288.94482421875,50,0.495712487674254,"[""DDoS-RSTFINFlood"", ""DDoS-PSHACK_Flood"", ""DDoS-SYN_Flood"", ""DDoS-UDP_Flood"", ""DDoS-TCP_Flood"", ""DDoS-ICMP_Flood"", ""DDoS-SynonymousIP_Flood"", ""DDoS-ACK_Fragmentation"", ""DDoS-UDP_Fragmentation"", ""DDoS-ICMP_Fragmentation"", ""DDoS-SlowLoris"", ""DDoS-HTTP_Flood"", ""DoS-UDP_Flood"", ""DoS-SYN_Flood"", ""DoS-TCP_Flood"", ""DoS-HTTP_Flood"", ""Mirai-greeth_flood"", ""Mirai-greip_flood"", ""Mirai-udpplain"", ""Recon-PingSweep"", ""Recon-OSScan"", ""Recon-PortScan"", ""VulnerabilityScan"", ""Recon-HostDiscovery"", ""DNS_Spoofing"", ""MITM-ArpSpoofing"", ""BenignTraffic"", ""BrowserHijacking"", ""Backdoor_Malware"", ""XSS"", ""Uploading_Attack"", ""SqlInjection"", ""CommandInjection"", ""DictionaryBruteForce""]","[35014, 35009, 35007, 35011, 35009, 35013, 35010, 32099, 32855, 35008, 2715, 3256, 35011, 35009, 35008, 8176, 35012, 35007, 35006, 239, 11161, 9332, 4209, 15219, 20498, 35004, 35004, 646, 397, 420, 148, 604, 596, 1443]",,,,,,,
15ad5ca6a814,ciciot2023,fine,scaffold_pcl,3,,plugin,0.5281687115578804,0.7397313432835821,0.5420875226740929,0.7267373388307625,0.11464861211597846,0.4452030831136873,0.577786937785387,"[0.9972989195678271, 0.9749899959983993, 0.6832733093237295, 0.9261556934160496, 0.9819891935161097, 0.9980986690683479, 0.7987993996998499, 0.9410609037328095, 0.9448827292110874, 0.9378875775155031, 0.6657997399219766, 0.36864864864864866, 0.5286114445778312, 0.4147488493095858, 0.48259303721488594, 0.6585156585156585, 0.8170902541524915, 0.42446978791516604, 0.9836918459229614, 0.0, 0.3998115577889447, 0.22418325197146075, 0.8947368421052632, 0.6552280055274067, 0.03450632046463956, 0.6679003701110333, 0.6599659965996599, 0.03825136612021858, 0.04504504504504504, 0.03418803418803419, 0.0, 0.011764705882352941, 0.041666666666666664, 0.1951219512195122]",201000,56290,109824,1.378272840001955,1.1478962499950285,353.8906296039877,355.97339367866516,225.16,1513.0703125,288.48876953125,45,0.5302284105798387,"[""DDoS-RSTFINFlood"", ""DDoS-PSHACK_Flood"", ""DDoS-SYN_Flood"", ""DDoS-UDP_Flood"", ""DDoS-TCP_Flood"", ""DDoS-ICMP_Flood"", ""DDoS-SynonymousIP_Flood"", ""DDoS-ACK_Fragmentation"", ""DDoS-UDP_Fragmentation"", ""DDoS-ICMP_Fragmentation"", ""DDoS-SlowLoris"", ""DDoS-HTTP_Flood"", ""DoS-UDP_Flood"", ""DoS-SYN_Flood"", ""DoS-TCP_Flood"", ""DoS-HTTP_Flood"", ""Mirai-greeth_flood"", ""Mirai-greip_flood"", ""Mirai-udpplain"", ""Recon-PingSweep"", ""Recon-OSScan"", ""Recon-PortScan"", ""VulnerabilityScan"", ""Recon-HostDiscovery"", ""DNS_Spoofing"", ""MITM-ArpSpoofing"", ""BenignTraffic"", ""BrowserHijacking"", ""Backdoor_Malware"", ""XSS"", ""Uploading_Attack"", ""SqlInjection"", ""CommandInjection"", ""DictionaryBruteForce""]","[35009, 35010, 35011, 35011, 35012, 35015, 35011, 32097, 32855, 35006, 2718, 3253, 35008, 35014, 35009, 8174, 35012, 35009, 35010, 238, 11161, 9331, 4214, 15219, 20498, 35006, 35003, 646, 396, 418, 147, 602, 596, 1444]",,,,,,,
48b5f6101975,ciciot2023,fine,scaffold_pcl,4,,plugin,0.5453811737015289,0.7510385417133078,0.5628752414095535,0.7498499149117483,0.07039235934950057,0.4770350218206448,0.626980396842294,"[0.9977984589212449, 0.9979989994997499, 0.6492544781346943, 0.9203681472589036, 0.9387755102040817, 0.9282569541725035, 0.3022208883553421, 0.9049230433358804, 0.9137526652452026, 0.957187156146844, 0.39766839378238344, 0.70995670995671, 0.5769884942471235, 0.4900470141042313, 0.680172068827531, 0.8966108966108967, 0.8313325330132053, 0.8409045427256354, 0.9864959487846354, 0.0, 0.5483972344437461, 0.3643876784372652, 0.9491666666666667, 0.6101772967994474, 0.37132604237867395, 0.4953990798159632, 0.6423284656931386, 0.01092896174863388, 0.02727272727272727, 0.0, 0.0, 0.029411764705882353, 0.04142011834319527, 0.12682926829268293]",201003,56290,109824,1.1492673400061904,1.2028986950008402,355.23483008301264,357.2668092250824,225.16,1520.0,285.47900390625,50,0.5450622018881592,"[""DDoS-RSTFINFlood"", ""DDoS-PSHACK_Flood"", ""DDoS-SYN_Flood"", ""DDoS-UDP_Flood"", ""DDoS-TCP_Flood"", ""DDoS-ICMP_Flood"", ""DDoS-SynonymousIP_Flood"", ""DDoS-ACK_Fragmentation"", ""DDoS-UDP_Fragmentation"", ""DDoS-ICMP_Fragmentation"", ""DDoS-SlowLoris"", ""DDoS-HTTP_Flood"", ""DoS-UDP_Flood"", ""DoS-SYN_Flood"", ""DoS-TCP_Flood"", ""DoS-HTTP_Flood"", ""Mirai-greeth_flood"", ""Mirai-greip_flood"", ""Mirai-udpplain"", ""Recon-PingSweep"", ""Recon-OSScan"", ""Recon-PortScan"", ""VulnerabilityScan"", ""Recon-HostDiscovery"", ""DNS_Spoofing"", ""MITM-ArpSpoofing"", ""BenignTraffic"", ""BrowserHijacking"", ""Backdoor_Malware"", ""XSS"", ""Uploading_Attack"", ""SqlInjection"", ""CommandInjection"", ""DictionaryBruteForce""]","[35014, 35010, 35013, 35008, 35009, 35014, 35008, 32099, 32856, 35007, 2711, 3255, 35011, 35007, 35009, 8171, 35010, 35013, 35006, 239, 11165, 9332, 4208, 15219, 20503, 35005, 35004, 646, 397, 418, 145, 603, 594, 1444]",,,,,,,
fff732abcbdf,ciciot2023,fine,scaffold_sfs_pcl,0,,plugin,0.5173553338156784,0.7075625653017563,0.5434660348458246,0.6903420314678987,0.16551915614266083,0.4553491311220293,0.6208031485084727,"[0.9988993396037622, 0.9979989994997499, 0.3717974379503603, 0.9811905952976488, 0.9814907453726863, 0.9982989793876326, 0.5528316990194116, 0.9844995087872503, 0.9856046065259118, 0.9724889955982393, 0.8469520103761349, 0.5070422535211268, 0.32459737921376414, 0.4783391695847924, 0.47008803521408565, 0.876824034334764, 0.031612645058023206, 0.9636854741896759, 0.9926970788315326, 0.0, 0.3836734693877551, 0.004130679684566279, 0.9099249374478732, 0.6024401473296501, 0.37764866712235134, 0.599139655862345, 0.6412282456491298, 0.03314917127071823, 0.3333333333333333, 0.02564102564102564, 0.0, 0.09411764705882353, 0.0, 0.15647921760391198]",200990,56290,109824,1.1411310550010967,1.2114920300064114,356.372877005997,358.34092473983765,225.16744,1519.015625,290.7099609375,45,0.518441899312962,"[""DDoS-RSTFINFlood"", ""DDoS-PSHACK_Flood"", ""DDoS-SYN_Flood"", ""DDoS-UDP_Flood"", ""DDoS-TCP_Flood"", ""DDoS-ICMP_Flood"", ""DDoS-SynonymousIP_Flood"", ""DDoS-ACK_Fragmentation"", ""DDoS-UDP_Fragmentation"", ""DDoS-ICMP_Fragmentation"", ""DDoS-SlowLoris"", ""DDoS-HTTP_Flood"", ""DoS-UDP_Flood"", ""DoS-SYN_Flood"", ""DoS-TCP_Flood"", ""DoS-HTTP_Flood"", ""Mirai-greeth_flood"", ""Mirai-greip_flood"", ""Mirai-udpplain"", ""Recon-PingSweep"", ""Recon-OSScan"", ""Recon-PortScan"", ""VulnerabilityScan"", ""Recon-HostDiscovery"", ""DNS_Spoofing"", ""MITM-ArpSpoofing"", ""BenignTraffic"", ""BrowserHijacking"", ""Backdoor_Malware"", ""XSS"", ""Uploading_Attack"", ""SqlInjection"", ""CommandInjection"", ""DictionaryBruteForce""]","[35013, 35009, 35014, 35010, 35011, 35013, 35012, 32096, 32858, 35008, 2712, 3256, 35008, 35010, 35008, 8173, 35008, 35009, 35007, 241, 11161, 9330, 4210, 15217, 20501, 35007, 35004, 649, 396, 418, 148, 603, 596, 1446]",,,,,,,
f74672b128b1,ciciot2023,fine,scaffold_sfs_pcl,1,,plugin,0.5368941164254063,0.7354034300384599,0.5593910708564185,0.7154238414981668,0.11749565606982898,0.5213769898295192,0.649107144771295,"[0.9988993396037622, 0.99689813888333, 0.9382753101240496, 0.8805522208883554, 0.26380552220888354, 0.9979989994997499, 0.585085085085085, 0.9816653934300993, 0.9862473347547974, 0.974887443721861, 0.44041450777202074, 0.7073434125269978, 0.5146087652591554, 0.5401240744446668, 0.8698479391756703, 0.7902187902187903, 0.0003001801080648389, 0.9858929464732367, 0.9923969587835134, 0.09230769230769231, 0.332286432160804, 0.25582268970698724, 0.9657762938230384, 0.6790237163251209, 0.4391660970608339, 0.5182591295647824, 0.7664532906581316, 0.0, 0.00909090909090909, 0.2222222222222222, 0.0, 0.10059171597633136, 0.011904761904761904, 0.18092909535452323]",200989,56290,109824,1.1007239150058012,1.7507656500038138,353.5694793359962,355.7039141654968,225.16744,1519.71484375,294.07958984375,50,0.5381616869914128,"[""DDoS-RSTFINFlood"", ""DDoS-PSHACK_Flood"", ""DDoS-SYN_Flood"", ""DDoS-UDP_Flood"", ""DDoS-TCP_Flood"", ""DDoS-ICMP_Flood"", ""DDoS-SynonymousIP_Flood"", ""DDoS-ACK_Fragmentation"", ""DDoS-UDP_Fragmentation"", ""DDoS-ICMP_Fragmentation"", ""DDoS-SlowLoris"", ""DDoS-HTTP_Flood"", ""DoS-UDP_Flood"", ""DoS-SYN_Flood"", ""DoS-TCP_Flood"", ""DoS-HTTP_Flood"", ""Mirai-greeth_flood"", ""Mirai-greip_flood"", ""Mirai-udpplain"", ""Recon-PingSweep"", ""Recon-OSScan"", ""Recon-PortScan"", ""VulnerabilityScan"", ""Recon-HostDiscovery"", ""DNS_Spoofing"", ""MITM-ArpSpoofing"", ""BenignTraffic"", ""BrowserHijacking"", ""Backdoor_Malware"", ""XSS"", ""Uploading_Attack"", ""SqlInjection"", ""CommandInjection"", ""DictionaryBruteForce""]","[35013, 35013, 35009, 35007, 35009, 35012, 35021, 32094, 32855, 35009, 2712, 3252, 35012, 35013, 35008, 8172, 35011, 35012, 35009, 240, 11162, 9332, 4211, 15218, 20502, 35011, 35005, 648, 397, 419, 146, 605, 595, 1446]",,,,,,,
4aecc556f200,ciciot2023,fine,scaffold_sfs_pcl,2,,plugin,0.4680576184831226,0.6726750781110071,0.5179444380958148,0.6134593674295716,0.14820929167293265,0.4606138430351571,0.5911275642213435,"[0.9988992294606225, 0.9899949974987494, 0.15136054421768708, 0.6424212106053027, 0.0034017008504252126, 0.9989992995096567, 0.9749899959983993, 0.9842794759825327, 0.9846481876332622, 0.9730892356942777, 0.9012987012987013, 0.5471289274106176, 0.8340170085042521, 0.07372949179671869, 0.9943977591036415, 0.8140832975525977, 0.9899939963978387, 0.005901770531159348, 0.9898969690907272, 0.0, 0.08069073783359498, 0.32156273478587527, 0.7164303586321935, 0.7973750863458439, 0.4704475572258285, 0.07851570314062813, 0.8599719943988797, 0.0, 0.0, 0.008620689655172414, 0.0, 0.07100591715976332, 0.1437125748502994, 0.20924574209245742]",200996,56290,109824,1.2438230299994757,1.3704969749960583,348.65930611699696,350.744069814682,225.16744,1509.5859375,288.94482421875,40,0.46845517763678496,"[""DDoS-RSTFINFlood"", ""DDoS-PSHACK_Flood"", ""DDoS-SYN_Flood"", ""DDoS-UDP_Flood"", ""DDoS-TCP_Flood"", ""DDoS-ICMP_Flood"", ""DDoS-SynonymousIP_Flood"", ""DDoS-ACK_Fragmentation"", ""DDoS-UDP_Fragmentation"", ""DDoS-ICMP_Fragmentation"", ""DDoS-SlowLoris"", ""DDoS-HTTP_Flood"", ""DoS-UDP_Flood"", ""DoS-SYN_Flood"", ""DoS-TCP_Flood"", ""DoS-HTTP_Flood"", ""Mirai-greeth_flood"", ""Mirai-greip_flood"", ""Mirai-udpplain"", ""Recon-PingSweep"", ""Recon-OSScan"", ""Recon-PortScan"", ""VulnerabilityScan"", ""Recon-HostDiscovery"", ""DNS_Spoofing"", ""MITM-ArpSpoofing"", ""BenignTraffic"", ""BrowserHijacking"", ""Backdoor_Malware"", ""XSS"", ""Uploading_Attack"", ""SqlInjection"", ""CommandInjection"", ""DictionaryBruteForce""]","[35014, 35009, 35007, 35011, 35009, 35013, 35010, 32099, 32855, 35008, 2715, 3256, 35011, 35009, 35008, 8176, 35012, 35007, 35006, 239, 11161, 9332, 4209, 15219, 20498, 35004, 35004, 646, 397, 420, 148, 604, 596, 1443]",,,,,,,
8f7dd669185e,ciciot2023,fine,scaffold_sfs_pcl,3,,plugin,0.5184697325153855,0.7350199004975124,0.5468536046857427,0.7024698126971244,0.11251909485916273,0.5051993839782852,0.6350506840960203,"[0.9985994397759104, 0.9980992396958783, 0.9244697879151661, 0.9882929757854713, 0.9868921352811687, 0.9982988091664164, 0.7492746373186593, 0.9812268063741542, 0.9803837953091684, 0.9740948189637928, 0.7048114434330299, 0.45513513513513515, 0.3282312925170068, 0.2599559735841505, 0.4694877951180472, 0.7957957957957958, 0.9801881128677207, 0.027410964385754303, 0.9927963981990996, 0.07575757575757576, 0.5788316582914573, 0.05219677055951934, 0.9256474519632414, 0.7643942883463841, 0.041168431841475915, 0.7262178653596079, 0.6032603260326033, 0.0, 0.05405405405405406, 0.0, 0.0, 0.0, 0.0, 0.17804878048780487]",201000,56290,109824,1.3136921749992325,1.1346598949967301,347.2105890530056,349.2603976726532,225.16744,1513.64453125,288.48876953125,50,0.5199911391601205,"[""DDoS-RSTFINFlood"", ""DDoS-PSHACK_Flood"", ""DDoS-SYN_Flood"", ""DDoS-UDP_Flood"", ""DDoS-TCP_Flood"", ""DDoS-ICMP_Flood"", ""DDoS-SynonymousIP_Flood"", ""DDoS-ACK_Fragmentation"", ""DDoS-UDP_Fragmentation"", ""DDoS-ICMP_Fragmentation"", ""DDoS-SlowLoris"", ""DDoS-HTTP_Flood"", ""DoS-UDP_Flood"", ""DoS-SYN_Flood"", ""DoS-TCP_Flood"", ""DoS-HTTP_Flood"", ""Mirai-greeth_flood"", ""Mirai-greip_flood"", ""Mirai-udpplain"", ""Recon-PingSweep"", ""Recon-OSScan"", ""Recon-PortScan"", ""VulnerabilityScan"", ""Recon-HostDiscovery"", ""DNS_Spoofing"", ""MITM-ArpSpoofing"", ""BenignTraffic"", ""BrowserHijacking"", ""Backdoor_Malware"", ""XSS"", ""Uploading_Attack"", ""SqlInjection"", ""CommandInjection"", ""DictionaryBruteForce""]","[35009, 35010, 35011, 35011, 35012, 35015, 35011, 32097, 32855, 35006, 2718, 3253, 35008, 35014, 35009, 8174, 35012, 35009, 35010, 238, 11161, 9331, 4214, 15219, 20498, 35006, 35003, 646, 396, 418, 147, 602, 596, 1444]",,,,,,,
bcc5ea9f7020,ciciot2023,fine,scaffold_sfs_pcl,4,,plugin,0.5367374881734176,0.7390934463664721,0.5482200985543096,0.7324188673926412,0.06792677091458008,0.4636439020096297,0.643924310412028,"[0.9986990893625538, 0.9983991995998, 0.8158711097768437, 0.8580432172869148, 0.9789915966386554, 0.9980988593155894, 0.6178471388555422, 0.9830804497325619, 0.9836886993603412, 0.9736921076322896, 0.38082901554404147, 0.7326839826839827, 0.51975987993997, 0.36250875262578774, 0.4841936774709884, 0.734019734019734, 0.3975590236094438, 0.6477886732039223, 0.9938981694508352, 0.0, 0.46983029541169075, 0.07287753568745305, 0.9433333333333334, 0.8003684089339167, 0.42276144907723856, 0.5286057211442289, 0.7115423084616923, 0.0, 0.01818181818181818, 0.0, 0.0, 0.023529411764705882, 0.047337278106508875, 0.14146341463414633]",201003,56290,109824,1.2813363100030983,1.3564600450081343,348.2139598560043,350.3539309501648,225.16744,1519.85546875,285.47900390625,50,0.5333042139326897,"[""DDoS-RSTFINFlood"", ""DDoS-PSHACK_Flood"", ""DDoS-SYN_Flood"", ""DDoS-UDP_Flood"", ""DDoS-TCP_Flood"", ""DDoS-ICMP_Flood"", ""DDoS-SynonymousIP_Flood"", ""DDoS-ACK_Fragmentation"", ""DDoS-UDP_Fragmentation"", ""DDoS-ICMP_Fragmentation"", ""DDoS-SlowLoris"", ""DDoS-HTTP_Flood"", ""DoS-UDP_Flood"", ""DoS-SYN_Flood"", ""DoS-TCP_Flood"", ""DoS-HTTP_Flood"", ""Mirai-greeth_flood"", ""Mirai-greip_flood"", ""Mirai-udpplain"", ""Recon-PingSweep"", ""Recon-OSScan"", ""Recon-PortScan"", ""VulnerabilityScan"", ""Recon-HostDiscovery"", ""DNS_Spoofing"", ""MITM-ArpSpoofing"", ""BenignTraffic"", ""BrowserHijacking"", ""Backdoor_Malware"", ""XSS"", ""Uploading_Attack"", ""SqlInjection"", ""CommandInjection"", ""DictionaryBruteForce""]","[35014, 35010, 35013, 35008, 35009, 35014, 35008, 32099, 32856, 35007, 2711, 3255, 35011, 35007, 35009, 8171, 35010, 35013, 35006, 239, 11165, 9332, 4208, 15219, 20503, 35005, 35004, 646, 397, 418, 145, 603, 594, 1444]",,,,,,,
2a411f9f0067,ciciot2023,grouped,scaffold_pcl,0,,plugin,0.49872767902985987,0.6555948057117269,0.6207023273423584,0.6728065514717559,0.4667621821126563,0.34416374238037295,0.618553882230409,"[0.5703078212959636, 0.6928027724487902, 0.9863612111511271, 0.5782995810055865, 0.5813982836951035, 0.6229245849169834, 0.5643312101910828, 0.3691931540342298]",200990,54600,106496,1.1580420499922184,1.2227877599980275,356.4721020190045,358.4177541732788,218.4,1526.9453125,290.55126953125,40,0.49833285917796,"[""DDoS"", ""DoS"", ""Mirai"", ""Recon"", ""Spoofing"", ""Benign"", ""Web"", ""BruteForce""]","[351012, 113199, 105024, 40159, 55508, 35004, 2810, 1446]",,,,,,,
f2bbca586ac3,ciciot2023,grouped,scaffold_pcl,1,,plugin,0.544990109904235,0.7387419211996676,0.6346942686158866,0.7551106875742479,0.4256409538562994,0.43145461745053704,0.635821169799651,"[0.6984041438366418, 0.8415905926040539, 0.9859929964982491, 0.5946559552916522, 0.5722218716476305, 0.5334066813362672, 0.4796437659033079, 0.37163814180929094]",200989,54600,106496,1.589002780001465,1.1108803700062708,348.9424171569972,351.00875520706177,218.4,1526.609375,293.9208984375,45,0.5456117393956013,"[""DDoS"", ""DoS"", ""Mirai"", ""Recon"", ""Spoofing"", ""Benign"", ""Web"", ""BruteForce""]","[351006, 113205, 105032, 40163, 55513, 35005, 2810, 1446]",,,,,,,
ff08ce8e7625,ciciot2023,grouped,scaffold_pcl,2,,plugin,0.539348070768079,0.7593782960854942,0.6381612665197631,0.7780202264719682,0.37118277968121555,0.49257557896128235,0.6862950874529663,"[0.7200774512935164, 0.9288587696497091, 0.9798252634387088, 0.5885639458751637, 0.4110522331566995, 0.7345469093818764, 0.47959183673469385, 0.26277372262773724]",200996,54600,106496,1.4471968399993784,1.1369678100072633,353.710434797993,355.7181980609894,218.4,1517.46484375,288.7861328125,35,0.5370754215434992,"[""DDoS"", ""DoS"", ""Mirai"", ""Recon"", ""Spoofing"", ""Benign"", ""Web"", ""BruteForce""]","[351006, 113204, 105025, 40160, 55502, 35004, 2811, 1443]",,,,,,,
c65199791144,ciciot2023,grouped,scaffold_pcl,3,,plugin,0.5460638342644022,0.760318407960199,0.6213362591972662,0.7750890841192257,0.3526897362882258,0.5174475749701494,0.7081287790920214,"[0.7598255454200683, 0.7824983754680199, 0.9807903951975988, 0.4503143555710793, 0.5973124723992177, 0.6945694569456946, 0.3565989847715736, 0.348780487804878]",201000,54600,106496,1.157529149995753,1.563881770007356,351.81268478899983,353.820680141449,218.4,1520.63671875,288.330078125,40,0.5461419711810385,"[""DDoS"", ""DoS"", ""Mirai"", ""Recon"", ""Spoofing"", ""Benign"", ""Web"", ""BruteForce""]","[351008, 113205, 105031, 40163, 55504, 35003, 2805, 1444]",,,,,,,
356112da47d6,ciciot2023,grouped,scaffold_pcl,4,,plugin,0.5554965147498455,0.7676502340761083,0.6364858173742248,0.7787818530132846,0.3215972673034715,0.46525395646248635,0.680474597845002,"[0.7368983103286526, 0.8854853182338562, 0.9775235935572081, 0.5103466340696761, 0.4899684542586751, 0.8484696939387878, 0.46514575411913817, 0.17804878048780487]",201003,54600,106496,1.1586036050084658,1.506799084991144,349.4518104229992,351.4781172275543,218.4,1527.7421875,285.3203125,50,0.5609865848141586,"[""DDoS"", ""DoS"", ""Mirai"", ""Recon"", ""Spoofing"", ""Benign"", ""Web"", ""BruteForce""]","[351004, 113198, 105029, 40163, 55508, 35004, 2803, 1444]",,,,,,,
19a6bf208d9c,ciciot2023,grouped,scaffold_sfs_pcl,0,,plugin,0.5624563786588157,0.7239365142544405,0.6541306819294241,0.745764649003062,0.4696914954915671,0.4668116469869213,0.6660247717069595,"[0.6547390905098415, 0.8667924995358623, 0.9927637721755369, 0.5041899441340782, 0.5037228672387682, 0.7714542908581716, 0.7095541401273885, 0.22982885085574573]",200990,54600,106496,1.2148453800000425,1.1472855850024644,360.0257691100014,361.9261474609375,218.40744,1526.54296875,290.55126953125,50,0.5645701608529843,"[""DDoS"", ""DoS"", ""Mirai"", ""Recon"", ""Spoofing"", ""Benign"", ""Web"", ""BruteForce""]","[351012, 113199, 105024, 40159, 55508, 35004, 2810, 1446]",,,,,,,
bfa2de46af9e,ciciot2023,grouped,scaffold_sfs_pcl,1,,plugin,0.5713577911816499,0.7529566294672843,0.6089267854015262,0.7663131053716348,0.2636916204731954,0.4766722304294435,0.6547210812570231,"[0.7463496911085162, 0.7719634844499459, 0.9878272469568118, 0.6280125742228432, 0.4017164132012368, 0.8081616323264653, 0.356234096692112, 0.17114914425427874]",200989,54600,106496,1.578909925001426,1.5432857799987687,358.4989014319872,360.6214361190796,218.40744,1526.61328125,293.9208984375,10,0.572107659611256,"[""DDoS"", ""DoS"", ""Mirai"", ""Recon"", ""Spoofing"", ""Benign"", ""Web"", ""BruteForce""]","[351006, 113205, 105032, 40163, 55513, 35005, 2810, 1446]",,,,,,,
77f611d259ba,ciciot2023,grouped,scaffold_sfs_pcl,2,,plugin,0.5753032596994531,0.7704282672291985,0.6374174778141448,0.7817896783340792,0.3813015169571478,0.4995911840332506,0.6884119391517018,"[0.780271877994251, 0.8001299665800223, 0.9917300253434708, 0.5497162810999564, 0.3600176633863235, 0.8548709741948389, 0.5752551020408163, 0.1873479318734793]",200996,54600,106496,1.3770601950000128,1.1653841550014477,346.3934042200035,348.3864517211914,218.40744,1517.3046875,288.7861328125,45,0.5718388974811629,"[""DDoS"", ""DoS"", ""Mirai"", ""Recon"", ""Spoofing"", ""Benign"", ""Web"", ""BruteForce""]","[351006, 113204, 105025, 40160, 55502, 35004, 2811, 1443]",,,,,,,
ef2369854a12,ciciot2023,grouped,scaffold_sfs_pcl,3,,plugin,0.5805478997543934,0.7759751243781094,0.6483458978948546,0.791261364644175,0.3650612851306178,0.5162741872174788,0.6992691084099745,"[0.7713327611329568, 0.789801033511774, 0.9905619476404869, 0.4910932588194202, 0.5510693331651, 0.8627862786278628, 0.4593908629441624, 0.2707317073170732]",201000,54600,106496,1.4704075450026721,1.6722226300043985,346.21729309300645,348.3432664871216,218.40744,1521.01171875,288.330078125,40,0.5811916595167821,"[""DDoS"", ""DoS"", ""Mirai"", ""Recon"", ""Spoofing"", ""Benign"", ""Web"", ""BruteForce""]","[351008, 113205, 105031, 40163, 55504, 35003, 2805, 1444]",,,,,,,
010dce4d26f1,ciciot2023,grouped,scaffold_sfs_pcl,4,,plugin,0.5913862956793986,0.7618891260329448,0.6601885800799316,0.7785725201237377,0.3772094964295651,0.4793004487471434,0.6655369204239683,"[0.7036538020100402, 0.9035551842569386, 0.9931970520558909, 0.5396839256090108, 0.5242271293375395, 0.8627725545109022, 0.6007604562737643, 0.15365853658536585]",201003,54600,106496,1.1857383549977385,1.4991350049967878,350.0128518069978,352.06234073638916,218.40744,1527.8828125,285.3203125,50,0.5930458213317935,"[""DDoS"", ""DoS"", ""Mirai"", ""Recon"", ""Spoofing"", ""Benign"", ""Web"", ""BruteForce""]","[351004, 113198, 105029, 40163, 55508, 35004, 2803, 1444]",,,,,,,
298708ccc316,edgeiiot,fine,scaffold_pcl,0,,plugin,0.7175579301347955,0.7676264067459682,0.7624655278987486,0.7676835271607406,0.7484973121838897,0.629116947157061,0.7405752774290589,"[0.5026507952385716, 0.9928978693608083, 0.9982330854744902, 0.9617344390048956, 0.6528593508500773, 0.8280173262453239, 0.8989697573944833, 0.3987496602337592, 0.815586580537612, 0.4430531904237203, 0.6770025839793282, 0.9979964938642625, 0.8512148785121488, 0.5209580838323353, 0.8970588235294118]",124756,67599,132480,1.604289079996306,1.547865720003756,216.72345194199443,218.87000799179077,270.396,1556.9609375,339.7998046875,35,0.7092279216543906,"[""Normal"", ""DDoS_UDP"", ""DDoS_ICMP"", ""DDoS_TCP"", ""DDoS_HTTP"", ""SQL_injection"", ""XSS"", ""Uploading"", ""Backdoor"", ""Password"", ""Ransomware"", ""Port_Scanning"", ""Vulnerability_scanner"", ""Fingerprinting"", ""MITM""]","[70011, 70013, 47567, 35050, 33989, 35592, 10555, 25772, 16831, 34962, 6788, 13988, 35028, 604, 257]",,,,,,,
9716cae56525,edgeiiot,fine,scaffold_pcl,1,,plugin,0.7072027703322231,0.706276499394872,0.7336481562133328,0.7196542701274565,0.7253512668061944,0.5584828581862176,0.7155605479234282,"[0.5628907226806702, 0.6817204301075269, 0.8045350806154752, 0.9974018187268912, 0.8808861411643483, 0.6429836646329463, 0.8144946808510638, 0.49836867862969003, 0.9248542880932556, 0.29837740384615385, 0.5188630490956072, 0.9288755321813174, 0.8824235152969406, 0.5680473372781065, 1.0]",124767,67599,132480,1.5084177650078345,1.4719201700063422,217.76763645800384,219.80136394500732,270.396,1552.203125,327.10546875,45,0.7100548794223756,"[""Normal"", ""DDoS_UDP"", ""DDoS_ICMP"", ""DDoS_TCP"", ""DDoS_HTTP"", ""SQL_injection"", ""XSS"", ""Uploading"", ""Backdoor"", ""Password"", ""Ransomware"", ""Port_Scanning"", ""Vulnerability_scanner"", ""Fingerprinting"", ""MITM""]","[70010, 70008, 47566, 35054, 33988, 35585, 10555, 25776, 16821, 34960, 6790, 13989, 35025, 600, 254]",,,,,,,
8ebb7e15fd72,edgeiiot,fine,scaffold_pcl,2,,plugin,0.5829984829629289,0.7103527318484559,0.6479252356567609,0.7075162147729904,0.5423792624286519,0.5051916273350877,0.7036635096823274,"[0.6827206801700425, 0.9579373812143643, 0.9727660827322243, 1.0, 0.09489953632148378, 0.6461901949202599, 0.3066445182724252, 0.33066050557216636, 0.9558609202581719, 0.6044880785413744, 0.4501291989664083, 0.4866015527172552, 0.8172365526894622, 0.48520710059171596, 0.927536231884058]",124769,67599,132480,1.6994357200019294,1.6961704549976275,217.76826127101413,219.99216771125793,270.396,1548.83203125,337.896484375,45,0.5754617680954638,"[""Normal"", ""DDoS_UDP"", ""DDoS_ICMP"", ""DDoS_TCP"", ""DDoS_HTTP"", ""SQL_injection"", ""XSS"", ""Uploading"", ""Backdoor"", ""Password"", ""Ransomware"", ""Port_Scanning"", ""Vulnerability_scanner"", ""Fingerprinting"", ""MITM""]","[70012, 70013, 47562, 35049, 33988, 35593, 10552, 25773, 16824, 34964, 6788, 13989, 35024, 600, 254]",,,,,,,
30d6e96698fc,edgeiiot,fine,scaffold_pcl,3,,plugin,0.6577474885388157,0.7162002933703119,0.7140356374278745,0.7004776588819631,0.5808826280554351,0.5014252968888699,0.6789935149530454,"[0.29690391637072977, 0.8377094273568392, 0.9988955157941242, 0.9993005595523581, 0.707646331409728, 0.7999606221697184, 0.921875, 0.48865026505369036, 0.9629321116201582, 0.43283582089552236, 0.0005167958656330749, 0.9952428642964447, 0.8669266146770646, 0.4880952380952381, 0.9130434782608695]",124757,67599,132480,1.4118136550041527,1.48482335499466,219.01188966300833,221.07764172554016,270.396,1546.80859375,337.4296875,45,0.66496345490526,"[""Normal"", ""DDoS_UDP"", ""DDoS_ICMP"", ""DDoS_TCP"", ""DDoS_HTTP"", ""SQL_injection"", ""XSS"", ""Uploading"", ""Backdoor"", ""Password"", ""Ransomware"", ""Port_Scanning"", ""Vulnerability_scanner"", ""Fingerprinting"", ""MITM""]","[70014, 70010, 47570, 35054, 33989, 35594, 10556, 25775, 16824, 34960, 6787, 13988, 35025, 602, 254]",,,,,,,
d8d09a9d421d,edgeiiot,fine,scaffold_pcl,4,,plugin,0.606647203938515,0.6733620814029913,0.7088021098134992,0.6577868180443515,0.7743517721093552,0.5367313996392401,0.7142248839141466,"[0.35170551165349606, 0.9213303325831458, 0.985718492343934, 0.5940653411929264, 0.06862442040185471, 0.7493603621334383, 0.9504983388704319, 0.5354812398042414, 0.907122032486464, 0.6747796474358975, 0.7326783867631851, 0.9949874686716792, 0.7514497100579884, 0.47305389221556887, 0.9411764705882353]",124762,67599,132480,1.4382943449982122,1.5517016649937432,219.9723676400081,222.0748200416565,270.396,1546.140625,332.7255859375,25,0.6062743479134759,"[""Normal"", ""DDoS_UDP"", ""DDoS_ICMP"", ""DDoS_TCP"", ""DDoS_HTTP"", ""SQL_injection"", ""XSS"", ""Uploading"", ""Backdoor"", ""Password"", ""Ransomware"", ""Port_Scanning"", ""Vulnerability_scanner"", ""Fingerprinting"", ""MITM""]","[70012, 70011, 47566, 35050, 33989, 35586, 10552, 25775, 16826, 34959, 6791, 13995, 35025, 605, 256]",,,,,,,
f7b532fd4c37,edgeiiot,fine,scaffold_sfs_pcl,0,,plugin,0.709029104924197,0.809700535445189,0.7519340437756618,0.8040369691061683,0.8164296907587594,0.6207998877570072,0.7831909540796367,"[0.9994998499549865, 1.0, 0.9994110284914968, 1.0, 0.6003091190108192, 0.32998621775940146, 0.9159189099368561, 0.3805381897254689, 0.04792665138570536, 0.7982570369628368, 0.931782945736434, 0.9997495617330328, 0.8576142385761424, 0.5209580838323353, 0.8970588235294118]",124756,67599,132480,1.0939783150024596,1.151452315007191,215.75422957699993,217.61751413345337,270.41128,1557.69140625,339.7998046875,40,0.6955656661532147,"[""Normal"", ""DDoS_UDP"", ""DDoS_ICMP"", ""DDoS_TCP"", ""DDoS_HTTP"", ""SQL_injection"", ""XSS"", ""Uploading"", ""Backdoor"", ""Password"", ""Ransomware"", ""Port_Scanning"", ""Vulnerability_scanner"", ""Fingerprinting"", ""MITM""]","[70011, 70013, 47567, 35050, 33989, 35592, 10555, 25772, 16831, 34962, 6788, 13988, 35028, 604, 257]",,,,,,,
224489750a9c,edgeiiot,fine,scaffold_sfs_pcl,1,,plugin,0.7369841032435537,0.8320228906682056,0.7331010132923513,0.8241658275021027,0.6060746337665026,0.5991652631426737,0.7598785309519654,"[0.9996999249812453, 1.0, 0.9998527571228741, 1.0, 0.8629572385368367, 0.7148199173391064, 0.835438829787234, 0.23042414355628058, 0.8932139883430474, 0.5036057692307693, 0.11162790697674418, 0.49561733032807415, 0.8720255948810238, 0.5207100591715976, 0.9565217391304348]",124767,67599,132480,1.120290284998191,1.1678909800048132,221.59934464600155,223.5646378993988,270.41128,1552.71875,327.10546875,30,0.7352593766837502,"[""Normal"", ""DDoS_UDP"", ""DDoS_ICMP"", ""DDoS_TCP"", ""DDoS_HTTP"", ""SQL_injection"", ""XSS"", ""Uploading"", ""Backdoor"", ""Password"", ""Ransomware"", ""Port_Scanning"", ""Vulnerability_scanner"", ""Fingerprinting"", ""MITM""]","[70010, 70008, 47566, 35054, 33988, 35585, 10555, 25776, 16821, 34960, 6790, 13989, 35025, 600, 254]",,,,,,,
edda09313d05,edgeiiot,fine,scaffold_sfs_pcl,2,,plugin,0.6675932414742926,0.7991087529754988,0.6937905084231083,0.7759779396652288,0.698779670676303,0.49876515131419236,0.7591322186485028,"[0.9996499124781195, 1.0, 0.9997791844545856, 1.0, 0.8845955692941783, 0.9414254774561922, 0.4993355481727575, 0.15343843435716228, 0.0, 0.26036866359447003, 0.9436692506459948, 0.4903581267217631, 0.882123575284943, 0.4970414201183432, 0.855072463768116]",124769,67599,132480,1.347946209998554,1.2618875600037427,212.7414839330031,214.73275303840637,270.41128,1548.97265625,337.896484375,50,0.6672161386564323,"[""Normal"", ""DDoS_UDP"", ""DDoS_ICMP"", ""DDoS_TCP"", ""DDoS_HTTP"", ""SQL_injection"", ""XSS"", ""Uploading"", ""Backdoor"", ""Password"", ""Ransomware"", ""Port_Scanning"", ""Vulnerability_scanner"", ""Fingerprinting"", ""MITM""]","[70012, 70013, 47562, 35049, 33988, 35593, 10552, 25773, 16824, 34964, 6788, 13989, 35024, 600, 254]",,,,,,,
7d1f5d96e4ad,edgeiiot,fine,scaffold_sfs_pcl,3,,plugin,0.6912433550552542,0.824570965957822,0.695794920866493,0.8046557160243203,0.41765265021364695,0.613066671645806,0.7332811093171532,"[0.9991997199019657, 1.0, 0.9988218835137325, 1.0, 0.8631492168178071, 0.19265603465249065, 0.30518617021276595, 0.4171537311404105, 0.9656393169512703, 0.8656716417910447, 0.0, 0.5085127691537306, 0.9555088982203559, 0.4523809523809524, 0.9130434782608695]",124757,67599,132480,1.382298604994503,1.1609047049932997,216.39078153999435,218.40730905532837,270.41128,1547.3515625,337.4296875,25,0.6983888121556562,"[""Normal"", ""DDoS_UDP"", ""DDoS_ICMP"", ""DDoS_TCP"", ""DDoS_HTTP"", ""SQL_injection"", ""XSS"", ""Uploading"", ""Backdoor"", ""Password"", ""Ransomware"", ""Port_Scanning"", ""Vulnerability_scanner"", ""Fingerprinting"", ""MITM""]","[70014, 70010, 47570, 35054, 33989, 35594, 10556, 25775, 16824, 34960, 6787, 13988, 35025, 602, 254]",,,,,,,
7ac5b0a7993d,edgeiiot,fine,scaffold_sfs_pcl,4,,plugin,0.6963805518066578,0.7864253538737757,0.7107323297014367,0.7864792864076926,0.7079486695616852,0.5976325398810974,0.7524196377689297,"[0.9997499249774933, 1.0, 0.9996319199057715, 1.0, 0.33766099948480166, 0.5387718952962015, 0.998671096345515, 0.8110386079390973, 0.5, 0.31260016025641024, 0.44777662874870733, 0.5010025062656641, 0.8287342531493701, 0.5029940119760479, 0.8823529411764706]",124762,67599,132480,1.4120958999956201,1.6791736599952856,220.4224164269981,222.48037242889404,270.41128,1547.17578125,332.7255859375,50,0.6945632969007848,"[""Normal"", ""DDoS_UDP"", ""DDoS_ICMP"", ""DDoS_TCP"", ""DDoS_HTTP"", ""SQL_injection"", ""XSS"", ""Uploading"", ""Backdoor"", ""Password"", ""Ransomware"", ""Port_Scanning"", ""Vulnerability_scanner"", ""Fingerprinting"", ""MITM""]","[70012, 70011, 47566, 35050, 33989, 35586, 10552, 25775, 16826, 34959, 6791, 13995, 35025, 605, 256]",,,,,,,
12284ca46234,edgeiiot,grouped,scaffold_pcl,0,,plugin,0.7174159991157542,0.7379043893680465,0.7762408951970009,0.7445950027467089,0.9589718240237272,0.5185876063707149,0.7759072885803586,"[0.5028008402520756, 0.7610290668217898, 0.9751035322777101, 0.5005682837829755, 0.9179436480474543, 1.0]",124756,67014,131328,1.6837106950060843,1.3630752700009907,216.77253926199955,218.90419030189514,268.056,1561.9921875,339.73876953125,50,0.699597405444869,"[""Normal"", ""DDoS"", ""Injection"", ""Malware"", ""InformationGathering"", ""MITM""]","[70011, 186619, 71919, 58581, 49620, 257]",,,,,,,
44cbea1c31a1,edgeiiot,grouped,scaffold_pcl,1,,plugin,0.7580671465767761,0.7729367541096605,0.7917606232904367,0.7820146892877333,0.9609476361790864,0.49081315918739604,0.7770329854092496,"[0.6663165791447861, 0.8455432538937887, 0.7107570885705934, 0.6060515457752795, 0.9363880259813612, 0.9855072463768116]",124767,67014,131328,1.3290633799988427,1.3634339300006104,217.89852391000022,219.96905136108398,268.056,1557.19140625,327.04443359375,35,0.749580453648579,"[""Normal"", ""DDoS"", ""Injection"", ""Malware"", ""InformationGathering"", ""MITM""]","[70010, 186616, 71916, 58571, 49614, 254]",,,,,,,
78218a0a4821,edgeiiot,grouped,scaffold_pcl,2,,plugin,0.672828746703714,0.6700622750843559,0.726101699746835,0.6835662200096925,0.7788530014857016,0.49715447104594507,0.7614268376155408,"[0.742335583895974, 0.5931888544891641, 0.9154730585598753, 0.5479066985645933, 0.6446625247105338, 0.9130434782608695]",124769,67014,131328,1.3663731750057195,1.169862889992146,212.74206165000942,214.6535360813141,268.056,1553.3984375,337.83544921875,20,0.6840795504941745,"[""Normal"", ""DDoS"", ""Injection"", ""Malware"", ""InformationGathering"", ""MITM""]","[70012, 186612, 71918, 58576, 49613, 254]",,,,,,,
4e4b16ea3382,edgeiiot,grouped,scaffold_pcl,3,,plugin,0.6919082943611424,0.7559896438676788,0.7602281015071993,0.7487528299711225,0.9599689353290031,0.5796142820742435,0.8027985415737255,"[0.32761466513279647, 0.8999211830055547, 0.8074355601032988, 0.6064593301435407, 0.9199378706580063, 1.0]",124757,67014,131328,1.3673988400023518,1.230915645001005,213.22825022000507,215.14803981781006,268.056,1553.53515625,337.36865234375,40,0.6947390887042427,"[""Normal"", ""DDoS"", ""Injection"", ""Malware"", ""InformationGathering"", ""MITM""]","[70014, 186623, 71925, 58571, 49615, 254]",,,,,,,
1dbd95cba251,edgeiiot,grouped,scaffold_pcl,4,,plugin,0.6206246464866731,0.6132716692582677,0.7251975915118383,0.616449867827422,0.9244416355425567,0.46932018132479875,0.714492731261146,"[0.3599079723917175, 0.4986583603850412, 0.6695732657833203, 0.9741626794258373, 0.8930009181439367, 0.9558823529411765]",124762,67014,131328,1.4708071799941536,1.4899192999928346,221.981024521996,224.0303475856781,268.056,1551.95703125,332.66455078125,20,0.6287186481399657,"[""Normal"", ""DDoS"", ""Injection"", ""Malware"", ""InformationGathering"", ""MITM""]","[70012, 186616, 71913, 58576, 49625, 256]",,,,,,,
3dcd8b510977,edgeiiot,grouped,scaffold_sfs_pcl,0,,plugin,0.8507195874442743,0.8582753534900125,0.858554157780414,0.8612921373791392,0.9100434291363604,0.7295805626239152,0.8493810897380429,"[0.9997999399819946, 0.8525079281679834, 0.997563946406821, 0.48136627385296404, 0.9230280347433091, 0.8970588235294118]",124756,67014,131328,1.280505290005749,1.4147133149981528,216.98227043399856,218.97920656204224,268.07128,1562.57421875,339.73876953125,50,0.8494270547094444,"[""Normal"", ""DDoS"", ""Injection"", ""Malware"", ""InformationGathering"", ""MITM""]","[70011, 186619, 71919, 58581, 49620, 257]",,,,,,,
1f7dadfdcfcc,edgeiiot,grouped,scaffold_sfs_pcl,1,,plugin,0.8697377860747723,0.890307533241963,0.8782253683489283,0.8901960015317437,0.9296870203700748,0.6951990029825976,0.8453218255279111,"[0.9997499374843711, 0.9360855695252392, 0.973155997271753, 0.5009866650720565, 0.9028523016097147, 0.9565217391304348]",124767,67014,131328,1.2101719200018124,1.1084643649974169,204.1178042190004,205.93971252441406,268.07128,1558.37890625,327.04443359375,35,0.8646103721977433,"[""Normal"", ""DDoS"", ""Injection"", ""Malware"", ""InformationGathering"", ""MITM""]","[70010, 186616, 71916, 58571, 49614, 254]",,,,,,,
70cd07c98d62,edgeiiot,grouped,scaffold_sfs_pcl,2,,plugin,0.802816955862089,0.794315895775393,0.8097692040611704,0.8040834024138689,0.8180332666200083,0.5845173703017584,0.8048091481341219,"[0.9999499874968742, 0.7402007693029364, 0.9869433888726493, 0.4954545454545455, 0.7809940694719006, 0.855072463768116]",124769,67014,131328,1.188284495001426,1.3899797799967928,203.46719998400295,205.3192002773285,268.07128,1553.85546875,337.83544921875,40,0.8052954636154404,"[""Normal"", ""DDoS"", ""Injection"", ""Malware"", ""InformationGathering"", ""MITM""]","[70012, 186612, 71918, 58576, 49613, 254]",,,,,,,
a1e9288c7514,edgeiiot,grouped,scaffold_sfs_pcl,3,,plugin,0.8252511473243355,0.8417884367209856,0.8534068162707825,0.8476795196277176,0.9135254104097343,0.49006148776232267,0.8027670306760903,"[0.9988495973590756, 0.8172008707401291, 0.9970764508112849, 0.48026315789473684, 0.9140073425585993, 0.9130434782608695]",124757,67014,131328,1.1758887500036508,1.1481587549951655,201.13919953899494,202.90118622779846,268.07128,1552.4375,337.36865234375,45,0.8430909507054843,"[""Normal"", ""DDoS"", ""Injection"", ""Malware"", ""InformationGathering"", ""MITM""]","[70014, 186623, 71925, 58571, 49615, 254]",,,,,,,
2614c6f036fc,edgeiiot,grouped,scaffold_sfs_pcl,4,,plugin,0.8513749834140231,0.8774226126544942,0.8572905872774536,0.8821617735479567,0.8781776712379987,0.6160796948039207,0.8314173554979611,"[0.9993498049414824, 0.9289024825023924, 0.8277961808261887, 0.6313397129186603, 0.8740024012995268, 0.8823529411764706]",124762,67014,131328,1.0914353550015221,1.1023132399986935,206.70965949300444,208.38041400909424,268.07128,1552.19921875,332.66455078125,25,0.8577986698334138,"[""Normal"", ""DDoS"", ""Injection"", ""Malware"", ""InformationGathering"", ""MITM""]","[70012, 186616, 71913, 58576, 49625, 256]",,,,,,,
63ad8fbc008c,ciciot2023,fine,scaffold_sfs,100,0.01,diag_scaffold_sfs,0.4836506957466523,0.6709636654012826,0.5136195208437456,0.6386791250653197,0.11491982333818826,0.4318804622693948,0.6026341705209914,"[0.9990996398559424, 0.9964982491245623, 0.04192096048024012, 0.9978989494747373, 0.3522761380690345, 0.9967980788473084, 0.9926956173704222, 0.9827510917030567, 0.9606609808102345, 0.9738869434717359, 0.871261378413524, 0.6043243243243244, 0.26803401700850427, 0.08615169101460876, 0.8603581074322296, 0.8569587628865979, 0.23707112133640093, 0.7574029611844738, 0.9928971588635455, 0.0, 0.06689698492462312, 0.6096919609316304, 0.8974145120934112, 0.5262430939226519, 0.200991283541275, 0.7284185255576673, 0.44144414441444146, 0.0, 0.0, 0.0, 0.0, 0.0, 0.0, 0.1630170316301703]",200993,56290,109824,1.1110088050008926,1.2255505050006832,335.37452695800175,337.37745547294617,225.16744,1498.3515625,291.8017578125,30,0.4843712627746549,"[""DDoS-RSTFINFlood"", ""DDoS-PSHACK_Flood"", ""DDoS-SYN_Flood"", ""DDoS-UDP_Flood"", ""DDoS-TCP_Flood"", ""DDoS-ICMP_Flood"", ""DDoS-SynonymousIP_Flood"", ""DDoS-ACK_Fragmentation"", ""DDoS-UDP_Fragmentation"", ""DDoS-ICMP_Fragmentation"", ""DDoS-SlowLoris"", ""DDoS-HTTP_Flood"", ""DoS-UDP_Flood"", ""DoS-SYN_Flood"", ""DoS-TCP_Flood"", ""DoS-HTTP_Flood"", ""Mirai-greeth_flood"", ""Mirai-greip_flood"", ""Mirai-udpplain"", ""Recon-PingSweep"", ""Recon-OSScan"", ""Recon-PortScan"", ""VulnerabilityScan"", ""Recon-HostDiscovery"", ""DNS_Spoofing"", ""MITM-ArpSpoofing"", ""BenignTraffic"", ""BrowserHijacking"", ""Backdoor_Malware"", ""XSS"", ""Uploading_Attack"", ""SqlInjection"", ""CommandInjection"", ""DictionaryBruteForce""]","[35009, 35010, 35009, 35012, 35011, 35012, 35012, 32099, 32855, 35011, 2716, 3254, 35011, 35010, 35006, 8180, 35006, 35008, 35006, 242, 11161, 9331, 4210, 15216, 20504, 35006, 35003, 650, 398, 418, 145, 605, 595, 1442]",,,,,,,
50ba1d47c828,ciciot2023,fine,scaffold_sfs,100,0.02,diag_scaffold_sfs,0.47933284226545386,0.6612319832033952,0.5089701117188802,0.6274464784079814,0.1160757256644417,0.4512137783349712,0.6162706081953677,"[0.9986994797919168, 0.9960980490245123, 0.02541270635317659, 0.9980990495247624, 0.9707853926963482, 0.9973984390634381, 0.9861917150290174, 0.9812227074235808, 0.9834754797441365, 0.9745872936468234, 0.881664499349805, 0.6205405405405405, 0.26643321660830416, 0.21052631578947367, 0.24967490247074123, 0.877147766323024, 0.47584275282584776, 0.5383153261304522, 0.9925970388155262, 0.0, 0.4356155778894472, 0.3827948910593539, 0.914095079232694, 0.3305709023941068, 0.21893693385746027, 0.7859357807342202, 0.049304930493049307, 0.0, 0.0, 0.0, 0.0, 0.0, 0.0, 0.1630170316301703]",200993,56290,109824,1.1333002599985775,1.4028301499979534,341.7614575039979,343.7637813091278,225.16744,1497.953125,291.8017578125,30,0.4797384414167083,"[""DDoS-RSTFINFlood"", ""DDoS-PSHACK_Flood"", ""DDoS-SYN_Flood"", ""DDoS-UDP_Flood"", ""DDoS-TCP_Flood"", ""DDoS-ICMP_Flood"", ""DDoS-SynonymousIP_Flood"", ""DDoS-ACK_Fragmentation"", ""DDoS-UDP_Fragmentation"", ""DDoS-ICMP_Fragmentation"", ""DDoS-SlowLoris"", ""DDoS-HTTP_Flood"", ""DoS-UDP_Flood"", ""DoS-SYN_Flood"", ""DoS-TCP_Flood"", ""DoS-HTTP_Flood"", ""Mirai-greeth_flood"", ""Mirai-greip_flood"", ""Mirai-udpplain"", ""Recon-PingSweep"", ""Recon-OSScan"", ""Recon-PortScan"", ""VulnerabilityScan"", ""Recon-HostDiscovery"", ""DNS_Spoofing"", ""MITM-ArpSpoofing"", ""BenignTraffic"", ""BrowserHijacking"", ""Backdoor_Malware"", ""XSS"", ""Uploading_Attack"", ""SqlInjection"", ""CommandInjection"", ""DictionaryBruteForce""]","[35009, 35010, 35009, 35012, 35011, 35012, 35012, 32099, 32855, 35011, 2716, 3254, 35011, 35010, 35006, 8180, 35006, 35008, 35006, 242, 11161, 9331, 4210, 15216, 20504, 35006, 35003, 650, 398, 418, 145, 605, 595, 1442]",,,,,,,
4d4b1bbccc54,ciciot2023,fine,scaffold_sfs,100,0.05,diag_scaffold_sfs,0.49807225240274206,0.6872179628146254,0.5265139618217972,0.6506294491294041,0.11996521159854101,0.4633231707788603,0.6325810547421999,"[0.9990996398559424, 0.9973986993496748, 0.0009004502251125563, 0.9964982491245623, 0.8838419209604802, 0.998198919351611, 0.8416049629777866, 0.9879912663755459, 0.9801705756929637, 0.9753876938469235, 0.8673602080624188, 0.6075675675675676, 0.27373686843421713, 0.6842105263157895, 0.5692707812343704, 0.8715635738831615, 0.10593177953386015, 0.881452581032413, 0.9926970788315326, 0.0, 0.43655778894472363, 0.5082644628099173, 0.9090909090909091, 0.2868324125230203, 0.1963766877456845, 0.7934380314094228, 0.043704370437043706, 0.0, 0.0, 0.02564102564102564, 0.0, 0.023668639053254437, 0.0, 0.1630170316301703]",200993,56290,109824,1.1762929499991515,1.254840004999096,334.4584541269992,336.46551537513733,225.16744,1498.3125,291.8017578125,40,0.5002906555130466,"[""DDoS-RSTFINFlood"", ""DDoS-PSHACK_Flood"", ""DDoS-SYN_Flood"", ""DDoS-UDP_Flood"", ""DDoS-TCP_Flood"", ""DDoS-ICMP_Flood"", ""DDoS-SynonymousIP_Flood"", ""DDoS-ACK_Fragmentation"", ""DDoS-UDP_Fragmentation"", ""DDoS-ICMP_Fragmentation"", ""DDoS-SlowLoris"", ""DDoS-HTTP_Flood"", ""DoS-UDP_Flood"", ""DoS-SYN_Flood"", ""DoS-TCP_Flood"", ""DoS-HTTP_Flood"", ""Mirai-greeth_flood"", ""Mirai-greip_flood"", ""Mirai-udpplain"", ""Recon-PingSweep"", ""Recon-OSScan"", ""Recon-PortScan"", ""VulnerabilityScan"", ""Recon-HostDiscovery"", ""DNS_Spoofing"", ""MITM-ArpSpoofing"", ""BenignTraffic"", ""BrowserHijacking"", ""Backdoor_Malware"", ""XSS"", ""Uploading_Attack"", ""SqlInjection"", ""CommandInjection"", ""DictionaryBruteForce""]","[35009, 35010, 35009, 35012, 35011, 35012, 35012, 32099, 32855, 35011, 2716, 3254, 35011, 35010, 35006, 8180, 35006, 35008, 35006, 242, 11161, 9331, 4210, 15216, 20504, 35006, 35003, 650, 398, 418, 145, 605, 595, 1442]",,,,,,,
68cb5f517926,ciciot2023,fine,scaffold_sfs,100,0.1,diag_scaffold_sfs,0.48227523089874724,0.6640977546481718,0.5127219720913446,0.6199063184003374,0.12634623044388307,0.48210824497212806,0.6053504379546194,"[0.9990996398559424, 0.9978989494747373, 0.0032016008004002003, 0.9970985492746374, 0.9927963981990996, 0.9979987992795677, 0.9975985591354813, 0.9561135371179039, 0.9835820895522388, 0.9777888944472236, 0.7347204161248374, 0.6767567567567567, 0.27383691845922964, 0.09055433259955974, 0.020406121836550967, 0.8969072164948454, 0.7632289686906072, 0.3089235694277711, 0.9740896358543417, 0.07692307692307693, 0.3454773869346734, 0.3001502629601803, 0.9049207673060884, 0.4076887661141805, 0.1984276192103914, 0.812743823146944, 0.41814181418141816, 0.0, 0.0, 0.02564102564102564, 0.0, 0.15384615384615385, 0.0, 0.145985401459854]",200993,56290,109824,1.452755504999459,1.1746482500007005,337.17465972400123,339.27781915664673,225.16744,1498.86328125,291.8017578125,30,0.48012330937845604,"[""DDoS-RSTFINFlood"", ""DDoS-PSHACK_Flood"", ""DDoS-SYN_Flood"", ""DDoS-UDP_Flood"", ""DDoS-TCP_Flood"", ""DDoS-ICMP_Flood"", ""DDoS-SynonymousIP_Flood"", ""DDoS-ACK_Fragmentation"", ""DDoS-UDP_Fragmentation"", ""DDoS-ICMP_Fragmentation"", ""DDoS-SlowLoris"", ""DDoS-HTTP_Flood"", ""DoS-UDP_Flood"", ""DoS-SYN_Flood"", ""DoS-TCP_Flood"", ""DoS-HTTP_Flood"", ""Mirai-greeth_flood"", ""Mirai-greip_flood"", ""Mirai-udpplain"", ""Recon-PingSweep"", ""Recon-OSScan"", ""Recon-PortScan"", ""VulnerabilityScan"", ""Recon-HostDiscovery"", ""DNS_Spoofing"", ""MITM-ArpSpoofing"", ""BenignTraffic"", ""BrowserHijacking"", ""Backdoor_Malware"", ""XSS"", ""Uploading_Attack"", ""SqlInjection"", ""CommandInjection"", ""DictionaryBruteForce""]","[35009, 35010, 35009, 35012, 35011, 35012, 35012, 32099, 32855, 35011, 2716, 3254, 35011, 35010, 35006, 8180, 35006, 35008, 35006, 242, 11161, 9331, 4210, 15216, 20504, 35006, 35003, 650, 398, 418, 145, 605, 595, 1442]",,,,,,,
f18eadc4f7d7,edgeiiot,fine,scaffold_sfs,100,0.01,diag_scaffold_sfs,0.6113167935489596,0.7750891676351541,0.6724537590417777,0.7461184523378089,0.4818840579710145,0.5377641265151998,0.734224520499686,"[0.9991497874468617, 1.0, 1.0, 1.0, 0.0, 0.925, 1.0, 0.25169883120413156, 0.9635568513119533, 0.19402985074626866, 0.0, 1.0, 0.8258348330333933, 0.0, 0.927536231884058]",124765,67599,132480,1.2974070700010998,1.4071249700009503,200.61943926400136,202.58730149269104,270.41128,1527.16796875,335.302734375,15,0.6112308103566736,"[""Normal"", ""DDoS_UDP"", ""DDoS_ICMP"", ""DDoS_TCP"", ""DDoS_HTTP"", ""SQL_injection"", ""XSS"", ""Uploading"", ""Backdoor"", ""Password"", ""Ransomware"", ""Port_Scanning"", ""Vulnerability_scanner"", ""Fingerprinting"", ""MITM""]","[70011, 70010, 47569, 35051, 33987, 35589, 10553, 25772, 16825, 34961, 6790, 13991, 35024, 600, 255]",,,,,,,
8e0789546fd0,edgeiiot,fine,scaffold_sfs,100,0.02,diag_scaffold_sfs,0.6138715110423321,0.7679076664128561,0.6686722257425461,0.7510132990367079,0.48201332374143846,0.5407158029686767,0.7344088418425925,"[0.9989497374343586, 1.0, 1.0, 0.9998001798381456, 0.0, 0.7847440944881889, 1.0, 0.36382169067681436, 0.963765097875885, 0.3407793248522488, 0.000517063081695967, 1.0, 0.6501699660067987, 0.0, 0.927536231884058]",124765,67599,132480,1.5691388000004736,1.4940844700004163,199.38091886300026,201.4972026348114,270.41128,1527.3125,335.302734375,15,0.6117786816396509,"[""Normal"", ""DDoS_UDP"", ""DDoS_ICMP"", ""DDoS_TCP"", ""DDoS_HTTP"", ""SQL_injection"", ""XSS"", ""Uploading"", ""Backdoor"", ""Password"", ""Ransomware"", ""Port_Scanning"", ""Vulnerability_scanner"", ""Fingerprinting"", ""MITM""]","[70011, 70010, 47569, 35051, 33987, 35589, 10553, 25772, 16825, 34961, 6790, 13991, 35024, 600, 255]",,,,,,,
1d7188af198e,edgeiiot,fine,scaffold_sfs,100,0.05,diag_scaffold_sfs,0.6361793400213049,0.7321043561896365,0.6880502497457271,0.7136135853073456,0.7128502413980896,0.5533406863276061,0.7326918978235106,"[0.999299824956239, 1.0, 0.9991901045501399, 0.5833749625337197, 0.0, 0.27578740157480314, 1.0, 0.15235118238651807, 0.8386089129529363, 0.7708103776419913, 0.33660806618407446, 1.0, 0.8499300139972006, 0.514792899408284, 1.0]",124765,67599,132480,1.1115654500008532,1.1645533800015073,199.4889794210012,201.32269978523254,270.41128,1526.94921875,335.302734375,45,0.6355937226370542,"[""Normal"", ""DDoS_UDP"", ""DDoS_ICMP"", ""DDoS_TCP"", ""DDoS_HTTP"", ""SQL_injection"", ""XSS"", ""Uploading"", ""Backdoor"", ""Password"", ""Ransomware"", ""Port_Scanning"", ""Vulnerability_scanner"", ""Fingerprinting"", ""MITM""]","[70011, 70010, 47569, 35051, 33987, 35589, 10553, 25772, 16825, 34961, 6790, 13991, 35024, 600, 255]",,,,,,,
8349d25fc73a,edgeiiot,fine,scaffold_sfs,100,0.1,diag_scaffold_sfs,0.6286598966425843,0.7382038231875927,0.684968531898527,0.7087476175117904,0.6520397479428002,0.5549070245421122,0.7190611164259526,"[0.9995998999749938, 1.0, 0.9998527462818436, 0.5833749625337197, 0.0, 0.060728346456692915, 0.9993355481727575, 0.3734710519162816, 0.8881715951686797, 0.9066412901933286, 0.16649431230610134, 1.0, 0.8545290941811637, 0.514792899408284, 0.927536231884058]",124765,67599,132480,1.0880604700014374,1.1037210700010291,200.0039530389995,201.78483033180237,270.41128,1528.47265625,335.302734375,45,0.6280907571688701,"[""Normal"", ""DDoS_UDP"", ""DDoS_ICMP"", ""DDoS_TCP"", ""DDoS_HTTP"", ""SQL_injection"", ""XSS"", ""Uploading"", ""Backdoor"", ""Password"", ""Ransomware"", ""Port_Scanning"", ""Vulnerability_scanner"", ""Fingerprinting"", ""MITM""]","[70011, 70010, 47569, 35051, 33987, 35589, 10553, 25772, 16825, 34961, 6790, 13991, 35024, 600, 255]",,,,,,,
